id,title,rank,university,university_full,department,deadline,deadline_note,is_new,date_added,date_posted,reference,position_type,salary,start_date,apply_url
POLYU-260925018,Associate Professor / Assistant Professor in Design,Associate Professor,PolyU,Hong Kong Polytechnic University,School of Design,2026-10-31,,FALSE,2026-09-26,2026-09-25,260925018,Full-time,,,https://jobs.polyu.edu.hk/job_detail.php?job=260925018
POLYU-260921002,Associate Professor in Fashion and Textile Technology,Associate Professor,PolyU,Hong Kong Polytechnic University,School of Fashion and Textiles,2026-09-30,,FALSE,2026-09-22,2026-09-21,260921002,Full-time,,,https://jobs.polyu.edu.hk/job_detail.php?job=260921002
POLYU-260915003,Chair Professor / Professor / Associate Professor / Assistant Professor in Sustainable Ocean Science and Engineering under Strategic Hiring Scheme,Professor,PolyU,Hong Kong Polytechnic University,Department of Civil and Environmental Engineering,2026-10-14,,FALSE,2026-09-16,2026-09-15,260915003,Full-time,,,https://jobs.polyu.edu.hk/job_detail.php?job=260915003
POLYU-260904007,"Associate Professor / Assistant Professor in Hospitality Management, Tourism Management, Event Management or Information Technology in Hospitality & Tourism",Associate Professor,PolyU,Hong Kong Polytechnic University,School of Hotel and Tourism Management,2026-09-15,,FALSE,2026-09-05,2026-09-04,260904007,Full-time,,,https://jobs.polyu.edu.hk/job_detail.php?job=260904007
POLYU-260903016,Instructor,Senior Lecturer/Lecturer,PolyU,Hong Kong Polytechnic University,School of Hotel and Tourism Management,2026-09-15,,FALSE,2026-09-04,2026-09-03,260903016,Full-time,,,https://jobs.polyu.edu.hk/job_detail.php?job=260903016
POLYU-260901009,Professor in Construction Automation,Professor,PolyU,Hong Kong Polytechnic University,Department of Construction Management and Intelligence,2026-09-15,,FALSE,2026-09-02,2026-09-01,260901009,Full-time,,,https://jobs.polyu.edu.hk/job_detail.php?job=260901009
POLYU-260818012,Assistant Professor in Language Neuroscience and Neurotechnology,Assistant Professor,PolyU,Hong Kong Polytechnic University,Department of Language Science and Technology,2026-09-17,,FALSE,2026-08-19,2026-08-18,260818012,Full-time,,,https://jobs.polyu.edu.hk/job_detail.php?job=260818012
POLYU-260925019,Research Assistant Professor,Assistant Professor,PolyU,Hong Kong Polytechnic University,School of Optometry,2026-10-02,,FALSE,2026-09-26,2026-09-25,260925019,Full-time,,,https://jobs.polyu.edu.hk/job_detail.php?job=260925019
POLYU-260918010,Research Assistant Professor in Space Edge Computing,Assistant Professor,PolyU,Hong Kong Polytechnic University,Department of Land Surveying and Geospatial Science,2026-11-01,,FALSE,2026-09-19,2026-09-18,260918010,Full-time,,,https://jobs.polyu.edu.hk/job_detail.php?job=260918010
POLYU-260909006,Research Assistant Professor,Assistant Professor,PolyU,Hong Kong Polytechnic University,Department of Biomedical Engineering,2026-09-16,,FALSE,2026-09-10,2026-09-09,260909006,Full-time,,,https://jobs.polyu.edu.hk/job_detail.php?job=260909006
POLYU-260909001,Research Assistant Professor in Smart Manufacturing,Assistant Professor,PolyU,Hong Kong Polytechnic University,Department of Industrial and Systems Engineering,2026-09-16,,FALSE,2026-09-10,2026-09-09,260909001,Full-time,,,https://jobs.polyu.edu.hk/job_detail.php?job=260909001
POLYU-260904022,Research Assistant Professor in Smart Cities and Urban Informatics,Assistant Professor,PolyU,Hong Kong Polytechnic University,Department of Land Surveying and Geospatial Science,2026-10-16,,FALSE,2026-09-05,2026-09-04,260904022,Full-time,,,https://jobs.polyu.edu.hk/job_detail.php?job=260904022
POLYU-260925023,Research Assistant (Full-time/Part-time),Research Assistant/Associate,PolyU,Hong Kong Polytechnic University,Department of Industrial and Systems Engineering,2026-10-30,,FALSE,2026-09-26,2026-09-25,260925023,Full-time,,,https://jobs.polyu.edu.hk/job_detail.php?job=260925023
POLYU-260925022,Postdoctoral Fellow / Research Associate / Research Assistant,Postdoctoral,PolyU,Hong Kong Polytechnic University,Department of Industrial and Systems Engineering,2027-03-12,,FALSE,2026-09-26,2026-09-25,260925022,Full-time,,,https://jobs.polyu.edu.hk/job_detail.php?job=260925022
POLYU-260925021,Postdoctoral Fellow / Research Associate / Research Assistant (Full-time/Part-time),Postdoctoral,PolyU,Hong Kong Polytechnic University,Department of Industrial and Systems Engineering,2026-10-02,,FALSE,2026-09-26,2026-09-25,260925021,Full-time,,,https://jobs.polyu.edu.hk/job_detail.php?job=260925021
POLYU-260925020,Postdoctoral Fellow / Research Associate (Full-time/Part-time),Postdoctoral,PolyU,Hong Kong Polytechnic University,Department of Industrial and Systems Engineering,2026-10-02,,FALSE,2026-09-26,2026-09-25,260925020,Full-time,,,https://jobs.polyu.edu.hk/job_detail.php?job=260925020
POLYU-260925017,Part-time Research Assistant,Research Assistant/Associate,PolyU,Hong Kong Polytechnic University,Department of Management and Marketing,2026-10-10,,FALSE,2026-09-26,2026-09-25,260925017,Full-time,,,https://jobs.polyu.edu.hk/job_detail.php?job=260925017
POLYU-260925014,Postdoctoral Fellow / Research Associate / Research Assistant,Postdoctoral,PolyU,Hong Kong Polytechnic University,Department of Health Technology and Informatics,2026-11-20,,FALSE,2026-09-26,2026-09-25,260925014,Full-time,,,https://jobs.polyu.edu.hk/job_detail.php?job=260925014
POLYU-260925013,Part-time Research Assistant,Research Assistant/Associate,PolyU,Hong Kong Polytechnic University,Department of Applied Social Sciences,2026-10-02,,FALSE,2026-09-26,2026-09-25,260925013,Full-time,,,https://jobs.polyu.edu.hk/job_detail.php?job=260925013
POLYU-260925012,Part-time Research Assistant,Research Assistant/Associate,PolyU,Hong Kong Polytechnic University,Department of Applied Social Sciences,2026-10-02,,FALSE,2026-09-26,2026-09-25,260925012,Full-time,,,https://jobs.polyu.edu.hk/job_detail.php?job=260925012
POLYU-260925011,Part-time Research Assistant,Research Assistant/Associate,PolyU,Hong Kong Polytechnic University,Department of Applied Social Sciences,2026-10-15,,FALSE,2026-09-26,2026-09-25,260925011,Full-time,,,https://jobs.polyu.edu.hk/job_detail.php?job=260925011
POLYU-260925010,Project Associate / Project Assistant (Full-time/Half-time/Part-time),Non-Academic,PolyU,Hong Kong Polytechnic University,Department of Applied Social Sciences,2026-10-02,,FALSE,2026-09-26,2026-09-25,260925010,Full-time,,,https://jobs.polyu.edu.hk/job_detail.php?job=260925010
POLYU-260925009,Postdoctoral Fellow / Research Associate / Research Assistant (Full-time/Part-time),Postdoctoral,PolyU,Hong Kong Polytechnic University,Department of Mechanical Engineering,2027-03-19,,FALSE,2026-09-26,2026-09-25,260925009,Full-time,,,https://jobs.polyu.edu.hk/job_detail.php?job=260925009
POLYU-260925008,Postdoctoral Fellow / Research Associate / Research Assistant (Full-time/Part-time),Postdoctoral,PolyU,Hong Kong Polytechnic University,Department of Mechanical Engineering,2027-03-19,,FALSE,2026-09-26,2026-09-25,260925008,Full-time,,,https://jobs.polyu.edu.hk/job_detail.php?job=260925008
POLYU-260925007,Research Assistant,Research Assistant/Associate,PolyU,Hong Kong Polytechnic University,Department of Aeronautical and Aviation Engineering,2026-10-09,,FALSE,2026-09-26,2026-09-25,260925007,Full-time,,,https://jobs.polyu.edu.hk/job_detail.php?job=260925007
POLYU-260925006,Part-time Project Technical Assistant,Non-Academic,PolyU,Hong Kong Polytechnic University,Department of Aeronautical and Aviation Engineering,2026-10-05,,FALSE,2026-09-26,2026-09-25,260925006,Full-time,,,https://jobs.polyu.edu.hk/job_detail.php?job=260925006
POLYU-260925005,Research Assistant,Research Assistant/Associate,PolyU,Hong Kong Polytechnic University,Department of Aeronautical and Aviation Engineering,2026-10-02,,FALSE,2026-09-26,2026-09-25,260925005,Full-time,,,https://jobs.polyu.edu.hk/job_detail.php?job=260925005
POLYU-260925004,Postdoctoral Fellow,Postdoctoral,PolyU,Hong Kong Polytechnic University,School of Nursing,2026-10-02,,FALSE,2026-09-26,2026-09-25,260925004,Full-time,,,https://jobs.polyu.edu.hk/job_detail.php?job=260925004
POLYU-260925002,Part-time Research Fellow,Postdoctoral,PolyU,Hong Kong Polytechnic University,Department of Industrial and Systems Engineering,2026-10-02,,FALSE,2026-09-26,2026-09-25,260925002,Full-time,,,https://jobs.polyu.edu.hk/job_detail.php?job=260925002
POLYU-260925001,Postdoctoral Fellow,Postdoctoral,PolyU,Hong Kong Polytechnic University,Department of Industrial and Systems Engineering,2026-10-09,,FALSE,2026-09-26,2026-09-25,260925001,Full-time,,,https://jobs.polyu.edu.hk/job_detail.php?job=260925001
POLYU-260924009,Research Assistant,Research Assistant/Associate,PolyU,Hong Kong Polytechnic University,Department of Health Technology and Informatics,2026-10-02,,FALSE,2026-09-25,2026-09-24,260924009,Full-time,,,https://jobs.polyu.edu.hk/job_detail.php?job=260924009
POLYU-260924007,Senior Research Fellow / Research Fellow / Postdoctoral Fellow / Research Associate / Research Assistant,Postdoctoral,PolyU,Hong Kong Polytechnic University,Department of Data Science and Artificial Intelligence,2026-10-01,,FALSE,2026-09-25,2026-09-24,260924007,Full-time,,,https://jobs.polyu.edu.hk/job_detail.php?job=260924007
POLYU-260924006,Postdoctoral Fellow,Postdoctoral,PolyU,Hong Kong Polytechnic University,Department of Chemistry,2026-10-06,,FALSE,2026-09-25,2026-09-24,260924006,Full-time,,,https://jobs.polyu.edu.hk/job_detail.php?job=260924006
POLYU-260924005,Research Fellow / Postdoctoral Fellow / Research Associate / Research Assistant (Full-time/Part-time),Postdoctoral,PolyU,Hong Kong Polytechnic University,School of Optometry,2026-10-02,,FALSE,2026-09-25,2026-09-24,260924005,Full-time,,,https://jobs.polyu.edu.hk/job_detail.php?job=260924005
POLYU-260924004,Occupational Therapist II / Part-time Research Associate / Part-time Research Assistant,Research Assistant/Associate,PolyU,Hong Kong Polytechnic University,Department of Rehabilitation Sciences,2026-10-01,,FALSE,2026-09-25,2026-09-24,260924004,Full-time,,,https://jobs.polyu.edu.hk/job_detail.php?job=260924004
POLYU-260924001,Senior Research Fellow,Postdoctoral,PolyU,Hong Kong Polytechnic University,Department of Management and Marketing,2026-10-10,,FALSE,2026-09-25,2026-09-24,260924001,Full-time,,,https://jobs.polyu.edu.hk/job_detail.php?job=260924001
POLYU-260923018,Principal Research Fellow / Senior Research Fellow / Research Fellow / Postdoctoral Fellow / Research Associate / Research Assistant / Research Technical Assistant (Full-time/Part-time),Postdoctoral,PolyU,Hong Kong Polytechnic University,Department of Civil and Environmental Engineering,2026-10-01,,FALSE,2026-09-24,2026-09-23,260923018,Full-time,,,https://jobs.polyu.edu.hk/job_detail.php?job=260923018
POLYU-260923017,Postdoctoral Fellow / Research Associate / Research Assistant,Postdoctoral,PolyU,Hong Kong Polytechnic University,Department of Building Environment and Energy Engineering,2026-09-30,,FALSE,2026-09-24,2026-09-23,260923017,Full-time,,,https://jobs.polyu.edu.hk/job_detail.php?job=260923017
POLYU-260923016,Project Assistant,Non-Academic,PolyU,Hong Kong Polytechnic University,School of Design,2026-09-30,,FALSE,2026-09-24,2026-09-23,260923016,Full-time,,,https://jobs.polyu.edu.hk/job_detail.php?job=260923016
POLYU-260923013,Senior Research Fellow,Postdoctoral,PolyU,Hong Kong Polytechnic University,Department of Life Sciences,2026-09-30,,FALSE,2026-09-24,2026-09-23,260923013,Full-time,,,https://jobs.polyu.edu.hk/job_detail.php?job=260923013
POLYU-260923012,Principal Research Fellow / Senior Research Fellow / Research Fellow / Postdoctoral Fellow / Research Associate / Research Assistant / Research Technical Assistant (Full-time/Part-time),Postdoctoral,PolyU,Hong Kong Polytechnic University,Hong Kong Branch of National Rail Transit Electrification and Automation Engineering Technology Research Center,2026-10-01,,FALSE,2026-09-24,2026-09-23,260923012,Full-time,,,https://jobs.polyu.edu.hk/job_detail.php?job=260923012
POLYU-260923007,Research Fellow / Postdoctoral Fellow / Research Assistant,Postdoctoral,PolyU,Hong Kong Polytechnic University,Department of Chemistry,2026-10-05,,FALSE,2026-09-24,2026-09-23,260923007,Full-time,,,https://jobs.polyu.edu.hk/job_detail.php?job=260923007
POLYU-260923006,Research Associate / Research Assistant (Part-time),Research Assistant/Associate,PolyU,Hong Kong Polytechnic University,Department of Logistics and Maritime Studies,2026-09-30,,FALSE,2026-09-24,2026-09-23,260923006,Full-time,,,https://jobs.polyu.edu.hk/job_detail.php?job=260923006
POLYU-260923005,Research Assistant,Research Assistant/Associate,PolyU,Hong Kong Polytechnic University,Department of Logistics and Maritime Studies,2026-09-30,,FALSE,2026-09-24,2026-09-23,260923005,Full-time,,,https://jobs.polyu.edu.hk/job_detail.php?job=260923005
POLYU-260923002,Research Associate,Research Assistant/Associate,PolyU,Hong Kong Polytechnic University,Department of Industrial and Systems Engineering,2026-10-07,,FALSE,2026-09-24,2026-09-23,260923002,Full-time,,,https://jobs.polyu.edu.hk/job_detail.php?job=260923002
POLYU-260923001,Research Associate / Project Associate / Research Assistant / Project Assistant (Full-time/Part-time),Research Assistant/Associate,PolyU,Hong Kong Polytechnic University,Department of Industrial and Systems Engineering,2026-09-30,,FALSE,2026-09-24,2026-09-23,260923001,Full-time,,,https://jobs.polyu.edu.hk/job_detail.php?job=260923001
POLYU-260922006,Research Assistant (Full-time/Part-time),Research Assistant/Associate,PolyU,Hong Kong Polytechnic University,Department of Electrical and Electronic Engineering,2026-10-01,,FALSE,2026-09-23,2026-09-22,260922006,Full-time,,,https://jobs.polyu.edu.hk/job_detail.php?job=260922006
POLYU-260922003,Research Assistant,Research Assistant/Associate,PolyU,Hong Kong Polytechnic University,School of Nursing,2026-09-29,,FALSE,2026-09-23,2026-09-22,260922003,Full-time,,,https://jobs.polyu.edu.hk/job_detail.php?job=260922003
POLYU-260922002,Senior Research Fellow / Research Fellow / Postdoctoral Fellow / Research Associate / Research Assistant,Postdoctoral,PolyU,Hong Kong Polytechnic University,Department of Applied Mathematics,2026-09-29,,FALSE,2026-09-23,2026-09-22,260922002,Full-time,,,https://jobs.polyu.edu.hk/job_detail.php?job=260922002
POLYU-260922001,Research Associate (Full-time/Part-time),Research Assistant/Associate,PolyU,Hong Kong Polytechnic University,Research Institute for Federated Learning,2026-09-28,,FALSE,2026-09-23,2026-09-22,260922001,Full-time,,,https://jobs.polyu.edu.hk/job_detail.php?job=260922001
POLYU-260921012,Project Associate / Project Assistant (Full-time/Part-time),Non-Academic,PolyU,Hong Kong Polytechnic University,Office of Faculty of Business,2026-09-28,,FALSE,2026-09-22,2026-09-21,260921012,Full-time,,,https://jobs.polyu.edu.hk/job_detail.php?job=260921012
POLYU-260921011,Project Associate / Project Assistant,Non-Academic,PolyU,Hong Kong Polytechnic University,Department of Food Science and Nutrition,2026-09-28,,FALSE,2026-09-22,2026-09-21,260921011,Full-time,,,https://jobs.polyu.edu.hk/job_detail.php?job=260921011
POLYU-260921010,Research Assistant,Research Assistant/Associate,PolyU,Hong Kong Polytechnic University,Department of Food Science and Nutrition,2026-09-28,,FALSE,2026-09-22,2026-09-21,260921010,Full-time,,,https://jobs.polyu.edu.hk/job_detail.php?job=260921010
POLYU-260921008,Senior Research Fellow / Senior Project Fellow / Research Fellow / Project Fellow / Postdoctoral Fellow / Research Associate / Project Associate / Research Assistant / Project Assistant / Research Administrative Assistant / Project Administrative Assistant (Full-time/ Part-time),Postdoctoral,PolyU,Hong Kong Polytechnic University,Department of Computing,2026-09-28,,FALSE,2026-09-22,2026-09-21,260921008,Full-time,,,https://jobs.polyu.edu.hk/job_detail.php?job=260921008
POLYU-260921007,Research Assistant / Research Administrative Assistant (Full-time/ Part-time),Research Assistant/Associate,PolyU,Hong Kong Polytechnic University,Department of Computing,2026-12-21,,FALSE,2026-09-22,2026-09-21,260921007,Full-time,,,https://jobs.polyu.edu.hk/job_detail.php?job=260921007
POLYU-260921006,Senior Research Fellow / Senior Project Fellow / Research Fellow / Project Fellow / Postdoctoral Fellow / Research Associate / Project Associate / Research Assistant / Project Assistant / Research Administrative Assistant / Project Administrative Assistant (Full-time/ Part-time),Postdoctoral,PolyU,Hong Kong Polytechnic University,Department of Computing,2026-09-28,,FALSE,2026-09-22,2026-09-21,260921006,Full-time,,,https://jobs.polyu.edu.hk/job_detail.php?job=260921006
POLYU-260921005,Research Associate / Research Assistant (Full-time/Part-time),Research Assistant/Associate,PolyU,Hong Kong Polytechnic University,Department of Mechanical Engineering,2026-09-28,,FALSE,2026-09-22,2026-09-21,260921005,Full-time,,,https://jobs.polyu.edu.hk/job_detail.php?job=260921005
POLYU-260921004,Postdoctoral Fellow / Research Associate / Research Assistant (Full-time/Part-time),Postdoctoral,PolyU,Hong Kong Polytechnic University,Department of Mechanical Engineering,2026-09-28,,FALSE,2026-09-22,2026-09-21,260921004,Full-time,,,https://jobs.polyu.edu.hk/job_detail.php?job=260921004
POLYU-260921003,Postdoctoral Fellow / Research Associate / Research Assistant (Full-time/Part-time),Postdoctoral,PolyU,Hong Kong Polytechnic University,Department of Mechanical Engineering,2026-09-28,,FALSE,2026-09-22,2026-09-21,260921003,Full-time,,,https://jobs.polyu.edu.hk/job_detail.php?job=260921003
POLYU-260918015,Project Associate / Project Assistant,Non-Academic,PolyU,Hong Kong Polytechnic University,Department of Logistics and Maritime Studies,2026-10-30,,FALSE,2026-09-19,2026-09-18,260918015,Full-time,,,https://jobs.polyu.edu.hk/job_detail.php?job=260918015
POLYU-260918014,Postdoctoral Fellow / Research Associate / Project Associate / Research Assistant / Project Assistant (Full-time/Part-time),Postdoctoral,PolyU,Hong Kong Polytechnic University,Department of Logistics and Maritime Studies,2026-09-25,,FALSE,2026-09-19,2026-09-18,260918014,Full-time,,,https://jobs.polyu.edu.hk/job_detail.php?job=260918014
POLYU-260918013,Postdoctoral Fellow / Research Associate / Project Associate / Research Assistant / Project Assistant (Full-time/Part-time),Postdoctoral,PolyU,Hong Kong Polytechnic University,Department of Logistics and Maritime Studies,2026-09-25,,FALSE,2026-09-19,2026-09-18,260918013,Full-time,,,https://jobs.polyu.edu.hk/job_detail.php?job=260918013
POLYU-260918011,Research Fellow / Postdoctoral Fellow / Research Associate / Research Assistant,Postdoctoral,PolyU,Hong Kong Polytechnic University,Department of Mechanical Engineering,2026-09-25,,FALSE,2026-09-19,2026-09-18,260918011,Full-time,,,https://jobs.polyu.edu.hk/job_detail.php?job=260918011
POLYU-260918008,Research Assistant,Research Assistant/Associate,PolyU,Hong Kong Polytechnic University,Department of Health Technology and Informatics,2026-10-16,,FALSE,2026-09-19,2026-09-18,260918008,Full-time,,,https://jobs.polyu.edu.hk/job_detail.php?job=260918008
POLYU-260918006,Research Assistant,Research Assistant/Associate,PolyU,Hong Kong Polytechnic University,Department of Language Science and Technology,2026-10-10,,FALSE,2026-09-19,2026-09-18,260918006,Full-time,,,https://jobs.polyu.edu.hk/job_detail.php?job=260918006
POLYU-260918004,Research Assistant / Part-time Research Assistant,Research Assistant/Associate,PolyU,Hong Kong Polytechnic University,"Research Centre for Environmental, Social, and Governance Advancement",2026-09-25,,FALSE,2026-09-19,2026-09-18,260918004,Full-time,,,https://jobs.polyu.edu.hk/job_detail.php?job=260918004
POLYU-260917016,Postdoctoral Fellow / Research Associate / Research Assistant,Postdoctoral,PolyU,Hong Kong Polytechnic University,Aviation Services Research Centre,2026-09-25,,FALSE,2026-09-18,2026-09-17,260917016,Full-time,,,https://jobs.polyu.edu.hk/job_detail.php?job=260917016
POLYU-260917015,Research Assistant,Research Assistant/Associate,PolyU,Hong Kong Polytechnic University,Department of Industrial and Systems Engineering,2026-10-16,,FALSE,2026-09-18,2026-09-17,260917015,Full-time,,,https://jobs.polyu.edu.hk/job_detail.php?job=260917015
POLYU-260917013,Research Associate / Research Assistant (Full-time/Part-time),Research Assistant/Associate,PolyU,Hong Kong Polytechnic University,School of Design,2026-09-24,,FALSE,2026-09-18,2026-09-17,260917013,Full-time,,,https://jobs.polyu.edu.hk/job_detail.php?job=260917013
POLYU-260917012,Part-time Project Assistant,Non-Academic,PolyU,Hong Kong Polytechnic University,School of Design,2026-09-24,,FALSE,2026-09-18,2026-09-17,260917012,Full-time,,,https://jobs.polyu.edu.hk/job_detail.php?job=260917012
POLYU-260917011,Part-time Research Assistant,Research Assistant/Associate,PolyU,Hong Kong Polytechnic University,School of Design,2026-09-24,,FALSE,2026-09-18,2026-09-17,260917011,Full-time,,,https://jobs.polyu.edu.hk/job_detail.php?job=260917011
POLYU-260917010,Part-time Research Fellow,Postdoctoral,PolyU,Hong Kong Polytechnic University,Department of Management and Marketing,2026-09-30,,FALSE,2026-09-18,2026-09-17,260917010,Full-time,,,https://jobs.polyu.edu.hk/job_detail.php?job=260917010
POLYU-260917009,Project Associate / Project Assistant / Project Administrative Assistant,Non-Academic,PolyU,Hong Kong Polytechnic University,Department of Industrial and Systems Engineering,2026-10-01,,FALSE,2026-09-18,2026-09-17,260917009,Full-time,,,https://jobs.polyu.edu.hk/job_detail.php?job=260917009
POLYU-260917008,Part-time Project Associate,Non-Academic,PolyU,Hong Kong Polytechnic University,Department of Civil and Environmental Engineering,2026-09-23,,FALSE,2026-09-18,2026-09-17,260917008,Full-time,,,https://jobs.polyu.edu.hk/job_detail.php?job=260917008
POLYU-260917006,Research Fellow,Postdoctoral,PolyU,Hong Kong Polytechnic University,Department of Health Technology and Informatics,2026-09-24,,FALSE,2026-09-18,2026-09-17,260917006,Full-time,,,https://jobs.polyu.edu.hk/job_detail.php?job=260917006
POLYU-260917004,Part-time Research Assistant,Research Assistant/Associate,PolyU,Hong Kong Polytechnic University,Department of Management and Marketing,2026-09-30,,FALSE,2026-09-18,2026-09-17,260917004,Full-time,,,https://jobs.polyu.edu.hk/job_detail.php?job=260917004
POLYU-260917002,Part-time Research Assistant,Research Assistant/Associate,PolyU,Hong Kong Polytechnic University,School of Fashion and Textiles,2026-09-24,,FALSE,2026-09-18,2026-09-17,260917002,Full-time,,,https://jobs.polyu.edu.hk/job_detail.php?job=260917002
POLYU-260917001,Research Assistant,Research Assistant/Associate,PolyU,Hong Kong Polytechnic University,School of Fashion and Textiles,2026-09-26,,FALSE,2026-09-18,2026-09-17,260917001,Full-time,,,https://jobs.polyu.edu.hk/job_detail.php?job=260917001
POLYU-260916012,Project Associate (Part-time) / Project Assistant (Full-time/Half-time/Part-time),Non-Academic,PolyU,Hong Kong Polytechnic University,Department of Language Science and Technology,2026-09-23,,FALSE,2026-09-17,2026-09-16,260916012,Full-time,,,https://jobs.polyu.edu.hk/job_detail.php?job=260916012
POLYU-260916010,Part-time Research Assistant,Research Assistant/Associate,PolyU,Hong Kong Polytechnic University,School of Nursing,2026-09-23,,FALSE,2026-09-17,2026-09-16,260916010,Full-time,,,https://jobs.polyu.edu.hk/job_detail.php?job=260916010
POLYU-260916009,Part-time Research Associate,Research Assistant/Associate,PolyU,Hong Kong Polytechnic University,School of Nursing,2026-09-23,,FALSE,2026-09-17,2026-09-16,260916009,Full-time,,,https://jobs.polyu.edu.hk/job_detail.php?job=260916009
POLYU-260916008,Research Assistant,Research Assistant/Associate,PolyU,Hong Kong Polytechnic University,Department of Applied Social Sciences,2026-10-15,,FALSE,2026-09-17,2026-09-16,260916008,Full-time,,,https://jobs.polyu.edu.hk/job_detail.php?job=260916008
POLYU-260916007,Postdoctoral Fellow,Postdoctoral,PolyU,Hong Kong Polytechnic University,Institute for Higher Education Research and Development,2026-09-21,,FALSE,2026-09-17,2026-09-16,260916007,Full-time,,October 2026,https://jobs.polyu.edu.hk/job_detail.php?job=260916007
POLYU-260916005,Research Assistant (Full-time/Part-time),Research Assistant/Associate,PolyU,Hong Kong Polytechnic University,Department of Computing,2026-09-22,,FALSE,2026-09-17,2026-09-16,260916005,Full-time,,,https://jobs.polyu.edu.hk/job_detail.php?job=260916005
POLYU-260916004,Postdoctoral Fellow,Postdoctoral,PolyU,Hong Kong Polytechnic University,Department of Computing,2026-09-22,,FALSE,2026-09-17,2026-09-16,260916004,Full-time,,,https://jobs.polyu.edu.hk/job_detail.php?job=260916004
POLYU-260916003,Part-time Research Assistant,Research Assistant/Associate,PolyU,Hong Kong Polytechnic University,Department of Computing,2026-09-22,,FALSE,2026-09-17,2026-09-16,260916003,Full-time,,,https://jobs.polyu.edu.hk/job_detail.php?job=260916003
POLYU-260916002,Research Assistant,Research Assistant/Associate,PolyU,Hong Kong Polytechnic University,Department of Computing,2026-09-22,,FALSE,2026-09-17,2026-09-16,260916002,Full-time,,,https://jobs.polyu.edu.hk/job_detail.php?job=260916002
POLYU-260916001,Research Assistant,Research Assistant/Associate,PolyU,Hong Kong Polytechnic University,Department of Computing,2026-11-15,,FALSE,2026-09-17,2026-09-16,260916001,Full-time,,,https://jobs.polyu.edu.hk/job_detail.php?job=260916001
POLYU-260915012,Research Fellow / Postdoctoral Fellow,Postdoctoral,PolyU,Hong Kong Polytechnic University,Department of Computing,2026-09-22,,FALSE,2026-09-16,2026-09-15,260915012,Full-time,,,https://jobs.polyu.edu.hk/job_detail.php?job=260915012
POLYU-260915011,Postdoctoral Fellow,Postdoctoral,PolyU,Hong Kong Polytechnic University,Department of Computing,2026-10-15,,FALSE,2026-09-16,2026-09-15,260915011,Full-time,,,https://jobs.polyu.edu.hk/job_detail.php?job=260915011
POLYU-260915010,Research Assistant (Full-time/Part-time),Research Assistant/Associate,PolyU,Hong Kong Polytechnic University,Department of Computing,2026-09-22,,FALSE,2026-09-16,2026-09-15,260915010,Full-time,,,https://jobs.polyu.edu.hk/job_detail.php?job=260915010
POLYU-260915008,Part-time Research Assistant,Research Assistant/Associate,PolyU,Hong Kong Polytechnic University,Department of Management and Marketing,2026-09-30,,FALSE,2026-09-16,2026-09-15,260915008,Full-time,,,https://jobs.polyu.edu.hk/job_detail.php?job=260915008
POLYU-260915007,Part-time Project Assistant,Non-Academic,PolyU,Hong Kong Polytechnic University,School of Design,2026-09-22,,FALSE,2026-09-16,2026-09-15,260915007,Full-time,,,https://jobs.polyu.edu.hk/job_detail.php?job=260915007
POLYU-260915006,Research Assistant / Part-time Research Assistant,Research Assistant/Associate,PolyU,Hong Kong Polytechnic University,Department of Rehabilitation Sciences,2026-09-22,,FALSE,2026-09-16,2026-09-15,260915006,Full-time,,,https://jobs.polyu.edu.hk/job_detail.php?job=260915006
POLYU-260915005,Research Assistant,Research Assistant/Associate,PolyU,Hong Kong Polytechnic University,Department of Applied Social Sciences,2026-09-22,,FALSE,2026-09-16,2026-09-15,260915005,Full-time,,,https://jobs.polyu.edu.hk/job_detail.php?job=260915005
POLYU-260915004,Senior Project Fellow / Postdoctoral Fellow (Full-time/Part-time),Postdoctoral,PolyU,Hong Kong Polytechnic University,School of Design,2026-09-22,,FALSE,2026-09-16,2026-09-15,260915004,Full-time,,,https://jobs.polyu.edu.hk/job_detail.php?job=260915004
POLYU-260915001,Postdoctoral Fellow / Research Associate / Research Assistant (Full-time / Part-time),Postdoctoral,PolyU,Hong Kong Polytechnic University,School of Fashion and Textiles,2026-10-13,,FALSE,2026-09-16,2026-09-15,260915001,Full-time,,,https://jobs.polyu.edu.hk/job_detail.php?job=260915001
POLYU-260914021,Postdoctoral Fellow,Postdoctoral,PolyU,Hong Kong Polytechnic University,School of Accounting and Finance,2026-09-21,,FALSE,2026-09-15,2026-09-14,260914021,Full-time,,,https://jobs.polyu.edu.hk/job_detail.php?job=260914021
POLYU-260914020,Research Assistant,Research Assistant/Associate,PolyU,Hong Kong Polytechnic University,School of Nursing,2026-09-21,,FALSE,2026-09-15,2026-09-14,260914020,Full-time,,,https://jobs.polyu.edu.hk/job_detail.php?job=260914020
POLYU-260914019,Postdoctoral Fellow / Research Associate / Research Assistant (Full-time/Part-time),Postdoctoral,PolyU,Hong Kong Polytechnic University,Department of Computing,2026-09-21,,FALSE,2026-09-15,2026-09-14,260914019,Full-time,,,https://jobs.polyu.edu.hk/job_detail.php?job=260914019
POLYU-260914018,Part-time Research Associate,Research Assistant/Associate,PolyU,Hong Kong Polytechnic University,Department of Computing,2026-09-21,,FALSE,2026-09-15,2026-09-14,260914018,Full-time,,,https://jobs.polyu.edu.hk/job_detail.php?job=260914018
POLYU-260914017,Senior Research Fellow / Senior Project Fellow / Research Fellow / Project Fellow / Postdoctoral Fellow / Research Assistant / Project Assistant (Full-time/Part-time),Postdoctoral,PolyU,Hong Kong Polytechnic University,Department of Computing,2026-09-21,,FALSE,2026-09-15,2026-09-14,260914017,Full-time,,,https://jobs.polyu.edu.hk/job_detail.php?job=260914017
POLYU-260914016,Senior Research Fellow / Senior Project Fellow / Research Fellow / Project Fellow / Postdoctoral Fellow / Research Assistant / Project Assistant (Full-time/Part-time),Postdoctoral,PolyU,Hong Kong Polytechnic University,Department of Computing,2026-09-21,,FALSE,2026-09-15,2026-09-14,260914016,Full-time,,,https://jobs.polyu.edu.hk/job_detail.php?job=260914016
POLYU-260914014,Research Associate / Research Assistant (Full-time/Part-time),Research Assistant/Associate,PolyU,Hong Kong Polytechnic University,Department of Applied Mathematics,2026-09-21,,FALSE,2026-09-15,2026-09-14,260914014,Full-time,,,https://jobs.polyu.edu.hk/job_detail.php?job=260914014
POLYU-260914013,Part-time Project Associate / Part-time Project Assistant,Non-Academic,PolyU,Hong Kong Polytechnic University,Jockey Club Design Institute for Social Innovation,2026-09-21,,FALSE,2026-09-15,2026-09-14,260914013,Full-time,,,https://jobs.polyu.edu.hk/job_detail.php?job=260914013
POLYU-260914012,Project Assistant,Non-Academic,PolyU,Hong Kong Polytechnic University,College of Undergraduate Studies,2026-09-21,,FALSE,2026-09-15,2026-09-14,260914012,Full-time,,,https://jobs.polyu.edu.hk/job_detail.php?job=260914012
POLYU-260914010,Part-time Research Associate / Part-time Project Associate,Research Assistant/Associate,PolyU,Hong Kong Polytechnic University,School of Nursing,2026-09-21,,FALSE,2026-09-15,2026-09-14,260914010,Full-time,,,https://jobs.polyu.edu.hk/job_detail.php?job=260914010
POLYU-260914009,Part-time Research Associate,Research Assistant/Associate,PolyU,Hong Kong Polytechnic University,School of Nursing,2026-09-21,,FALSE,2026-09-15,2026-09-14,260914009,Full-time,,,https://jobs.polyu.edu.hk/job_detail.php?job=260914009
POLYU-260914008,Part-time Research Assistant,Research Assistant/Associate,PolyU,Hong Kong Polytechnic University,School of Nursing,2026-09-21,,FALSE,2026-09-15,2026-09-14,260914008,Full-time,,,https://jobs.polyu.edu.hk/job_detail.php?job=260914008
POLYU-260914003,Postdoctoral Fellow / Research Associate / Research Assistant / Part-time Research Assistant,Postdoctoral,PolyU,Hong Kong Polytechnic University,State Key Laboratory of Ultra-Precision Machining Technology,2027-03-01,,FALSE,2026-09-15,2026-09-14,260914003,Full-time,,,https://jobs.polyu.edu.hk/job_detail.php?job=260914003
POLYU-260911009,Postdoctoral Fellow,Postdoctoral,PolyU,Hong Kong Polytechnic University,Department of Building Environment and Energy Engineering,2026-10-09,,FALSE,2026-09-12,2026-09-11,260911009,Full-time,,,https://jobs.polyu.edu.hk/job_detail.php?job=260911009
POLYU-260911008,Research Assistant,Research Assistant/Associate,PolyU,Hong Kong Polytechnic University,Department of Rehabilitation Sciences,2026-09-18,,FALSE,2026-09-12,2026-09-11,260911008,Full-time,,,https://jobs.polyu.edu.hk/job_detail.php?job=260911008
POLYU-260911007,Part-time Research Assistant,Research Assistant/Associate,PolyU,Hong Kong Polytechnic University,Department of Rehabilitation Sciences,2026-09-18,,FALSE,2026-09-12,2026-09-11,260911007,Full-time,,,https://jobs.polyu.edu.hk/job_detail.php?job=260911007
POLYU-260911006,Project Assistant,Non-Academic,PolyU,Hong Kong Polytechnic University,Department of Rehabilitation Sciences,2026-09-18,,FALSE,2026-09-12,2026-09-11,260911006,Full-time,,,https://jobs.polyu.edu.hk/job_detail.php?job=260911006
POLYU-260911003,Research Assistant,Research Assistant/Associate,PolyU,Hong Kong Polytechnic University,Division of Artificial Intelligence and the Humanities,2026-09-18,,FALSE,2026-09-12,2026-09-11,260911003,Full-time,,,https://jobs.polyu.edu.hk/job_detail.php?job=260911003
POLYU-260911002,Postdoctoral Fellow,Postdoctoral,PolyU,Hong Kong Polytechnic University,Department of English and Communication,2026-10-01,,FALSE,2026-09-12,2026-09-11,260911002,Full-time,,,https://jobs.polyu.edu.hk/job_detail.php?job=260911002
POLYU-260911001,Research Fellow / Research Associate,Postdoctoral,PolyU,Hong Kong Polytechnic University,School of Optometry,2026-09-18,,FALSE,2026-09-12,2026-09-11,260911001,Full-time,,,https://jobs.polyu.edu.hk/job_detail.php?job=260911001
POLYU-260910012,Part-time Research Associate / Research Assistant,Research Assistant/Associate,PolyU,Hong Kong Polytechnic University,Department of Electrical and Electronic Engineering,2026-09-21,,FALSE,2026-09-11,2026-09-10,260910012,Full-time,,,https://jobs.polyu.edu.hk/job_detail.php?job=260910012
POLYU-260910011,Project Assistant,Non-Academic,PolyU,Hong Kong Polytechnic University,Department of Electrical and Electronic Engineering,2026-09-28,,FALSE,2026-09-11,2026-09-10,260910011,Full-time,,,https://jobs.polyu.edu.hk/job_detail.php?job=260910011
POLYU-260910006,Project Assistant,Non-Academic,PolyU,Hong Kong Polytechnic University,Department of Construction Management and Intelligence,2026-09-17,,FALSE,2026-09-11,2026-09-10,260910006,Full-time,,,https://jobs.polyu.edu.hk/job_detail.php?job=260910006
POLYU-260910005,Project Assistant,Non-Academic,PolyU,Hong Kong Polytechnic University,Department of Language Science and Technology,2026-09-17,,FALSE,2026-09-11,2026-09-10,260910005,Full-time,,,https://jobs.polyu.edu.hk/job_detail.php?job=260910005
POLYU-260909007,Part-time Postdoctoral Fellow / Research Associate,Postdoctoral,PolyU,Hong Kong Polytechnic University,Department of English and Communication,2026-09-23,,FALSE,2026-09-10,2026-09-09,260909007,Full-time,,,https://jobs.polyu.edu.hk/job_detail.php?job=260909007
POLYU-260909005,Research Assistant,Research Assistant/Associate,PolyU,Hong Kong Polytechnic University,Department of Applied Social Sciences,2026-09-16,,FALSE,2026-09-10,2026-09-09,260909005,Full-time,,,https://jobs.polyu.edu.hk/job_detail.php?job=260909005
POLYU-260909004,Project Assistant,Non-Academic,PolyU,Hong Kong Polytechnic University,Department of Management and Marketing,2026-09-30,,FALSE,2026-09-10,2026-09-09,260909004,Full-time,,,https://jobs.polyu.edu.hk/job_detail.php?job=260909004
POLYU-260909003,Research Assistant,Research Assistant/Associate,PolyU,Hong Kong Polytechnic University,Department of Management and Marketing,2026-09-30,,FALSE,2026-09-10,2026-09-09,260909003,Full-time,,,https://jobs.polyu.edu.hk/job_detail.php?job=260909003
POLYU-260909002,Part-time Research Associate,Research Assistant/Associate,PolyU,Hong Kong Polytechnic University,School of Optometry,2026-09-16,,FALSE,2026-09-10,2026-09-09,260909002,Full-time,,,https://jobs.polyu.edu.hk/job_detail.php?job=260909002
POLYU-260908025,Part-time Research Associate / Research Assistant,Research Assistant/Associate,PolyU,Hong Kong Polytechnic University,Department of Industrial and Systems Engineering,2026-09-15,,FALSE,2026-09-09,2026-09-08,260908025,Full-time,,,https://jobs.polyu.edu.hk/job_detail.php?job=260908025
POLYU-260908024,Postdoctoral Fellow / Research Associate / Project Associate / Research Assistant / Project Assistant (Full-time/Part-time),Postdoctoral,PolyU,Hong Kong Polytechnic University,Department of Industrial and Systems Engineering,2026-09-15,,FALSE,2026-09-09,2026-09-08,260908024,Full-time,,,https://jobs.polyu.edu.hk/job_detail.php?job=260908024
POLYU-260908023,Postdoctoral Fellow / Research Assistant,Postdoctoral,PolyU,Hong Kong Polytechnic University,Department of Rehabilitation Sciences,2026-09-15,,FALSE,2026-09-09,2026-09-08,260908023,Full-time,,,https://jobs.polyu.edu.hk/job_detail.php?job=260908023
POLYU-260908022,Part-time Research Assistant,Research Assistant/Associate,PolyU,Hong Kong Polytechnic University,Department of Rehabilitation Sciences,2026-09-15,,FALSE,2026-09-09,2026-09-08,260908022,Full-time,,,https://jobs.polyu.edu.hk/job_detail.php?job=260908022
POLYU-260908020,Senior Research Fellow / Senior Project Fellow / Research Fellow / Project Fellow / Postdoctoral Fellow / Research Associate / Project Associate / Research Assistant / Project Assistant / Research Administrative Assistant / Project Administrative Assistant (Full-time/ Part-time),Postdoctoral,PolyU,Hong Kong Polytechnic University,Department of Computing,2026-09-15,,FALSE,2026-09-09,2026-09-08,260908020,Full-time,,,https://jobs.polyu.edu.hk/job_detail.php?job=260908020
POLYU-260908019,Postdoctoral Fellow / Research Assistant (Full-time/Part-time),Postdoctoral,PolyU,Hong Kong Polytechnic University,Department of Computing,2026-09-15,,FALSE,2026-09-09,2026-09-08,260908019,Full-time,,,https://jobs.polyu.edu.hk/job_detail.php?job=260908019
POLYU-260908018,Postdoctoral Fellow / Research Associate / Research Assistant (Full-time/Part-time),Postdoctoral,PolyU,Hong Kong Polytechnic University,Department of Computing,2026-09-15,,FALSE,2026-09-09,2026-09-08,260908018,Full-time,,,https://jobs.polyu.edu.hk/job_detail.php?job=260908018
POLYU-260908017,Senior Research Fellow / Research Fellow / Postdoctoral Fellow / Research Associate (Full-time/Part-time) / Research Assistant (Full-time/Part-time),Postdoctoral,PolyU,Hong Kong Polytechnic University,Department of Computing,2026-12-07,,FALSE,2026-09-09,2026-09-08,260908017,Full-time,,,https://jobs.polyu.edu.hk/job_detail.php?job=260908017
POLYU-260908014,Research Fellow / Postdoctoral Fellow / Research Associate / Research Assistant,Postdoctoral,PolyU,Hong Kong Polytechnic University,School of Optometry,2026-09-15,,FALSE,2026-09-09,2026-09-08,260908014,Full-time,,,https://jobs.polyu.edu.hk/job_detail.php?job=260908014
POLYU-260908012,Part-time Research Assistant,Research Assistant/Associate,PolyU,Hong Kong Polytechnic University,Department of Health Technology and Informatics,2026-09-15,,FALSE,2026-09-09,2026-09-08,260908012,Full-time,,,https://jobs.polyu.edu.hk/job_detail.php?job=260908012
POLYU-260908009,Research Assistant,Research Assistant/Associate,PolyU,Hong Kong Polytechnic University,Department of Health Technology and Informatics,2026-11-03,,FALSE,2026-09-09,2026-09-08,260908009,Full-time,,,https://jobs.polyu.edu.hk/job_detail.php?job=260908009
POLYU-260908006,Project Assistant,Non-Academic,PolyU,Hong Kong Polytechnic University,School of Nursing,2026-09-15,,FALSE,2026-09-09,2026-09-08,260908006,Full-time,,,https://jobs.polyu.edu.hk/job_detail.php?job=260908006
POLYU-260908003,Postdoctoral Fellow / Research Associate / Research Assistant (Full-time/Part-time),Postdoctoral,PolyU,Hong Kong Polytechnic University,Department of Electrical and Electronic Engineering,2026-09-14,,FALSE,2026-09-09,2026-09-08,260908003,Full-time,,,https://jobs.polyu.edu.hk/job_detail.php?job=260908003
POLYU-260908002,Postdoctoral Fellow / Research Assistant (Full-time/Part-time),Postdoctoral,PolyU,Hong Kong Polytechnic University,Department of Electrical and Electronic Engineering,2026-09-14,,FALSE,2026-09-09,2026-09-08,260908002,Full-time,,,https://jobs.polyu.edu.hk/job_detail.php?job=260908002
POLYU-260907009,Postdoctoral Fellow,Postdoctoral,PolyU,Hong Kong Polytechnic University,Department of Chemistry,2026-09-16,,FALSE,2026-09-08,2026-09-07,260907009,Full-time,,,https://jobs.polyu.edu.hk/job_detail.php?job=260907009
POLYU-260907006,Research Assistant (Full-time/Part-time),Research Assistant/Associate,PolyU,Hong Kong Polytechnic University,Department of Industrial and Systems Engineering,2026-10-12,,FALSE,2026-09-08,2026-09-07,260907006,Full-time,,,https://jobs.polyu.edu.hk/job_detail.php?job=260907006
POLYU-260907004,Postdoctoral Fellow / Research Associate / Research Assistant (Full-time/Part-time),Postdoctoral,PolyU,Hong Kong Polytechnic University,Department of Industrial and Systems Engineering,2027-02-21,,FALSE,2026-09-08,2026-09-07,260907004,Full-time,,,https://jobs.polyu.edu.hk/job_detail.php?job=260907004
POLYU-260907003,Postdoctoral Fellow,Postdoctoral,PolyU,Hong Kong Polytechnic University,School of Nursing,2026-09-14,,FALSE,2026-09-08,2026-09-07,260907003,Full-time,,,https://jobs.polyu.edu.hk/job_detail.php?job=260907003
POLYU-260907002,Research Associate / Research Assistant,Research Assistant/Associate,PolyU,Hong Kong Polytechnic University,School of Nursing,2026-09-14,,FALSE,2026-09-08,2026-09-07,260907002,Full-time,,,https://jobs.polyu.edu.hk/job_detail.php?job=260907002
POLYU-260907001,Research Associate / Research Assistant (Full-time/Part-time),Research Assistant/Associate,PolyU,Hong Kong Polytechnic University,School of Nursing,2026-09-14,,FALSE,2026-09-08,2026-09-07,260907001,Full-time,,,https://jobs.polyu.edu.hk/job_detail.php?job=260907001
POLYU-260904021,Research Assistant,Research Assistant/Associate,PolyU,Hong Kong Polytechnic University,Department of Computing,2026-09-21,,FALSE,2026-09-05,2026-09-04,260904021,Full-time,,,https://jobs.polyu.edu.hk/job_detail.php?job=260904021
POLYU-260904012,Postdoctoral Fellow / Research Assistant,Postdoctoral,PolyU,Hong Kong Polytechnic University,Department of Civil and Environmental Engineering,2026-09-30,,FALSE,2026-09-05,2026-09-04,260904012,Full-time,,,https://jobs.polyu.edu.hk/job_detail.php?job=260904012
POLYU-260904009,Postdoctoral Fellow,Postdoctoral,PolyU,Hong Kong Polytechnic University,Department of Industrial and Systems Engineering,2026-09-20,,FALSE,2026-09-05,2026-09-04,260904009,Full-time,,,https://jobs.polyu.edu.hk/job_detail.php?job=260904009
POLYU-260903007,Project Associate / Project Assistant (Full-time/Part-time),Non-Academic,PolyU,Hong Kong Polytechnic University,Department of Applied Social Sciences,2026-11-11,,FALSE,2026-09-04,2026-09-03,260903007,Full-time,,,https://jobs.polyu.edu.hk/job_detail.php?job=260903007
POLYU-260903004,Research Associate / Project Associate / Research Assistant / Project Assistant (Full-time/ Part-time),Research Assistant/Associate,PolyU,Hong Kong Polytechnic University,Department of Computing,2027-01-02,,FALSE,2026-09-04,2026-09-03,260903004,Full-time,,,https://jobs.polyu.edu.hk/job_detail.php?job=260903004
POLYU-260902002,Project Associate,Non-Academic,PolyU,Hong Kong Polytechnic University,Department of Logistics and Maritime Studies,2026-10-14,,FALSE,2026-09-03,2026-09-02,260902002,Full-time,,,https://jobs.polyu.edu.hk/job_detail.php?job=260902002
POLYU-260901007,Research Assistant,Research Assistant/Associate,PolyU,Hong Kong Polytechnic University,State Key Laboratory of Ultra-Precision Machining Technology,2027-02-16,,FALSE,2026-09-02,2026-09-01,260901007,Full-time,,,https://jobs.polyu.edu.hk/job_detail.php?job=260901007
POLYU-260831008,Part-time Research Associate / Research Assistant / Part-time Research Assistant,Research Assistant/Associate,PolyU,Hong Kong Polytechnic University,Department of Language Science and Technology,2026-09-30,,FALSE,2026-09-01,2026-08-31,260831008,Full-time,,,https://jobs.polyu.edu.hk/job_detail.php?job=260831008
POLYU-260828012,Part-time Research Assistant,Research Assistant/Associate,PolyU,Hong Kong Polytechnic University,Department of Mechanical Engineering,2026-10-09,,FALSE,2026-08-29,2026-08-28,260828012,Full-time,,,https://jobs.polyu.edu.hk/job_detail.php?job=260828012
POLYU-260828006,Postdoctoral Fellow,Postdoctoral,PolyU,Hong Kong Polytechnic University,Department of Industrial and Systems Engineering,2027-02-27,,FALSE,2026-08-29,2026-08-28,260828006,Full-time,,,https://jobs.polyu.edu.hk/job_detail.php?job=260828006
POLYU-260826012,Project Fellow / Postdoctoral Fellow / Research Associate / Project Associate / Research Assistant / Project Assistant (Full-time/Part-time),Postdoctoral,PolyU,Hong Kong Polytechnic University,Department of Industrial and Systems Engineering,2026-11-18,,FALSE,2026-08-27,2026-08-26,260826012,Full-time,,,https://jobs.polyu.edu.hk/job_detail.php?job=260826012
POLYU-260826011,Postdoctoral Fellow,Postdoctoral,PolyU,Hong Kong Polytechnic University,Department of Industrial and Systems Engineering,2027-02-10,,FALSE,2026-08-27,2026-08-26,260826011,Full-time,,,https://jobs.polyu.edu.hk/job_detail.php?job=260826011
POLYU-260826010,Postdoctoral Fellow,Postdoctoral,PolyU,Hong Kong Polytechnic University,Department of Industrial and Systems Engineering,2026-11-18,,FALSE,2026-08-27,2026-08-26,260826010,Full-time,,,https://jobs.polyu.edu.hk/job_detail.php?job=260826010
POLYU-260826009,Postdoctoral Fellow / Research Assistant,Postdoctoral,PolyU,Hong Kong Polytechnic University,Department of Mechanical Engineering,2026-09-30,,FALSE,2026-08-27,2026-08-26,260826009,Full-time,,,https://jobs.polyu.edu.hk/job_detail.php?job=260826009
POLYU-260826007,Part-time Research Technical Assistant,Other,PolyU,Hong Kong Polytechnic University,Department of Aeronautical and Aviation Engineering,2026-10-21,,FALSE,2026-08-27,2026-08-26,260826007,Full-time,,,https://jobs.polyu.edu.hk/job_detail.php?job=260826007
POLYU-260826002,Research Assistant (Full-time/Part-time),Research Assistant/Associate,PolyU,Hong Kong Polytechnic University,Department of Mechanical Engineering,2026-10-21,,FALSE,2026-08-27,2026-08-26,260826002,Full-time,,,https://jobs.polyu.edu.hk/job_detail.php?job=260826002
POLYU-260824002,Research Associate / Research Assistant,Research Assistant/Associate,PolyU,Hong Kong Polytechnic University,Department of Construction Management and Intelligence,2026-11-16,,FALSE,2026-08-25,2026-08-24,260824002,Full-time,,,https://jobs.polyu.edu.hk/job_detail.php?job=260824002
POLYU-260824001,Research Associate / Research Assistant,Research Assistant/Associate,PolyU,Hong Kong Polytechnic University,Department of Construction Management and Intelligence,2026-11-16,,FALSE,2026-08-25,2026-08-24,260824001,Full-time,,,https://jobs.polyu.edu.hk/job_detail.php?job=260824001
POLYU-260821016,Research Associate / Research Assistant (Full-time/Part-time),Research Assistant/Associate,PolyU,Hong Kong Polytechnic University,Department of Biomedical Engineering,2026-09-15,,FALSE,2026-08-22,2026-08-21,260821016,Full-time,,,https://jobs.polyu.edu.hk/job_detail.php?job=260821016
POLYU-260821010,Research Associate / Research Assistant,Research Assistant/Associate,PolyU,Hong Kong Polytechnic University,Department of Computing,2026-10-15,,FALSE,2026-08-22,2026-08-21,260821010,Full-time,,,https://jobs.polyu.edu.hk/job_detail.php?job=260821010
POLYU-260819010,Project Associate / Project Assistant / Project Technical Assistant / Project Administrative Assistant (Full-time/Part-time),Non-Academic,PolyU,Hong Kong Polytechnic University,Department of Electrical and Electronic Engineering,2027-02-02,,FALSE,2026-08-20,2026-08-19,260819010,Full-time,,,https://jobs.polyu.edu.hk/job_detail.php?job=260819010
POLYU-260818016,Research Assistant,Research Assistant/Associate,PolyU,Hong Kong Polytechnic University,Department of Computing,2026-11-10,,FALSE,2026-08-19,2026-08-18,260818016,Full-time,,,https://jobs.polyu.edu.hk/job_detail.php?job=260818016
POLYU-260814016,Research Fellow / Postdoctoral Fellow / Research Associate / Project Associate (Full-time/Part-time) / Research Assistant / Project Assistant (Full-time/Part-time),Postdoctoral,PolyU,Hong Kong Polytechnic University,Department of Electrical and Electronic Engineering,2027-01-28,,FALSE,2026-08-15,2026-08-14,260814016,Full-time,,,https://jobs.polyu.edu.hk/job_detail.php?job=260814016
POLYU-260810013,Research Associate / Research Assistant (Full-time/Part-time),Research Assistant/Associate,PolyU,Hong Kong Polytechnic University,Department of Industrial and Systems Engineering,2026-09-25,,FALSE,2026-08-11,2026-08-10,260810013,Full-time,,,https://jobs.polyu.edu.hk/job_detail.php?job=260810013
POLYU-260810009,Research Assistant,Research Assistant/Associate,PolyU,Hong Kong Polytechnic University,Division of Artificial Intelligence and the Humanities,2026-10-09,,FALSE,2026-08-11,2026-08-10,260810009,Full-time,,,https://jobs.polyu.edu.hk/job_detail.php?job=260810009
POLYU-260806006,Postdoctoral Fellow,Postdoctoral,PolyU,Hong Kong Polytechnic University,Department of English and Communication,2026-09-15,,FALSE,2026-08-07,2026-08-06,260806006,Full-time,,,https://jobs.polyu.edu.hk/job_detail.php?job=260806006
POLYU-260806003,Part-time Research Assistant,Research Assistant/Associate,PolyU,Hong Kong Polytechnic University,Department of Industrial and Systems Engineering,2027-01-20,,FALSE,2026-08-07,2026-08-06,260806003,Full-time,,,https://jobs.polyu.edu.hk/job_detail.php?job=260806003
POLYU-260805005,Part-time Principal Research Fellow,Postdoctoral,PolyU,Hong Kong Polytechnic University,Department of Land Surveying and Geospatial Science,2026-10-28,,FALSE,2026-08-06,2026-08-05,260805005,Full-time,,,https://jobs.polyu.edu.hk/job_detail.php?job=260805005
POLYU-260730005,Postdoctoral Fellow / Research Associate / Research Assistant (Full-time/Part-time),Postdoctoral,PolyU,Hong Kong Polytechnic University,Department of Industrial and Systems Engineering,2027-01-14,,FALSE,2026-07-31,2026-07-30,260730005,Full-time,,,https://jobs.polyu.edu.hk/job_detail.php?job=260730005
POLYU-260724022,Postdoctoral Fellow / Research Associate / Research Assistant (Full-time/Part-time),Postdoctoral,PolyU,Hong Kong Polytechnic University,Department of Industrial and Systems Engineering,2027-01-07,,FALSE,2026-07-25,2026-07-24,260724022,Full-time,,,https://jobs.polyu.edu.hk/job_detail.php?job=260724022
POLYU-260724001,Postdoctoral Fellow / Research Associate / Research Assistant,Postdoctoral,PolyU,Hong Kong Polytechnic University,Department of Construction Management and Intelligence,2027-01-22,,FALSE,2026-07-25,2026-07-24,260724001,Full-time,,,https://jobs.polyu.edu.hk/job_detail.php?job=260724001
POLYU-260721001,Research Fellow / Postdoctoral Fellow,Postdoctoral,PolyU,Hong Kong Polytechnic University,Department of Electrical and Electronic Engineering,2026-09-30,,FALSE,2026-07-22,2026-07-21,260721001,Full-time,,,https://jobs.polyu.edu.hk/job_detail.php?job=260721001
POLYU-260717004,Senior Research Fellow / Senior Project Fellow / Research Fellow / Project Fellow / Postdoctoral Fellow / Research Associate / Project Associate / Research Assistant / Project Assistant (Full-time/Part-time),Postdoctoral,PolyU,Hong Kong Polytechnic University,Department of Electrical and Electronic Engineering,2026-11-18,,FALSE,2026-07-18,2026-07-17,260717004,Full-time,,,https://jobs.polyu.edu.hk/job_detail.php?job=260717004
POLYU-260713003,Research Assistant,Research Assistant/Associate,PolyU,Hong Kong Polytechnic University,State Key Laboratory of Ultra-Precision Machining Technology,2026-12-28,,FALSE,2026-07-14,2026-07-13,260713003,Full-time,,,https://jobs.polyu.edu.hk/job_detail.php?job=260713003
POLYU-260713001,Research Assistant,Research Assistant/Associate,PolyU,Hong Kong Polytechnic University,Department of Aeronautical and Aviation Engineering,2026-10-05,,FALSE,2026-07-14,2026-07-13,260713001,Full-time,,,https://jobs.polyu.edu.hk/job_detail.php?job=260713001
POLYU-260709010,Postdoctoral Fellow,Postdoctoral,PolyU,Hong Kong Polytechnic University,Department of Aeronautical and Aviation Engineering,2026-11-26,,FALSE,2026-07-10,2026-07-09,260709010,Full-time,,,https://jobs.polyu.edu.hk/job_detail.php?job=260709010
POLYU-260707020,Research Fellow / Project Fellow / Postdoctoral Fellow / Research Assistant / Project Assistant (Full-time/Part-time,Postdoctoral,PolyU,Hong Kong Polytechnic University,Department of Industrial and Systems Engineering,2026-09-29,,FALSE,2026-07-08,2026-07-07,260707020,Full-time,,,https://jobs.polyu.edu.hk/job_detail.php?job=260707020
POLYU-260707019,Research Fellow / Project Fellow / Postdoctoral Fellow / Research Assistant / Project Assistant (Full-time/Part-time),Postdoctoral,PolyU,Hong Kong Polytechnic University,Department of Industrial and Systems Engineering,2026-09-29,,FALSE,2026-07-08,2026-07-07,260707019,Full-time,,,https://jobs.polyu.edu.hk/job_detail.php?job=260707019
POLYU-260706014,Postdoctoral Fellow,Postdoctoral,PolyU,Hong Kong Polytechnic University,Department of Land Surveying and Geospatial Science,2026-12-31,,FALSE,2026-07-07,2026-07-06,260706014,Full-time,,,https://jobs.polyu.edu.hk/job_detail.php?job=260706014
POLYU-260630003,Postdoctoral Fellow / Research Associate / Research Assistant,Postdoctoral,PolyU,Hong Kong Polytechnic University,Department of Industrial and Systems Engineering,2026-12-15,,FALSE,2026-07-01,2026-06-30,260630003,Full-time,,,https://jobs.polyu.edu.hk/job_detail.php?job=260630003
POLYU-260630002,Postdoctoral Fellow / Research Associate / Research Assistant,Postdoctoral,PolyU,Hong Kong Polytechnic University,Department of Industrial and Systems Engineering,2026-12-15,,FALSE,2026-07-01,2026-06-30,260630002,Full-time,,,https://jobs.polyu.edu.hk/job_detail.php?job=260630002
POLYU-260629006,Postdoctoral Fellow / Research Associate / Research Assistant,Postdoctoral,PolyU,Hong Kong Polytechnic University,Department of Mechanical Engineering,2026-12-28,,FALSE,2026-06-30,2026-06-29,260629006,Full-time,,,https://jobs.polyu.edu.hk/job_detail.php?job=260629006
POLYU-260625010,Project Associate,Non-Academic,PolyU,Hong Kong Polytechnic University,Institute for Higher Education Research and Development,2026-09-30,,FALSE,2026-06-26,2026-09-23,260625010,Full-time,,,https://jobs.polyu.edu.hk/job_detail.php?job=260625010
POLYU-260616017,Postdoctoral Fellow / Research Associate / Research Assistant (Full-time/Part-time),Postdoctoral,PolyU,Hong Kong Polytechnic University,Department of Industrial and Systems Engineering,2026-12-01,,FALSE,2026-06-17,2026-06-16,260616017,Full-time,,,https://jobs.polyu.edu.hk/job_detail.php?job=260616017
POLYU-260616016,Postdoctoral Fellow / Research Associate / Research Assistant (Full-time/Part-time),Postdoctoral,PolyU,Hong Kong Polytechnic University,Department of Industrial and Systems Engineering,2026-12-01,,FALSE,2026-06-17,2026-06-16,260616016,Full-time,,,https://jobs.polyu.edu.hk/job_detail.php?job=260616016
POLYU-260616015,Postdoctoral Fellow / Research Associate / Research Assistant (Full-time/Part-time),Postdoctoral,PolyU,Hong Kong Polytechnic University,Department of Industrial and Systems Engineering,2026-12-01,,FALSE,2026-06-17,2026-06-16,260616015,Full-time,,,https://jobs.polyu.edu.hk/job_detail.php?job=260616015
POLYU-260616014,Postdoctoral Fellow / Research Associate / Research Assistant (Full-time/Part-time),Postdoctoral,PolyU,Hong Kong Polytechnic University,Department of Industrial and Systems Engineering,2026-12-01,,FALSE,2026-06-17,2026-06-16,260616014,Full-time,,,https://jobs.polyu.edu.hk/job_detail.php?job=260616014
POLYU-260616003,Research Assistant / Project Assistant,Research Assistant/Associate,PolyU,Hong Kong Polytechnic University,Department of Computing,2026-10-15,,FALSE,2026-06-17,2026-06-16,260616003,Full-time,,,https://jobs.polyu.edu.hk/job_detail.php?job=260616003
POLYU-260612014,Postdoctoral Fellow / Research Associate / Research Assistant,Postdoctoral,PolyU,Hong Kong Polytechnic University,Department of Biomedical Engineering,2026-10-30,,FALSE,2026-06-13,2026-06-12,260612014,Full-time,,,https://jobs.polyu.edu.hk/job_detail.php?job=260612014
POLYU-260609017,Research Associate / Research Assistant (Full-time/Part-time),Research Assistant/Associate,PolyU,Hong Kong Polytechnic University,Department of Industrial and Systems Engineering,2026-12-08,,FALSE,2026-06-10,2026-06-09,260609017,Full-time,,,https://jobs.polyu.edu.hk/job_detail.php?job=260609017
POLYU-260609016,Project Assistant,Non-Academic,PolyU,Hong Kong Polytechnic University,Department of Industrial and Systems Engineering,2026-11-24,,FALSE,2026-06-10,2026-06-09,260609016,Full-time,,,https://jobs.polyu.edu.hk/job_detail.php?job=260609016
POLYU-260609013,Postdoctoral Fellow,Postdoctoral,PolyU,Hong Kong Polytechnic University,Department of Mechanical Engineering,2026-12-08,,FALSE,2026-06-10,2026-06-09,260609013,Full-time,,,https://jobs.polyu.edu.hk/job_detail.php?job=260609013
POLYU-260609009,Postdoctoral Fellow / Research Associate / Research Assistant (Full-time/Part-time),Postdoctoral,PolyU,Hong Kong Polytechnic University,Department of Industrial and Systems Engineering,2026-11-24,,FALSE,2026-06-10,2026-06-09,260609009,Full-time,,,https://jobs.polyu.edu.hk/job_detail.php?job=260609009
POLYU-260527006,Research Fellow / Project Fellow / Postdoctoral Fellow / Research Associate / Research Assistant,Postdoctoral,PolyU,Hong Kong Polytechnic University,Department of Industrial and Systems Engineering,2026-11-11,,FALSE,2026-05-28,2026-05-27,260527006,Full-time,,,https://jobs.polyu.edu.hk/job_detail.php?job=260527006
POLYU-260527004,Postdoctoral Fellow,Postdoctoral,PolyU,Hong Kong Polytechnic University,Department of Mechanical Engineering,2026-11-26,,FALSE,2026-05-28,2026-05-27,260527004,Full-time,,,https://jobs.polyu.edu.hk/job_detail.php?job=260527004
POLYU-260522008,Postdoctoral Fellow / Part-time Project Technical Assistant,Postdoctoral,PolyU,Hong Kong Polytechnic University,Department of Aeronautical and Aviation Engineering,2026-11-20,,FALSE,2026-05-23,2026-05-22,260522008,Full-time,,,https://jobs.polyu.edu.hk/job_detail.php?job=260522008
POLYU-260520006,Postdoctoral Fellow / Project Associate / Project Assistant (Full-time/Part-time),Postdoctoral,PolyU,Hong Kong Polytechnic University,Department of Biomedical Engineering,2026-11-19,,FALSE,2026-05-21,2026-05-20,260520006,Full-time,,,https://jobs.polyu.edu.hk/job_detail.php?job=260520006
POLYU-260520005,Postdoctoral Fellow,Postdoctoral,PolyU,Hong Kong Polytechnic University,Department of Mechanical Engineering,2026-11-19,,FALSE,2026-05-21,2026-05-20,260520005,Full-time,,,https://jobs.polyu.edu.hk/job_detail.php?job=260520005
POLYU-260515007,Postdoctoral Fellow / Research Associate / Research Assistant (Full-time/Part-time),Postdoctoral,PolyU,Hong Kong Polytechnic University,Department of Mechanical Engineering,2026-11-13,,FALSE,2026-05-16,2026-05-15,260515007,Full-time,,,https://jobs.polyu.edu.hk/job_detail.php?job=260515007
POLYU-260515006,Postdoctoral Fellow / Research Associate / Research Assistant (Full-time/Part-time),Postdoctoral,PolyU,Hong Kong Polytechnic University,Department of Mechanical Engineering,2026-11-13,,FALSE,2026-05-16,2026-05-15,260515006,Full-time,,,https://jobs.polyu.edu.hk/job_detail.php?job=260515006
POLYU-260515005,Postdoctoral Fellow / Research Associate / Research Assistant (Full-time/Part-time),Postdoctoral,PolyU,Hong Kong Polytechnic University,Department of Mechanical Engineering,2026-11-13,,FALSE,2026-05-16,2026-05-15,260515005,Full-time,,,https://jobs.polyu.edu.hk/job_detail.php?job=260515005
POLYU-260515004,Postdoctoral Fellow / Research Associate / Research Assistant (Full-time/Part-time),Postdoctoral,PolyU,Hong Kong Polytechnic University,Department of Mechanical Engineering,2026-11-13,,FALSE,2026-05-16,2026-05-15,260515004,Full-time,,,https://jobs.polyu.edu.hk/job_detail.php?job=260515004
POLYU-260513013,Postdoctoral Fellow / Research Associate / Research Assistant,Postdoctoral,PolyU,Hong Kong Polytechnic University,Department of Industrial and Systems Engineering,2026-10-28,,FALSE,2026-05-14,2026-05-13,260513013,Full-time,,,https://jobs.polyu.edu.hk/job_detail.php?job=260513013
POLYU-260513009,Research Associate / Research Assistant (Full-time/Part-time),Research Assistant/Associate,PolyU,Hong Kong Polytechnic University,Department of Industrial and Systems Engineering,2026-11-12,,FALSE,2026-05-14,2026-05-13,260513009,Full-time,,,https://jobs.polyu.edu.hk/job_detail.php?job=260513009
POLYU-260513008,Research Associate / Research Assistant (Full-time/Part-time),Research Assistant/Associate,PolyU,Hong Kong Polytechnic University,Department of Industrial and Systems Engineering,2026-11-12,,FALSE,2026-05-14,2026-05-13,260513008,Full-time,,,https://jobs.polyu.edu.hk/job_detail.php?job=260513008
POLYU-260512013,Research Associate / Research Assistant (Full-time/Part-time),Research Assistant/Associate,PolyU,Hong Kong Polytechnic University,Department of Industrial and Systems Engineering,2026-11-03,,FALSE,2026-05-13,2026-05-12,260512013,Full-time,,,https://jobs.polyu.edu.hk/job_detail.php?job=260512013
POLYU-260508014,Part-time Research Fellow,Postdoctoral,PolyU,Hong Kong Polytechnic University,Department of Industrial and Systems Engineering,2026-10-23,,FALSE,2026-05-09,2026-05-08,260508014,Full-time,,,https://jobs.polyu.edu.hk/job_detail.php?job=260508014
POLYU-260508013,Part-time Research Fellow,Postdoctoral,PolyU,Hong Kong Polytechnic University,Department of Industrial and Systems Engineering,2026-10-23,,FALSE,2026-05-09,2026-05-08,260508013,Full-time,,,https://jobs.polyu.edu.hk/job_detail.php?job=260508013
POLYU-260508012,Part-time Research Fellow,Postdoctoral,PolyU,Hong Kong Polytechnic University,Department of Industrial and Systems Engineering,2026-10-23,,FALSE,2026-05-09,2026-05-08,260508012,Full-time,,,https://jobs.polyu.edu.hk/job_detail.php?job=260508012
POLYU-260506013,Postdoctoral Fellow / Research Associate / Research Assistant,Postdoctoral,PolyU,Hong Kong Polytechnic University,Department of Mechanical Engineering,2026-10-28,,FALSE,2026-05-07,2026-05-06,260506013,Full-time,,,https://jobs.polyu.edu.hk/job_detail.php?job=260506013
POLYU-260506012,Research Fellow / Postdoctoral Fellow / Research Associate / Research Assistant (Full-time/Part-time),Postdoctoral,PolyU,Hong Kong Polytechnic University,Department of Mechanical Engineering,2026-11-04,,FALSE,2026-05-07,2026-05-06,260506012,Full-time,,,https://jobs.polyu.edu.hk/job_detail.php?job=260506012
EDUHK-e15fe32a3a,Head of the Department of Literature and Cultural Studies,Senior Management,EdUHK,Education University of Hong Kong,Department of Literature and Cultural Studies,,,FALSE,2026-03-02,2026-03-02,,Full-time,,,https://www.eduhk.hk/cms/f/career/33006/HoD%28LCS%29_Job%20ad_Final.pdf
EDUHK-8b6f18eb6e,Head of the Department of Linguistics and Modern Language Studies,Senior Management,EdUHK,Education University of Hong Kong,Department of Linguistics and Modern Language Studies,,,FALSE,2026-03-02,2026-03-02,,Full-time,,,https://www.eduhk.hk/cms/f/career/33005/HoD%28LML%29_Job%20ad_Final.pdf
EDUHK-18b0a3cceb,Head of the Department of Science and Environmental Studies,Senior Management,EdUHK,Education University of Hong Kong,Department of Science and Environmental Studies,,,FALSE,2026-03-02,2026-03-02,,Full-time,,,https://www.eduhk.hk/cms/f/career/33004/HoD%28SES%29_Job%20ad_Final.pdf
EDUHK-b6ae2a7f09,Head of the Department of Early Childhood Education,Senior Management,EdUHK,Education University of Hong Kong,Faculty of Education and Human Development,,,FALSE,2026-02-24,2025-11-07,,Full-time,,,https://www.eduhk.hk/cms/f/career/32293/HoD%28ECE%29_ad.pdf
EDUHK-d62539d5c2,Head of the Department of Psychology,Senior Management,EdUHK,Education University of Hong Kong,Faculty of Education and Human Development,,,FALSE,2026-02-24,2025-09-03,,Full-time,,,https://www.eduhk.hk/cms/f/career/31465/HoD_PS_092025.pdf
EDUHK-c40ff1e36d,Head of the Department of Cultural and Creative Arts,Senior Management,EdUHK,Education University of Hong Kong,Faculty of Humanities,,,FALSE,2026-02-24,2025-08-27,,Full-time,,,https://www.eduhk.hk/cms/f/career/31404/HoD%28CCA%29_%20ad.pdf
EDUHK-b134bdf8c4,Head of the Department of Mathematics and Information Technology,Senior Management,EdUHK,Education University of Hong Kong,Faculty of Liberal Arts and Social Sciences,,,FALSE,2026-02-24,2025-08-25,,Full-time,,,https://www.eduhk.hk/cms/f/career/31354/HoD%28MIT%29_%20ad.pdf
EDUHK-63494a701d,Dean of the Faculty of Humanities,Senior Management,EdUHK,Education University of Hong Kong,Faculty of Humanities,,,FALSE,2026-02-24,2025-04-16,,Full-time,,,https://www.eduhk.hk/cms/f/career/29980/Dean%28HM%29.pdf
EDUHK-2600848,"Associate Professor / Assistant Professor / Research Assistant Professor – Human Resources, Management & Leadership",Associate Professor,EdUHK,Education University of Hong Kong,Academy for Educational Development and Innovation,,,FALSE,2026-09-22,2026-09-21,2600848,Full-time,,,https://www.eduhk.hk/cms/f/career/34856/AssoP_AP_RAP_AEDI_2600848.pdf
EDUHK-2600849,Assistant Professor / Research Assistant Professor – Tourism and Hospitality Management,Assistant Professor,EdUHK,Education University of Hong Kong,Academy for Educational Development and Innovation,,,FALSE,2026-09-22,2026-09-21,2600849,Full-time,,,https://www.eduhk.hk/cms/f/career/34855/AP_RAP_AEDI_2600849.pdf
EDUHK-2600703,Lecturer I (Fractional) (Several posts),Senior Lecturer/Lecturer,EdUHK,Education University of Hong Kong,"Centre for Learning, Teaching and Technology",,,FALSE,2026-08-15,2026-08-07,2600703,Full-time,,September 2026,https://www.eduhk.hk/cms/f/career/34364/LI%28Fractional%29_LTTC_2600690.pdf
EDUHK-2600435,Associate Professor / Assistant Professor / Research Assistant Professor (Several posts),Associate Professor,EdUHK,Education University of Hong Kong,Academy for Applied Policy Studies and Education Futures,,,FALSE,2026-06-10,2026-06-09,2600435,Full-time,,,https://www.eduhk.hk/cms/f/career/33693/AssoProf_AsstProf_RAP_AAPSEF_2600435.pdf
EDUHK-2600361,Assistant Professor - Educational Neuroscience,Assistant Professor,EdUHK,Education University of Hong Kong,Academy for Educational Development and Innovation,,,FALSE,2026-05-19,2026-05-18,2600361,Full-time,,,https://www.eduhk.hk/cms/f/career/33528/AsstP_AEDI_2600361.pdf
EDUHK-d5b4f8a3a8,Chair Professor / Professor / Associate Professor in Chinese History,Professor,EdUHK,Education University of Hong Kong,Academy for Educational Development and Innovation,,,FALSE,2026-02-24,2026-04-23,,Full-time,,,https://www.eduhk.hk/cms/f/career/33348/CP_P_AssoP%20in%20Chinese%20History.pdf
EDUHK-c8d8d33320,Professor / Associate Professor in Economics,Associate Professor,EdUHK,Education University of Hong Kong,Academy for Applied Policy Studies and Education Futures,,,FALSE,2026-02-24,2026-02-12,,Full-time,,,https://www.eduhk.hk/cms/f/career/32949/Job%20Ad_Prof%20Asso%20Prof%20in%20Econ.pdf
EDUHK-6a89ebfa76,Chair Professor / Professor / Associate Professor in Chinese Foreign Affairs and International Relations,Professor,EdUHK,Education University of Hong Kong,Academy for Applied Policy Studies and Education Futures,,,FALSE,2026-02-24,2026-01-02,,Full-time,,,https://www.eduhk.hk/cms/f/career/32667/20251231_Prof%20Asso%20Prof%20in%20Chinese%20Foreign%20Affairs%20and%20International%20Relations.pdf
EDUHK-efe01986b9,Professor / Associate Professor – Hospitality Management,Associate Professor,EdUHK,Education University of Hong Kong,Academy for Educational Development and Innovation,,,FALSE,2026-02-24,2025-12-02,,Full-time,,,https://www.eduhk.hk/cms/f/career/32505/20251202_Prof_AssoProf%28Hospitality%20Management%29_AEDI.pdf
EDUHK-567e343c00,"Chair Professor / Professor / Associate Professor in Artificial Intelligence (AI), Education, Environmental Science/Sustainability, Language and Linguistics, and Psychology [several openings]",Professor,EdUHK,Education University of Hong Kong,Artificial Intelligence,,,FALSE,2026-02-24,2025-10-16,,Full-time,,,https://www.eduhk.hk/cms/f/career/31764/ChairP_P%28Edu_PS_Ling_ESG_AI%29.pdf
EDUHK-c5750aa4c7,Professor / Associate Professor – Law <National Security and Legal Education>,Associate Professor,EdUHK,Education University of Hong Kong,Academy for Applied Policy Studies and Education Futures,,,FALSE,2026-02-24,2025-10-10,,Full-time,,,https://www.eduhk.hk/cms/f/career/31742/20250919%20JD%20%28PAP_NSLE%29.pdf
EDUHK-136053bd94,Professor / Associate Professor - Public Administration and Leadership,Associate Professor,EdUHK,Education University of Hong Kong,Academy for Applied Policy Studies and Education Futures,,,FALSE,2026-02-24,2025-10-06,,Full-time,,,https://www.eduhk.hk/cms/f/career/31706/20250919%20JD%20%28PAP_Public%20Admin%29.pdf
EDUHK-cb58c2381c,Professor / Associate Professor - Entrepreneurship and Leadership,Associate Professor,EdUHK,Education University of Hong Kong,Academy for Applied Policy Studies and Education Futures,,,FALSE,2026-02-24,2025-10-06,,Full-time,,,https://www.eduhk.hk/cms/f/career/31704/20250919%20JD%20%28PAP_Entrepreneurship%29.pdf
EDUHK-2500936,Chair Professor / Professor / Associate Professor - Global STEM Professorship Scheme,Professor,EdUHK,Education University of Hong Kong,Education University of Hong Kong,,,FALSE,2026-02-24,2025-08-27,2500936,Full-time,,,https://www.eduhk.hk/cms/f/career/31406/Global%20STEM%20Professorship%20Scheme_2500936.pdf
EDUHK-2500835,Senior Lecturer II / Lecturer I / Lecturer II,Senior Lecturer/Lecturer,EdUHK,Education University of Hong Kong,Academy for Applied Policy Studies and Education Futures,,,FALSE,2026-02-24,2025-08-01,2500835,Full-time,,,https://www.eduhk.hk/cms/f/career/30724/SLII_LI_LII_AAPSEF_2500835.pdf
EDUHK-2500834,Associate Professor / Assistant Professor / Research Assistant Professor,Associate Professor,EdUHK,Education University of Hong Kong,Academy for Applied Policy Studies and Education Futures,,,FALSE,2026-02-24,2025-08-01,2500834,Full-time,,,https://www.eduhk.hk/cms/f/career/30723/AssoP_AP_RAP_AAPSEF_2500834.pdf
EDUHK-2600821,Research Assistant I,Research Assistant/Associate,EdUHK,Education University of Hong Kong,Department of Mathematics and Information Technology,2026-10-01,,FALSE,2026-09-25,2026-09-24,2600821,Full-time,,,https://www.eduhk.hk/cms/f/career/34883/RAI_MIT_2600821.pdf
EDUHK-2600844,Research Assistant I,Research Assistant/Associate,EdUHK,Education University of Hong Kong,Academy for Educational Development and Innovation,2026-09-29,,FALSE,2026-09-23,2026-09-22,2600844,Full-time,,,https://www.eduhk.hk/cms/f/career/34860/RAI_AEDI_2600843.pdf
EDUHK-2600843,Research Assistant I,Research Assistant/Associate,EdUHK,Education University of Hong Kong,Department of Health and Physical Education,2026-09-29,,FALSE,2026-09-23,2026-09-22,2600843,Full-time,,,https://www.eduhk.hk/cms/f/career/34859/RAI_HPE_2600826.pdf
EDUHK-2600837,Senior Research Assistant / Research Assistant I,Research Assistant/Associate,EdUHK,Education University of Hong Kong,Department of Health and Physical Education,2026-09-29,,FALSE,2026-09-23,2026-09-22,2600837,Full-time,,,https://www.eduhk.hk/cms/f/career/34858/SRA_RAI_HPE_2600837.pdf
EDUHK-2600847,Senior Research Assistant / Research Assistant I,Research Assistant/Associate,EdUHK,Education University of Hong Kong,"Centre for Learning, Teaching and Technology",2026-10-02,,FALSE,2026-09-22,2026-09-21,2600847,Full-time,,,https://www.eduhk.hk/cms/f/career/34857/SRA_RAI_LTTC_2600847.pdf
EDUHK-2600845,Research Assistant I,Research Assistant/Associate,EdUHK,Education University of Hong Kong,Department of Psychology,2026-10-12,,FALSE,2026-09-22,2026-09-21,2600845,Full-time,,,https://www.eduhk.hk/cms/f/career/34849/RAI_PS_2600850.pdf
EDUHK-2600830,Senior Research Assistant (Part-time),Research Assistant/Associate,EdUHK,Education University of Hong Kong,Academy for Educational Development and Innovation,2026-09-30,,FALSE,2026-09-17,2026-09-16,2600830,Part-time,,,https://www.eduhk.hk/cms/f/career/34834/SRA%28PT%29_AEDI_2600830.pdf
EDUHK-2600809,Research Assistant I,Research Assistant/Associate,EdUHK,Education University of Hong Kong,Department of Social Sciences and Policy Studies,2026-09-28,,FALSE,2026-09-15,2026-09-14,2600809,Full-time,,,https://www.eduhk.hk/cms/f/career/34813/RAI_SSPS_2600809.pdf
LU-2995,Senior Manager/Manager (Administrative Support and Institutional Risk),Non-Academic,LU,Lingnan University,OCCBGA,,,FALSE,2026-05-14,2026-09-25,2995,Full-time,,,https://lingnan.csod.com/ux/ats/careersite/4/home/requisition/2995?c=lingnan
LU-3097,Postdoctoral Fellow (MSoDA),Postdoctoral,LU,Lingnan University,Department of Sociology and Social Policy,,,FALSE,2026-09-19,2026-09-18,3097,Full-time,,,https://lingnan.csod.com/ux/ats/careersite/4/home/requisition/3097?c=lingnan
LU-3057,Information Manager,Non-Academic,LU,Lingnan University,ITSC,,,FALSE,2026-08-01,2026-09-18,3057,Full-time,,,https://lingnan.csod.com/ux/ats/careersite/4/home/requisition/3057?c=lingnan
LU-3098,Assistant Manager I (Technology Transfer and Business Development),Non-Academic,LU,Lingnan University,ORKT,,,FALSE,2026-09-19,2026-09-17,3098,Full-time,,,https://lingnan.csod.com/ux/ats/careersite/4/home/requisition/3098?c=lingnan
LU-3096,Assistant Administrative Officer,Non-Academic,LU,Lingnan University,Department of Cultural Studies,,,FALSE,2026-09-19,2026-09-17,3096,Full-time,,,https://lingnan.csod.com/ux/ats/careersite/4/home/requisition/3096?c=lingnan
LU-3095,Programme Officer,Non-Academic,LU,Lingnan University,Department of History,,,FALSE,2026-09-18,2026-09-17,3095,Full-time,,,https://lingnan.csod.com/ux/ats/careersite/4/home/requisition/3095?c=lingnan
LU-3056,Alumni Affairs Officer/ Assistant Alumni Affairs Officer,Non-Academic,LU,Lingnan University,OIAAA,,,FALSE,2026-07-28,2026-09-16,3056,Full-time,,,https://lingnan.csod.com/ux/ats/careersite/4/home/requisition/3056?c=lingnan
LU-3094,Assistant Administrative Officer,Non-Academic,LU,Lingnan University,Department of Economics,,,FALSE,2026-09-17,2026-09-15,3094,Full-time,,,https://lingnan.csod.com/ux/ats/careersite/4/home/requisition/3094?c=lingnan
LU-3093,"Assistant Programme Officer, Taught Postgraduate Programmes Office",Non-Academic,LU,Lingnan University,Faculty of Business,,,FALSE,2026-09-17,2026-09-15,3093,Full-time,,,https://lingnan.csod.com/ux/ats/careersite/4/home/requisition/3093?c=lingnan
LU-3092,Postdoctoral Fellow (two posts),Postdoctoral,LU,Lingnan University,Department of Sociology and Social Policy,,,FALSE,2026-09-16,2026-09-15,3092,Full-time,,,https://lingnan.csod.com/ux/ats/careersite/4/home/requisition/3092?c=lingnan
LU-3091,Project Officer / Assistant Project Officer,Non-Academic,LU,Lingnan University,Hong Kong and South China Historical Research Programme,,,FALSE,2026-09-16,2026-09-15,3091,Full-time,,,https://lingnan.csod.com/ux/ats/careersite/4/home/requisition/3091?c=lingnan
LU-3073,Senior Administrative Officer (TPg Programme Team),Non-Academic,LU,Lingnan University,School of Graduate Studies,,,FALSE,2026-08-22,2026-09-14,3073,Full-time,,,https://lingnan.csod.com/ux/ats/careersite/4/home/requisition/3073?c=lingnan
LU-2980,Administrative Officer (Technology Transfer and Entrepreneurship),Non-Academic,LU,Lingnan University,ORKT,,,FALSE,2026-06-03,2026-09-11,2980,Full-time,,,https://lingnan.csod.com/ux/ats/careersite/4/home/requisition/2980?c=lingnan
LU-3050,Senior Information Officer,Non-Academic,LU,Lingnan University,ITSC,,,FALSE,2026-07-15,2026-09-10,3050,Full-time,,,https://lingnan.csod.com/ux/ats/careersite/4/home/requisition/3050?c=lingnan
LU-3036,Senior Information Security Analyst (at the rank of Senior Officer),Non-Academic,LU,Lingnan University,ITSC,,,FALSE,2026-07-04,2026-09-10,3036,Full-time,,,https://lingnan.csod.com/ux/ats/careersite/4/home/requisition/3036?c=lingnan
LU-2785,Collection Development and Management Librarian (at the rank of Manager),Non-Academic,LU,Lingnan University,Library,,,FALSE,2026-02-23,2026-09-10,2785,Full-time,,,https://lingnan.csod.com/ux/ats/careersite/4/home/requisition/2785?c=lingnan
LU-3090,Senior Administrative Officer,Non-Academic,LU,Lingnan University,Registry,,,FALSE,2026-09-11,2026-09-10,3090,Full-time,,,https://lingnan.csod.com/ux/ats/careersite/4/home/requisition/3090?c=lingnan
LU-3089,"Programme Officer, Taught Postgraduate Programmes Office",Non-Academic,LU,Lingnan University,Office of the Faculty of Business,,,FALSE,2026-09-12,2026-09-09,3089,Full-time,,,https://lingnan.csod.com/ux/ats/careersite/4/home/requisition/3089?c=lingnan
LU-3088,Accounting Officer,Non-Academic,LU,Lingnan University,Finance Office,,,FALSE,2026-09-09,2026-09-08,3088,Full-time,,,https://lingnan.csod.com/ux/ats/careersite/4/home/requisition/3088?c=lingnan
LU-3086,Part-time Assistant Research Officer,Research Assistant/Associate,LU,Lingnan University,Department of Psychology,,,FALSE,2026-09-09,2026-09-08,3086,Part-time,,,https://lingnan.csod.com/ux/ats/careersite/4/home/requisition/3086?c=lingnan
LU-3013,Senior Administrative Officer / Administrative Officer,Non-Academic,LU,Lingnan University,Office of the Faculty of Business,,,FALSE,2026-06-02,2026-09-08,3013,Full-time,,,https://lingnan.csod.com/ux/ats/careersite/4/home/requisition/3013?c=lingnan
LU-3087,Assistant Library Officer (Learning Support),Non-Academic,LU,Lingnan University,Library,,,FALSE,2026-09-10,2026-09-07,3087,Full-time,,,https://lingnan.csod.com/ux/ats/careersite/4/home/requisition/3087?c=lingnan
LU-3084,"Assistant Admin Manager II / Senior Admin Officer, TPO",Non-Academic,LU,Lingnan University,Office of the Faculty of Business,,,FALSE,2026-09-08,2026-09-06,3084,Full-time,,,https://lingnan.csod.com/ux/ats/careersite/4/home/requisition/3084?c=lingnan
LU-3083,Senior Administrative Officer / Administrative Officer,Non-Academic,LU,Lingnan University,Office of the Faculty of Business,,,FALSE,2026-09-08,2026-09-06,3083,Full-time,,,https://lingnan.csod.com/ux/ats/careersite/4/home/requisition/3083?c=lingnan
LU-3085,Administrative Manager (Research Postgraduate Team),Non-Academic,LU,Lingnan University,School of Graduate Studies,,,FALSE,2026-09-08,2026-09-06,3085,Full-time,,,https://lingnan.csod.com/ux/ats/careersite/4/home/requisition/3085?c=lingnan
LU-3081,Associate Professor,Associate Professor,LU,Lingnan University,School of Graduate Studies,,,FALSE,2026-09-03,2026-09-02,3081,Full-time,,,https://lingnan.csod.com/ux/ats/careersite/4/home/requisition/3081?c=lingnan
LU-3002,"Assistant Manager, Learning Enhancement",Non-Academic,LU,Lingnan University,CITAL,,,FALSE,2026-05-20,2026-09-01,3002,Full-time,,,https://lingnan.csod.com/ux/ats/careersite/4/home/requisition/3002?c=lingnan
LU-3082,Associate Director,Non-Academic,LU,Lingnan University,School of Graduate Studies,,,FALSE,2026-09-01,2026-08-31,3082,Full-time,,,https://lingnan.csod.com/ux/ats/careersite/4/home/requisition/3082?c=lingnan
LU-3080,Postdoctoral Fellow,Postdoctoral,LU,Lingnan University,RGC Junior Research Fellow Scheme (JRFS) - 2027/28 Exercise,,,FALSE,2026-09-01,2026-08-30,3080,Full-time,,,https://lingnan.csod.com/ux/ats/careersite/4/home/requisition/3080?c=lingnan
LU-3079,Postdoctoral Fellow,Postdoctoral,LU,Lingnan University,JC STEM Early Career Research Fellowship for Translation and Application (26/27),,,FALSE,2026-09-01,2026-08-30,3079,Full-time,,,https://lingnan.csod.com/ux/ats/careersite/4/home/requisition/3079?c=lingnan
LU-3078,Senior Research Officer,Research Assistant/Associate,LU,Lingnan University,Division of Science,,,FALSE,2026-08-28,2026-08-27,3078,Full-time,,,https://lingnan.csod.com/ux/ats/careersite/4/home/requisition/3078?c=lingnan
LU-3077,Assistant Administrative Officer,Non-Academic,LU,Lingnan University,Department of Economics,,,FALSE,2026-08-28,2026-08-26,3077,Full-time,,,https://lingnan.csod.com/ux/ats/careersite/4/home/requisition/3077?c=lingnan
LU-3076,Senior Research Officer / Research Officer,Research Assistant/Associate,LU,Lingnan University,Department of Sociology and Social Policy,,,FALSE,2026-08-28,2026-08-26,3076,Full-time,,,https://lingnan.csod.com/ux/ats/careersite/4/home/requisition/3076?c=lingnan
LU-3029,Senior Information Officer,Non-Academic,LU,Lingnan University,ITSC,,,FALSE,2026-06-16,2026-08-26,3029,Full-time,,,https://lingnan.csod.com/ux/ats/careersite/4/home/requisition/3029?c=lingnan
LU-2643,HPC System Administrator,Non-Academic,LU,Lingnan University,ITSC,,,FALSE,2026-02-23,2026-08-26,2643,Full-time,,,https://lingnan.csod.com/ux/ats/careersite/4/home/requisition/2643?c=lingnan
LU-3075,Assistant Human Resources Officer,Non-Academic,LU,Lingnan University,Human Resources Office,,,FALSE,2026-08-27,2026-08-25,3075,Full-time,,,https://lingnan.csod.com/ux/ats/careersite/4/home/requisition/3075?c=lingnan
LU-3074,Associate Professor / Assistant Professor,Associate Professor,LU,Lingnan University,Department of English,,,FALSE,2026-08-26,2026-08-24,3074,Full-time,,,https://lingnan.csod.com/ux/ats/careersite/4/home/requisition/3074?c=lingnan
LU-3048,Senior Project Officer,Non-Academic,LU,Lingnan University,Office of Service-Learning,,,FALSE,2026-07-11,2026-08-18,3048,Full-time,,,https://lingnan.csod.com/ux/ats/careersite/4/home/requisition/3048?c=lingnan
LU-3071,Assistant Administrative Officer (TPg Programme Team),Non-Academic,LU,Lingnan University,School of Graduate Studies,,,FALSE,2026-08-14,2026-08-12,3071,Full-time,,,https://lingnan.csod.com/ux/ats/careersite/4/home/requisition/3071?c=lingnan
LU-3070,"Administrative Officer, Undergraduate Programmes Office",Non-Academic,LU,Lingnan University,Office of the Faculty of Business,,,FALSE,2026-08-13,2026-08-11,3070,Full-time,,,https://lingnan.csod.com/ux/ats/careersite/4/home/requisition/3070?c=lingnan
LU-3067,"Assistant Administrative Officer, Taught Postgraduate Programmes Office",Non-Academic,LU,Lingnan University,Faculty of Business,,,FALSE,2026-08-12,2026-08-10,3067,Full-time,,,https://lingnan.csod.com/ux/ats/careersite/4/home/requisition/3067?c=lingnan
LU-3066,Senior Programme Officer,Non-Academic,LU,Lingnan University,Division of Industrial Data Science,,,FALSE,2026-08-11,2026-08-10,3066,Full-time,,,https://lingnan.csod.com/ux/ats/careersite/4/home/requisition/3066?c=lingnan
LU-3058,Assistant Manager I (Technology Transfer and Business Development),Non-Academic,LU,Lingnan University,ORKT,,,FALSE,2026-08-07,2026-08-06,3058,Full-time,Commensurate with qualifications and experience,,https://lingnan.csod.com/ux/ats/careersite/4/home/requisition/3058?c=lingnan
LU-3062,Senior Administrative Officer/Administrative Officer,Non-Academic,LU,Lingnan University,Division of Artificial Intelligence,,,FALSE,2026-08-06,2026-08-04,3062,Full-time,,,https://lingnan.csod.com/ux/ats/careersite/4/home/requisition/3062?c=lingnan
LU-2933,Part-time Helper,Non-Academic,LU,Lingnan University,Office of National Engagement,,,FALSE,2026-03-07,2026-07-31,2933,Part-time,,,https://lingnan.csod.com/ux/ats/careersite/4/home/requisition/2933?c=lingnan
LU-3061,Senior Human Resources Officer / Human Resources Officer,Non-Academic,LU,Lingnan University,Human Resources Office,,,FALSE,2026-08-01,2026-07-30,3061,Full-time,,,https://lingnan.csod.com/ux/ats/careersite/4/home/requisition/3061?c=lingnan
LU-3060,Senior Administrative Officer,Non-Academic,LU,Lingnan University,Division of Industrial Data Science,,,FALSE,2026-07-30,2026-07-29,3060,Full-time,,,https://lingnan.csod.com/ux/ats/careersite/4/home/requisition/3060?c=lingnan
LU-3059,Research Assistant Professor,Assistant Professor,LU,Lingnan University,Department of Digital Arts and Creative Industries,,,FALSE,2026-07-31,2026-07-28,3059,Full-time,,,https://lingnan.csod.com/ux/ats/careersite/4/home/requisition/3059?c=lingnan
LU-3055,Assistant Manager I,Non-Academic,LU,Lingnan University,Office of Global Education,,,FALSE,2026-07-25,2026-07-24,3055,Full-time,,,https://lingnan.csod.com/ux/ats/careersite/4/home/requisition/3055?c=lingnan
LU-3054,Associate Professor of Teaching / Assistant Professor of Teaching / Senior Lecturer,Associate Professor,LU,Lingnan University,GS,,,FALSE,2026-07-25,2026-07-23,3054,Full-time,,,https://lingnan.csod.com/ux/ats/careersite/4/home/requisition/3054?c=lingnan
LU-3053,Associate Director,Non-Academic,LU,Lingnan University,Office of Global Education,,,FALSE,2026-07-24,2026-07-23,3053,Full-time,,,https://lingnan.csod.com/ux/ats/careersite/4/home/requisition/3053?c=lingnan
LU-3052,Assistant Research Officer,Research Assistant/Associate,LU,Lingnan University,School of Graduate Studies,,,FALSE,2026-07-23,2026-07-21,3052,Full-time,,,https://lingnan.csod.com/ux/ats/careersite/4/home/requisition/3052?c=lingnan
LU-3051,Assistant Professor of Teaching,Assistant Professor,LU,Lingnan University,Wu Jieh Yee School of Interdisciplinary Studies (Post Ref.: 26/199),,,FALSE,2026-07-17,2026-07-15,3051,Full-time,,,https://lingnan.csod.com/ux/ats/careersite/4/home/requisition/3051?c=lingnan
LU-3047,Assistant Research Officer / Research Officer,Research Assistant/Associate,LU,Lingnan University,Department of Psychology,,,FALSE,2026-07-11,2026-07-10,3047,Full-time,,,https://lingnan.csod.com/ux/ats/careersite/4/home/requisition/3047?c=lingnan
LU-3043,Assistant Research Officer / Research Officer,Research Assistant/Associate,LU,Lingnan University,WJLCCPRC,,,FALSE,2026-07-04,2026-07-03,3043,Full-time,,,https://lingnan.csod.com/ux/ats/careersite/4/home/requisition/3043?c=lingnan
LU-3040,Business Manager (Procurement),Non-Academic,LU,Lingnan University,Finance Office,,,FALSE,2026-07-03,2026-07-02,3040,Full-time,,,https://lingnan.csod.com/ux/ats/careersite/4/home/requisition/3040?c=lingnan
LU-3031,Chair Professor and Dean,Professor,LU,Lingnan University,Wu Jieh Yee School of Interdisciplinary Studies,,,FALSE,2026-06-18,2026-06-17,3031,Full-time,,,https://lingnan.csod.com/ux/ats/careersite/4/home/requisition/3031?c=lingnan
LU-2805,Information Manager (Virtualisation Services),Non-Academic,LU,Lingnan University,ITSC,,,FALSE,2026-02-23,2026-06-15,2805,Full-time,,,https://lingnan.csod.com/ux/ats/careersite/4/home/requisition/2805?c=lingnan
LU-3027,Assistant Professor,Assistant Professor,LU,Lingnan University,Department of Philosophy,,,FALSE,2026-06-12,2026-06-11,3027,Full-time,,,https://lingnan.csod.com/ux/ats/careersite/4/home/requisition/3027?c=lingnan
LU-2987,Assistant Programme Manager I,Non-Academic,LU,Lingnan University,Division of Artificial Intelligence,,,FALSE,2026-05-08,2026-06-09,2987,Full-time,,,https://lingnan.csod.com/ux/ats/careersite/4/home/requisition/2987?c=lingnan
LU-3018,Assistant Administrative Officer,Non-Academic,LU,Lingnan University,Dr Raymond Wong Research Centre for Arts Technology and Business,,,FALSE,2026-06-06,2026-06-05,3018,Full-time,,,https://lingnan.csod.com/ux/ats/careersite/4/home/requisition/3018?c=lingnan
LU-3017,Assistant Library Officer (at the rank of Assistant Officer),Non-Academic,LU,Lingnan University,Library,,,FALSE,2026-06-06,2026-06-05,3017,Full-time,,,https://lingnan.csod.com/ux/ats/careersite/4/home/requisition/3017?c=lingnan
LU-3011,Assistant Research Officer,Research Assistant/Associate,LU,Lingnan University,Division of Science,,,FALSE,2026-05-28,2026-05-27,3011,Full-time,,,https://lingnan.csod.com/ux/ats/careersite/4/home/requisition/3011?c=lingnan
LU-3007,Senior Project Officer/Project Officer,Non-Academic,LU,Lingnan University,Asia-Pacific Institute of Ageing Studies,,,FALSE,2026-05-27,2026-05-26,3007,Full-time,,,https://lingnan.csod.com/ux/ats/careersite/4/home/requisition/3007?c=lingnan
LU-3004,Postdoctoral Fellow,Postdoctoral,LU,Lingnan University,Hong Kong Institute of Business Studies,,,FALSE,2026-05-27,2026-05-22,3004,Full-time,,,https://lingnan.csod.com/ux/ats/careersite/4/home/requisition/3004?c=lingnan
LU-3003,Professor/Associate Professor/Assistant Professor in Creative Industries,Associate Professor,LU,Lingnan University,DACI,,,FALSE,2026-05-23,2026-05-20,3003,Full-time,,,https://lingnan.csod.com/ux/ats/careersite/4/home/requisition/3003?c=lingnan
LU-3000,Research Assistant Professor,Assistant Professor,LU,Lingnan University,School of Graduate Studies,,,FALSE,2026-05-19,2026-05-18,3000,Full-time,,,https://lingnan.csod.com/ux/ats/careersite/4/home/requisition/3000?c=lingnan
LU-2990,Senior Research Officer / Research Officer,Research Assistant/Associate,LU,Lingnan University,Department of Digital Arts and Creative Industries,,,FALSE,2026-05-08,2026-05-07,2990,Full-time,,,https://lingnan.csod.com/ux/ats/careersite/4/home/requisition/2990?c=lingnan
LU-2985,Asst Programme Manager II/Senior Programme Officer,Non-Academic,LU,Lingnan University,Wu Jieh Yee School of Interdisciplinary Studies,,,FALSE,2026-05-05,2026-05-04,2985,Full-time,,,https://lingnan.csod.com/ux/ats/careersite/4/home/requisition/2985?c=lingnan
LU-2964,Postdoctoral Fellow,Postdoctoral,LU,Lingnan University,Division of Industrial Data Science,,,FALSE,2026-04-11,2026-04-10,2964,Full-time,,,https://lingnan.csod.com/ux/ats/careersite/4/home/requisition/2964?c=lingnan
LU-2873,Assistant Programme Manager II / Senior Programme Officer,Non-Academic,LU,Lingnan University,Division of Industrial Data Science,,,FALSE,2026-02-23,2026-03-24,2873,Full-time,,,https://lingnan.csod.com/ux/ats/careersite/4/home/requisition/2873?c=lingnan
LU-2942,Postdoctoral Fellow,Postdoctoral,LU,Lingnan University,Division of Industrial Data Science,,,TRUE,2026-09-28,2026-03-19,2942,Full-time,,,https://lingnan.csod.com/ux/ats/careersite/4/home/requisition/2942?c=lingnan
LU-2874,Programme Officer,Non-Academic,LU,Lingnan University,Division of Industrial Data Science,,,FALSE,2026-02-23,2026-02-24,2874,Full-time,,,https://lingnan.csod.com/ux/ats/careersite/4/home/requisition/2874?c=lingnan
LU-2922,"Senior Programme Officer, Taught Postgraduate Programmes Office",Non-Academic,LU,Lingnan University,Office of the Faculty of Business,,,FALSE,2026-02-24,2026-02-23,2922,Full-time,,,https://lingnan.csod.com/ux/ats/careersite/4/home/requisition/2922?c=lingnan
LU-2918,Programme Officer,Non-Academic,LU,Lingnan University,Division of Artificial Intelligence,,,FALSE,2026-02-23,2026-02-13,2918,Full-time,,,https://lingnan.csod.com/ux/ats/careersite/4/home/requisition/2918?c=lingnan
LU-2910,Associate Professor of Teaching / Assistant Professor of Teaching,Associate Professor,LU,Lingnan University,Department of Management,,,FALSE,2026-02-23,2026-02-09,2910,Full-time,,,https://lingnan.csod.com/ux/ats/careersite/4/home/requisition/2910?c=lingnan
LU-2896,Assistant Programme Manager II / Senior Programme Officer,Non-Academic,LU,Lingnan University,Division of Artificial Intelligence,,,FALSE,2026-02-23,2026-02-02,2896,Full-time,,,https://lingnan.csod.com/ux/ats/careersite/4/home/requisition/2896?c=lingnan
LU-2895,Senior Programme Officer,Non-Academic,LU,Lingnan University,Division of Artificial Intelligence,,,FALSE,2026-02-23,2026-02-02,2895,Full-time,,,https://lingnan.csod.com/ux/ats/careersite/4/home/requisition/2895?c=lingnan
LU-2875,Research Assistant Professor,Assistant Professor,LU,Lingnan University,Institute of Insurance and Risk Management,,,FALSE,2026-02-23,2025-12-23,2875,Full-time,,,https://lingnan.csod.com/ux/ats/careersite/4/home/requisition/2875?c=lingnan
LU-2635,Postdoctoral Fellow - Philosophy of Contemporary & Future Science,Postdoctoral,LU,Lingnan University,Department of Philosophy,,,FALSE,2026-02-23,2025-12-22,2635,Fixed-term,,,https://lingnan.csod.com/ux/ats/careersite/4/home/requisition/2635?c=lingnan
LU-2868,Research Assistant Professor,Assistant Professor,LU,Lingnan University,Office of the Faculty of Business,,,FALSE,2026-02-23,2025-12-17,2868,Full-time,,,https://lingnan.csod.com/ux/ats/careersite/4/home/requisition/2868?c=lingnan
LU-2780,Senior Administrative Officer / Administrative Officer,Non-Academic,LU,Lingnan University,Division of Artificial Intelligence,,,FALSE,2026-02-23,2025-09-03,2780,Full-time,,,https://lingnan.csod.com/ux/ats/careersite/4/home/requisition/2780?c=lingnan
LU-2716,Research Officer,Research Assistant/Associate,LU,Lingnan University,The Advanced Institute for Global Chinese Studies,,,FALSE,2026-02-23,2025-09-02,2716,Full-time,,,https://lingnan.csod.com/ux/ats/careersite/4/home/requisition/2716?c=lingnan
LU-2770,Chair Professor,Professor,LU,Lingnan University,Department of Accountancy,,,FALSE,2026-02-23,2025-08-19,2770,Full-time,,,https://lingnan.csod.com/ux/ats/careersite/4/home/requisition/2770?c=lingnan
LU-2750,Programme Officer,Non-Academic,LU,Lingnan University,Division of Industrial Data Science,,,TRUE,2026-09-28,2025-07-25,2750,Full-time,,,https://lingnan.csod.com/ux/ats/careersite/4/home/requisition/2750?c=lingnan
LU-2732,Senior Programme Officer / Programme Officer,Non-Academic,LU,Lingnan University,Division of Artificial Intelligence,,,FALSE,2026-02-23,2025-07-21,2732,Full-time,,,https://lingnan.csod.com/ux/ats/careersite/4/home/requisition/2732?c=lingnan
LU-2737,Senior Programme Officer / Programme Officer,Non-Academic,LU,Lingnan University,Division of Industrial Data Science,,,FALSE,2026-02-23,2025-07-09,2737,Full-time,,,https://lingnan.csod.com/ux/ats/careersite/4/home/requisition/2737?c=lingnan
LU-2663,Associate Professor/Assistant Professor,Associate Professor,LU,Lingnan University,Division of Artificial Intelligence,,,FALSE,2026-02-23,2025-05-19,2663,Full-time,,,https://lingnan.csod.com/ux/ats/careersite/4/home/requisition/2663?c=lingnan
LU-2608,Senior Administrative Officer / Administrative Officer,Non-Academic,LU,Lingnan University,Institute of Insurance and Risk Management,,,FALSE,2026-02-23,2025-04-08,2608,Full-time,,,https://lingnan.csod.com/ux/ats/careersite/4/home/requisition/2608?c=lingnan
LU-2592,Part-time Clerk,Non-Academic,LU,Lingnan University,Lingnan Institute of Further Education,,,FALSE,2026-02-23,2025-01-07,2592,Part-time,,,https://lingnan.csod.com/ux/ats/careersite/4/home/requisition/2592?c=lingnan
LU-2269,"Senior Programme Officer/Programme Officer,Taught Postgraduate Programmes Office",Non-Academic,LU,Lingnan University,Faculty of Business,,,FALSE,2026-02-23,2024-10-17,2269,Full-time,,,https://lingnan.csod.com/ux/ats/careersite/4/home/requisition/2269?c=lingnan
LU-2479,Postdoctoral Fellow,Postdoctoral,LU,Lingnan University,JC STEM Early Career Research Fellowship for Translation and Application (24/25),,,FALSE,2026-02-23,2024-09-05,2479,Full-time,,,https://lingnan.csod.com/ux/ats/careersite/4/home/requisition/2479?c=lingnan
LU-2452,Postdoctoral Fellow,Postdoctoral,LU,Lingnan University,LU Presidential Postdoctoral Research Fellowship Scheme,,,FALSE,2026-02-23,2024-08-21,2452,Full-time,,,https://lingnan.csod.com/ux/ats/careersite/4/home/requisition/2452?c=lingnan
LU-2451,Chair Professor / Professor / Associate Professor / Assistant Professor,Professor,LU,Lingnan University,Lingnan-60,,,FALSE,2026-02-23,2024-08-21,2451,Full-time,,,https://lingnan.csod.com/ux/ats/careersite/4/home/requisition/2451?c=lingnan
LU-2267,"Administrative Officer, Taught Postgraduate Programmes Office",Non-Academic,LU,Lingnan University,Faculty of Business,,,FALSE,2026-02-23,2024-05-10,2267,Full-time,,,https://lingnan.csod.com/ux/ats/careersite/4/home/requisition/2267?c=lingnan
HKU-537185,"Research Assistant I/II in the Division of Health Economics, Policy and Management",Research Assistant/Associate,HKU,University of Hong Kong,School of Public Health (22400),2026-10-24,,FALSE,2026-09-26,,537185,Full-time,,As soon as possible.,https://jobs.hku.hk/en/job/537185/research-assistant-iii-in-the-division-of-health-economics-policy-and-management
HKU-537441,Hall Executive (at the rank of Clerk II),Non-Academic,HKU,University of Hong Kong,Centre of Development and Resources for Students (50000),2026-11-30,,FALSE,2026-09-26,,537441,Full-time,,,https://jobs.hku.hk/en/job/537441/hall-executive-at-the-rank-of-clerk-ii
HKU-537449,Student Advising Officer (at the rank of Executive Officer),Non-Academic,HKU,University of Hong Kong,Centre of Development and Resources for Students (50000),2026-10-25,,FALSE,2026-09-26,,537449,Full-time,,As soon as possible,https://jobs.hku.hk/en/job/537449/student-advising-officer-at-the-rank-of-executive-officer
HKU-537474,"Manager, EMBA Marketing (at the rank of Executive Officer)",Non-Academic,HKU,University of Hong Kong,Faculty of Business and Economics (07000),2026-10-15,,FALSE,2026-09-26,,537474,Full-time,,,https://jobs.hku.hk/en/job/537474/manager-emba-marketing-at-the-rank-of-executive-officer
HKU-537477,Research Assistant I/II in Hong Kong Jockey Club Global Health Institute (HKJCGHI) of the School of Public Health,Research Assistant/Associate,HKU,University of Hong Kong,School of Public Health (22400),2026-12-24,,FALSE,2026-09-26,,537477,Full-time,,As soon as possible.,https://jobs.hku.hk/en/job/537477/research-assistant-iii-in-hong-kong-jockey-club-global-health-institute-hkjcghi-of-the-school-of-public-health
HKU-537483,"Executive Assistant, EMBA (at the rank of Clerk II)",Non-Academic,HKU,University of Hong Kong,Faculty of Business and Economics (07000),2026-10-15,,FALSE,2026-09-26,,537483,Full-time,,,https://jobs.hku.hk/en/job/537483/executive-assistant-emba-at-the-rank-of-clerk-ii
HKU-537491,Part Time Research Assistant I / II,Research Assistant/Associate,HKU,University of Hong Kong,Centre for Information Technology in Education within the Faculty of Education (10001),2026-10-15,,FALSE,2026-09-26,,537491,Full-time,,,https://jobs.hku.hk/en/job/537491/part-time-research-assistant-i-ii
HKU-537497,Post-doctoral Fellow,Postdoctoral,HKU,University of Hong Kong,"Department of Microbiology, School of Clinical Medicine (20700)",2027-03-31,,FALSE,2026-09-26,,537497,Full-time,,,https://jobs.hku.hk/en/job/537497/postdoctoral-fellow
HKU-537427,Post-doctoral Fellow in Photonics in the Department of Physics,Postdoctoral,HKU,University of Hong Kong,Department of Physics (25600),2027-03-18,,FALSE,2026-09-25,,537427,Full-time,,As soon as possible.,https://jobs.hku.hk/en/job/537427/postdoctoral-fellow-in-photonics-in-the-department-of-physics
HKU-537448,"Senior Executive Assistant, Communications and Public Relations (at the rank of Clerk I)",Non-Academic,HKU,University of Hong Kong,Faculty of Business and Economics (07000),2026-10-14,,FALSE,2026-09-25,,537448,Full-time,,,https://jobs.hku.hk/en/job/537448/senior-executive-assistant-communications-and-public-relations-at-the-rank-of-clerk-i
HKU-537453,Senior Project Officer/Project Officer (at the rank of Clerk I/II),Non-Academic,HKU,University of Hong Kong,Li Ka Shing Faculty of Medicine (20000),2026-10-23,,FALSE,2026-09-25,,537453,Full-time,,As soon as possible,https://jobs.hku.hk/en/job/537453/senior-project-officerproject-officer-at-the-rank-of-clerk-iii
HKU-537456,"Admissions Manager, Marketing and Admissions (Chinese Mainland Outreach), Masters Programmes (at the rank of Executive Officer)",Non-Academic,HKU,University of Hong Kong,Faculty of Business and Economics (07000),2026-10-14,,FALSE,2026-09-25,,537456,Full-time,,As soon as possible,https://jobs.hku.hk/en/job/537456/admissions-manager-marketing-and-admissions-chinese-mainland-outreach-masters-programmes-at-the-rank-of-executive-officer
HKU-537461,"Clerk II, Academic Area Administration (holding the functional title of Executive Assistant)",Non-Academic,HKU,University of Hong Kong,Faculty of Business and Economics (07000),2026-10-14,,FALSE,2026-09-25,,537461,Full-time,,As soon as possible.,https://jobs.hku.hk/en/job/537461/clerk-ii-academic-area-administration-holding-the-functional-title-of-executive-assistant
HKU-537467,Executive Officer,Non-Academic,HKU,University of Hong Kong,Li Ka Shing Faculty of Medicine (20000),2026-10-23,,FALSE,2026-09-25,,537467,Full-time,,,https://jobs.hku.hk/en/job/537467/executive-officer
HKU-537469,Executive Assistant,Non-Academic,HKU,University of Hong Kong,Social Sciences Research Centre (30700),2026-10-26,,FALSE,2026-09-25,,537469,Full-time,,,https://jobs.hku.hk/en/job/537469/executive-assistant
HKU-537397,香港大學嘉道理中心聘請: 設施服務員,Other,HKU,University of Hong Kong,HKU Kadoorie Centre (53000),2026-10-23,,FALSE,2026-09-24,,537397,Full-time,,,https://jobs.hku.hk/en/job/537397/香港大學嘉道理中心聘請-設施服務員
HKU-537406,Senior Research Assistant,Research Assistant/Associate,HKU,University of Hong Kong,"Department of Medicine, School of Clinical Medicine (20600)",2026-10-23,,FALSE,2026-09-24,,537406,Full-time,,,https://jobs.hku.hk/en/job/537406/senior-research-assistant
HKU-537420,Post-doctoral Fellow (several posts) in Peptide Chemistry and Bioconjugation,Postdoctoral,HKU,University of Hong Kong,"Department of Medicine, School of Clinical Medicine (20600)",2026-12-31,,FALSE,2026-09-24,,537420,Full-time,,,https://jobs.hku.hk/en/job/537420/postdoctoral-fellow-several-posts-in-peptide-chemistry-and-bioconjugation
HKU-537438,Research Assistant I/II in the Division of Respiratory Medicine of the Department of Medicine,Research Assistant/Associate,HKU,University of Hong Kong,"Department of Medicine, School of Clinical Medicine (20600)",2026-10-23,,FALSE,2026-09-24,,537438,Full-time,,,https://jobs.hku.hk/en/job/537438/research-assistant-iii-in-the-division-of-respiratory-medicine-of-the-department-of-medicine
HKU-537439,Executive Officer,Non-Academic,HKU,University of Hong Kong,University of Hong Kong,2026-10-22,,FALSE,2026-09-24,,537439,Full-time,,,https://jobs.hku.hk/en/job/537439/executive-officer
HKU-537460,Research Assistant I in the Department of Geography (Ref.: 537460),Research Assistant/Associate,HKU,University of Hong Kong,Department of Geography (30900),,,FALSE,2026-09-24,,537460,Full-time,,"19th October, 2026",https://jobs.hku.hk/en/job/537460/research-assistant-i-in-the-department-of-geography-ref-537460
HKU-537398,Nurse (holding the functional title of Research Nurse) (several posts),Non-Academic,HKU,University of Hong Kong,"Department of Obstetrics and Gynaecology, School of Clinical Medicine (20900)",2026-10-21,,FALSE,2026-09-23,,537398,Full-time,,,https://jobs.hku.hk/en/job/537398/nurse-holding-the-functional-title-of-research-nurse-several-posts
HKU-537366,Physiotherapist II,Other,HKU,University of Hong Kong,School of Nursing (20800),2026-12-31,,FALSE,2026-09-23,,537366,Full-time,,,https://jobs.hku.hk/en/job/537366/physiotherapist-ii
HKU-537428,Laboratory Assistant,Non-Academic,HKU,University of Hong Kong,Li Ka Shing Faculty of Medicine (20000),2026-10-31,,FALSE,2026-09-23,,537428,Full-time,,As soon as possible,https://jobs.hku.hk/en/job/537428/laboratory-assistant
HKU-537446,Assistant Registrar,Non-Academic,HKU,University of Hong Kong,University of Hong Kong,2026-10-16,,FALSE,2026-09-23,,537446,Full-time,,,https://jobs.hku.hk/en/job/537446/assistant-registrar
HKU-537395,Post-doctoral Fellow,Postdoctoral,HKU,University of Hong Kong,"Department of Obstetrics and Gynaecology, School of Clinical Medicine (20900)",2026-10-31,,FALSE,2026-09-22,,537395,Full-time,,As soon as possible,https://jobs.hku.hk/en/job/537395/postdoctoral-fellow
HKU-537387,Clerk I/II (several posts),Non-Academic,HKU,University of Hong Kong,"Department of Orthopaedics and Traumatology, School of Clinical Medicine (21000)",2026-11-30,,FALSE,2026-09-22,,537387,Full-time,,,https://jobs.hku.hk/en/job/537387/clerk-iii-several-posts
HKU-537390,Executive Officer (several posts),Non-Academic,HKU,University of Hong Kong,"Department of Orthopaedics and Traumatology, School of Clinical Medicine (21000)",2026-11-30,,FALSE,2026-09-22,,537390,Full-time,,,https://jobs.hku.hk/en/job/537390/executive-officer-several-posts
HKU-537394,實驗室助理,Other,HKU,University of Hong Kong,Centre for Comparative Medicine Research (21800),2026-10-19,,FALSE,2026-09-22,,537394,Full-time,,,https://jobs.hku.hk/en/job/537394/實驗室助理
HKU-537417,Clinical Associate Professor of Practice,Associate Professor,HKU,University of Hong Kong,"Department of Microbiology, School of Clinical Medicine (20700)",2027-03-20,,FALSE,2026-09-22,,537417,Full-time,,,https://jobs.hku.hk/en/job/537417/clinical-associate-professor-of-practice
HKU-537418,Tenure-Track Clinical Assistant Professor,Tenure-Track,HKU,University of Hong Kong,"Department of Microbiology, School of Clinical Medicine (20700)",2027-03-20,,FALSE,2026-09-22,,537418,Full-time,,,https://jobs.hku.hk/en/job/537418/tenuretrack-clinical-assistant-professor
HKU-537419,Tenure-Track Associate Professor/Assistant Professor,Tenure-Track,HKU,University of Hong Kong,"Department of Microbiology, School of Clinical Medicine (20700)",2027-03-20,,FALSE,2026-09-22,,537419,Full-time,,As soon as possible.,https://jobs.hku.hk/en/job/537419/tenuretrack-associate-professorassistant-professor
HKU-537430,Tenure-Track Professor/Associate Professor/Assistant Professor in Chinese Language Education,Tenure-Track,HKU,University of Hong Kong,Faculty of Education (10000),2026-10-31,,FALSE,2026-09-22,,537430,Full-time,,,https://jobs.hku.hk/en/job/537430/tenuretrack-professorassociate-professorassistant-professor-in-chinese-language-education
HKU-537432,Executive Officer,Non-Academic,HKU,University of Hong Kong,University of Hong Kong,2026-10-20,,FALSE,2026-09-22,,537432,Full-time,,,https://jobs.hku.hk/en/job/537432/executive-officer
HKU-537437,Executive Assistant,Non-Academic,HKU,University of Hong Kong,Faculty of Education (10000),2026-10-14,,FALSE,2026-09-22,,537437,Full-time,,,https://jobs.hku.hk/en/job/537437/executive-assistant
HKU-537442,Assistant Director (HR Shared Services) (at the rank of Assistant Registrar),Non-Academic,HKU,University of Hong Kong,Human Resources Office (62000),2026-10-20,,FALSE,2026-09-22,,537442,Full-time,,,https://jobs.hku.hk/en/job/537442/assistant-director-hr-shared-services-at-the-rank-of-assistant-registrar
HKU-537400,Assistant Manager (at the rank of Executive Officer),Non-Academic,HKU,University of Hong Kong,Technology Transfer Office (99110),2026-10-20,,FALSE,2026-09-20,,537400,Full-time,,As soon as possible,https://jobs.hku.hk/en/job/537400/assistant-manager-at-the-rank-of-executive-officer
HKU-537372,Tenure-Track Clinical Professor,Tenure-Track,HKU,University of Hong Kong,"Department of Surgery, School of Clinical Medicine (21700)",2026-12-19,,FALSE,2026-09-19,,537372,Full-time,,,https://jobs.hku.hk/en/job/537372/tenuretrack-clinical-professor
HKU-537373,Clinical Associate Professor of Practice,Associate Professor,HKU,University of Hong Kong,"Department of Surgery, School of Clinical Medicine (21700)",2026-12-19,,FALSE,2026-09-19,,537373,Full-time,,,https://jobs.hku.hk/en/job/537373/clinical-associate-professor-of-practice
HKU-537415,Fractional Clinical Associate Professor/Clinical Assistant Professor in Implant Dentistry,Associate Professor,HKU,University of Hong Kong,Faculty of Dentistry (08000),2026-10-17,,FALSE,2026-09-19,,537415,Full-time,,as soon as possible,https://jobs.hku.hk/en/job/537415/fractional-clinical-associate-professorclinical-assistant-professor-in-implant-dentistry
HKU-537382,Assistant Research Officer / Senior Research Assistant,Research Assistant/Associate,HKU,University of Hong Kong,Social Sciences Research Centre (30700),2026-10-31,,FALSE,2026-09-18,,537382,Full-time,,,https://jobs.hku.hk/en/job/537382/assistant-research-officer-senior-research-assistant
HKU-537414,Part-time Research Assistant I / Senior Research Assistant,Research Assistant/Associate,HKU,University of Hong Kong,Centre for Applied English Studies (05300),2026-10-30,,FALSE,2026-09-19,,537414,Part-time,,,https://jobs.hku.hk/en/job/537414/parttime-research-assistant-i-senior-research-assistant
HKU-537378,Tenure-Track Assistant Professor in Molecular and Cellular Biology in the School of Biological Sciences,Tenure-Track,HKU,University of Hong Kong,School of Biological Sciences (26000),2026-10-31,,FALSE,2026-09-19,,537378,Full-time,,As soon as possible,https://jobs.hku.hk/en/job/537378/tenuretrack-assistant-professor-in-molecular-and-cellular-biology-in-the-school-of-biological-sciences
HKU-537379,Senior Research Assistant/Research Assistant I/II in the Department of Social Work and Social Administration,Research Assistant/Associate,HKU,University of Hong Kong,Department of Social Work and Social Administration (30300),2026-11-30,,FALSE,2026-09-19,,537379,Full-time,,As soon as possible,https://jobs.hku.hk/en/job/537379/senior-research-assistantresearch-assistant-iii-in-the-department-of-social-work-and-social-administration
HKU-537404,Nurse (holding the functional title of Research Nurse) in Cardiovascular Research,Non-Academic,HKU,University of Hong Kong,"Department of Medicine, School of Clinical Medicine (20600)",2026-10-17,,FALSE,2026-09-19,,537404,Full-time,,,https://jobs.hku.hk/en/job/537404/nurse-holding-the-functional-title-of-research-nurse-in-cardiovascular-research
HKU-537407,Post-doctoral Fellow in the Division of Community Medicine and Public Health Practice,Postdoctoral,HKU,University of Hong Kong,School of Public Health (22400),2026-11-12,,FALSE,2026-09-19,,537407,Full-time,,As soon as possible.,https://jobs.hku.hk/en/job/537407/postdoctoral-fellow-in-the-division-of-community-medicine-and-public-health-practice
HKU-537408,Executive Officer,Non-Academic,HKU,University of Hong Kong,Li Ka Shing Faculty of Medicine (20000),2026-10-30,,FALSE,2026-09-19,,537408,Full-time,,,https://jobs.hku.hk/en/job/537408/executive-officer
HKU-537409,Research Assistant I/II in the Division of Community Medicine and Public Health Practice,Research Assistant/Associate,HKU,University of Hong Kong,School of Public Health (22400),2026-11-12,,FALSE,2026-09-19,,537409,Full-time,,,https://jobs.hku.hk/en/job/537409/research-assistant-iii-in-the-division-of-community-medicine-and-public-health-practice
HKU-537410,Senior Executive Assistant/Executive Assistant (at the rank of Clerk I/II),Non-Academic,HKU,University of Hong Kong,Li Ka Shing Faculty of Medicine (20000),2026-10-30,,FALSE,2026-09-19,,537410,Full-time,,As soon as possible,https://jobs.hku.hk/en/job/537410/senior-executive-assistantexecutive-assistant-at-the-rank-of-clerk-iii
HKU-537411,Technical Manager I / II (several posts),Non-Academic,HKU,University of Hong Kong,Maintenance and Operations Unit of the Estates Office (66065),2026-10-08,,FALSE,2026-09-19,,537411,Full-time,,,https://jobs.hku.hk/en/job/537411/technical-manager-i-ii-several-posts
HKU-537412,Technical Manager I,Non-Academic,HKU,University of Hong Kong,Maintenance and Operations Unit of the Estates Office (66065),2026-10-08,,FALSE,2026-09-19,,537412,Full-time,,,https://jobs.hku.hk/en/job/537412/technical-manager-i
HKU-537413,Facilities Officer (holding the functional title of Assistant Engineer) (several posts),Non-Academic,HKU,University of Hong Kong,Maintenance and Operations Unit of the Estates Office (66065),2026-10-08,,FALSE,2026-09-19,,537413,Full-time,,,https://jobs.hku.hk/en/job/537413/facilities-officer-holding-the-functional-title-of-assistant-engineer-several-posts
HKU-537422,Programme Manager (at the rank of Executive Officer),Non-Academic,HKU,University of Hong Kong,Faculty of Business and Economics (07000),2026-10-08,,FALSE,2026-09-19,,537422,Full-time,,,https://jobs.hku.hk/en/job/537422/programme-manager-at-the-rank-of-executive-officer
HKU-537424,"Senior Executive Assistant, Masters Programmes (at the rank of Clerk I)",Non-Academic,HKU,University of Hong Kong,Faculty of Business and Economics (07000),2026-10-08,,FALSE,2026-09-19,,537424,Full-time,,,https://jobs.hku.hk/en/job/537424/senior-executive-assistant-masters-programmes-at-the-rank-of-clerk-i
HKU-537429,Executive Assistant (at the rank of Clerk II),Non-Academic,HKU,University of Hong Kong,University of Hong Kong,2026-10-11,,FALSE,2026-09-19,,537429,Full-time,,,https://jobs.hku.hk/en/job/537429/executive-assistant-at-the-rank-of-clerk-ii
HKU-537431,Executive Assistant (at the rank of Clerk II),Non-Academic,HKU,University of Hong Kong,Faculty of Business and Economics (07000),2026-10-08,,FALSE,2026-09-19,,537431,Full-time,,,https://jobs.hku.hk/en/job/537431/executive-assistant-at-the-rank-of-clerk-ii
HKU-537381,Clerk II (holding the functional title of Executive Assistant),Non-Academic,HKU,University of Hong Kong,School of Biomedical Sciences (22600),2026-11-16,,FALSE,2026-09-18,,537381,Full-time,,,https://jobs.hku.hk/en/job/537381/clerk-ii-holding-the-functional-title-of-executive-assistant
HKU-537235,Senior Technical Officer in the HKU Kadoorie Centre (Ref.: 537235),Non-Academic,HKU,University of Hong Kong,HKU Kadoorie Centre (53000),2026-10-15,,FALSE,2026-09-18,,537235,Full-time,,,https://jobs.hku.hk/en/job/537235/senior-technical-officer-in-the-hku-kadoorie-centre-ref-537235
HKU-537292,Research Nurse (at the rank of Nurse),Non-Academic,HKU,University of Hong Kong,Clinical Trials Centre (21180),2026-10-16,,FALSE,2026-09-18,,537292,Full-time,,,https://jobs.hku.hk/en/job/537292/research-nurse-at-the-rank-of-nurse
HKU-537319,IT Technician (holding the functional title of System Specialist/ IT Technologist) (2 Posts),Non-Academic,HKU,University of Hong Kong,School of Computing and Data Science (14700),2026-10-17,,FALSE,2026-09-18,,537319,Full-time,,,https://jobs.hku.hk/en/job/537319/it-technician-holding-the-functional-title-of-system-specialist-it-technologist-2-posts
HKU-537383,Research Assistant II,Research Assistant/Associate,HKU,University of Hong Kong,University of Hong Kong,2026-10-20,,FALSE,2026-09-18,,537383,Full-time,,,https://jobs.hku.hk/en/job/537383/research-assistant-ii
HKU-537389,Senior Executive Assistant/Executive Assistant (at the rank of Clerk I/II),Non-Academic,HKU,University of Hong Kong,Faculty of Social Sciences (30000),2026-10-09,,FALSE,2026-09-18,,537389,Full-time,,,https://jobs.hku.hk/en/job/537389/senior-executive-assistantexecutive-assistant-at-the-rank-of-clerk-iii
HKU-537393,"Senior Executive Assistant/Executive Assistant, Executive Education (at the rank of Clerk I/II)",Non-Academic,HKU,University of Hong Kong,Faculty of Business and Economics (07000),2026-10-07,,FALSE,2026-09-18,,537393,Full-time,,,https://jobs.hku.hk/en/job/537393/senior-executive-assistantexecutive-assistant-executive-education-at-the-rank-of-clerk-iii
HKU-537403,"Senior Executive Assistant /Executive Assistant (at the rank of Clerk I/II), Office Administration Team",Non-Academic,HKU,University of Hong Kong,University of Hong Kong,2026-10-31,,FALSE,2026-09-18,,537403,Full-time,,,https://jobs.hku.hk/en/job/537403/senior-executive-assistant-executive-assistant-at-the-rank-of-clerk-iii-office-administration-team
HKU-537416,Project Officer (at the rank of Research Assistant I/II),Research Assistant/Associate,HKU,University of Hong Kong,The Hong Kong Jockey Club Centre for Suicide Research and Prevention (30002),2026-10-16,,FALSE,2026-09-18,,537416,Full-time,,,https://jobs.hku.hk/en/job/537416/project-officer-at-the-rank-of-research-assistant-iii
HKU-537421,Research Assistant I/II,Research Assistant/Associate,HKU,University of Hong Kong,"Department of Obstetrics and Gynaecology, School of Clinical Medicine (20900)",2026-10-11,,FALSE,2026-09-18,,537421,Full-time,,,https://jobs.hku.hk/en/job/537421/research-assistant-iii
HKU-537405,Post-doctoral Fellow,Postdoctoral,HKU,University of Hong Kong,"Department of Psychiatry, School of Clinical Medicine (21500)",2026-11-30,,FALSE,2026-09-18,,537405,Full-time,,As soon as possible.,https://jobs.hku.hk/en/job/537405/postdoctoral-fellow
HKU-537322,Senior Research Assistant (holding the functional title of Senior Project Assistant),Research Assistant/Associate,HKU,University of Hong Kong,School of Nursing (20800),2026-12-31,,FALSE,2026-09-18,,537322,Full-time,,As soon as possible,https://jobs.hku.hk/en/job/537322/senior-research-assistant-holding-the-functional-title-of-senior-project-assistant
HKU-537221,Assistant Manager (at the rank of Executive Officer),Non-Academic,HKU,University of Hong Kong,Department of Mechanical Engineering (14500),2026-10-30,,FALSE,2026-09-18,,537221,Full-time,,,https://jobs.hku.hk/en/job/537221/assistant-manager-at-the-rank-of-executive-officer
HKU-537332,Executive Officer,Non-Academic,HKU,University of Hong Kong,School of Nursing (20800),2026-12-31,,FALSE,2026-09-18,,537332,Full-time,,,https://jobs.hku.hk/en/job/537332/executive-officer
HKU-537333,Senior Research Assistant/Research Assistant I/II,Research Assistant/Associate,HKU,University of Hong Kong,Department of Psychology (30200),2026-10-05,,FALSE,2026-09-18,,537333,Full-time,,"October 5, 2026 (or as soon as possible)",https://jobs.hku.hk/en/job/537333/senior-research-assistantresearch-assistant-iii
HKU-537339,Executive Assistant (at the rank of Clerk II),Non-Academic,HKU,University of Hong Kong,Centre for PanorOmic Sciences (22200),2026-10-15,,FALSE,2026-09-18,,537339,Full-time,,As soon as possible,https://jobs.hku.hk/en/job/537339/executive-assistant-at-the-rank-of-clerk-ii
HKU-537355,Executive Officer in the Student Inclusion and Support of Centre of Development and Resources for Students (CEDARS),Non-Academic,HKU,University of Hong Kong,Centre of Development and Resources for Students (50000),2026-10-31,,FALSE,2026-09-18,,537355,Full-time,,,https://jobs.hku.hk/en/job/537355/executive-officer-in-the-student-inclusion-and-support-of-centre-of-development-and-resources-for-students-cedars
HKU-537375,"Post-doctoral Fellow in The Hong Kong Jockey Club Global Health Institute (HKJCGHI), the School of Public Health",Postdoctoral,HKU,University of Hong Kong,School of Public Health (22400),2026-11-15,,FALSE,2026-09-18,,537375,Full-time,,,https://jobs.hku.hk/en/job/537375/postdoctoral-fellow-in-the-hong-kong-jockey-club-global-health-institute-hkjcghi-the-school-of-public-health
HKU-537384,Executive Officer in Research Services of the Registry,Non-Academic,HKU,University of Hong Kong,University of Hong Kong,2026-09-30,,FALSE,2026-09-18,,537384,Full-time,,,https://jobs.hku.hk/en/job/537384/executive-officer-in-research-services-of-the-registry
HKU-537388,Teaching Assistant,Teaching Assistant,HKU,University of Hong Kong,HKU Institute for Climate and Carbon Neutrality (47100),2026-11-30,,FALSE,2026-09-18,,537388,Full-time,,,https://jobs.hku.hk/en/job/537388/teaching-assistant
HKU-537346,Fractional / Full-Time Scientific Officer (holding the title of Educational Psychologist) in the Department of Psychology,Non-Academic,HKU,University of Hong Kong,Department of Psychology (30200),2026-09-30,,FALSE,2026-09-16,,537346,Full-time,,,https://jobs.hku.hk/en/job/537346/fractional-fulltime-scientific-officer-holding-the-title-of-educational-psychologist-in-the-department-of-psychology
HKU-537392,Research Assistant Professor / Post-doctoral Fellow in the Faculty of Social Sciences,Assistant Professor,HKU,University of Hong Kong,Faculty of Social Sciences (30000),2026-10-31,,FALSE,2026-09-16,,537392,Full-time,,,https://jobs.hku.hk/en/job/537392/research-assistant-professor-postdoctoral-fellow-in-the-faculty-of-social-sciences
HKU-537258,Tenure-Track Assistant Professor in the Department of Psychiatry and School of Biomedical Sciences,Tenure-Track,HKU,University of Hong Kong,"Department of Psychiatry, School of Clinical Medicine (21500)",2027-01-01,,FALSE,2026-09-16,,537258,Full-time,,As soon as possible,https://jobs.hku.hk/en/job/537258/tenuretrack-assistant-professor-in-the-department-of-psychiatry-and-school-of-biomedical-sciences
HKU-537261,Executive Assistant (at the rank of Clerk II),Non-Academic,HKU,University of Hong Kong,Department of Electrical and Computer Engineering (14300),2026-10-30,,FALSE,2026-09-16,,537261,Full-time,,,https://jobs.hku.hk/en/job/537261/executive-assistant-at-the-rank-of-clerk-ii
HKU-537304,Senior Executive Assistant/Executive Assistant in the Faculty of Science,Non-Academic,HKU,University of Hong Kong,Faculty of Science (25000),2026-10-06,,FALSE,2026-09-16,,537304,Full-time,,,https://jobs.hku.hk/en/job/537304/senior-executive-assistantexecutive-assistant-in-the-faculty-of-science
HKU-537334,診所及實驗室助理,Other,HKU,University of Hong Kong,University of Hong Kong,2026-10-14,,FALSE,2026-09-16,,537334,Full-time,,,https://jobs.hku.hk/en/job/537334/診所及實驗室助理
HKU-537337,Executive Officer / Clerk I in the Centre for Civil Society and Governance,Non-Academic,HKU,University of Hong Kong,Centre for Civil Society and Governance (30101),2026-09-30,,FALSE,2026-09-16,,537337,Full-time,,,https://jobs.hku.hk/en/job/537337/executive-officer-clerk-i-in-the-centre-for-civil-society-and-governance
HKU-537340,"Research Assistant Professor in The Hong Kong Jockey Club Global Health Institute (HKJCGHI), the School of Public Health",Assistant Professor,HKU,University of Hong Kong,School of Public Health (22400),2026-12-14,,FALSE,2026-09-16,,537340,Full-time,,As soon as possible.,https://jobs.hku.hk/en/job/537340/research-assistant-professor-in-the-hong-kong-jockey-club-global-health-institute-hkjcghi-the-school-of-public-health
HKU-537350,Tenure-Track Clinical Professor/ Clinical Associate Professor/ Clinical Assistant Professor (several posts),Tenure-Track,HKU,University of Hong Kong,Li Ka Shing Faculty of Medicine (20000),2027-03-14,,FALSE,2026-09-16,,537350,Full-time,,,https://jobs.hku.hk/en/job/537350/tenuretrack-clinical-professor-clinical-associate-professor-clinical-assistant-professor-several-posts
HKU-537351,Clinical Professor of Practice/ Clinical Associate Professor of Practice/ Clinical Assistant Professor of Practice (several posts),Associate Professor,HKU,University of Hong Kong,Li Ka Shing Faculty of Medicine (20000),2027-03-14,,FALSE,2026-09-16,,537351,Full-time,,,https://jobs.hku.hk/en/job/537351/clinical-professor-of-practice-clinical-associate-professor-of-practice-clinical-assistant-professor-of-practice-several-posts
HKU-537360,Senior Technical Officer,Non-Academic,HKU,University of Hong Kong,"Department of Microbiology, School of Clinical Medicine (20700)",2026-10-30,,FALSE,2026-09-16,,537360,Full-time,,,https://jobs.hku.hk/en/job/537360/senior-technical-officer
HKU-537377,Executive Officer,Non-Academic,HKU,University of Hong Kong,Faculty of Business and Economics (07000),2026-10-05,,FALSE,2026-09-16,,537377,Full-time,,,https://jobs.hku.hk/en/job/537377/executive-officer
HKU-537391,Executive Officer (holding the functional title of Senior Communications Executive),Non-Academic,HKU,University of Hong Kong,Asia Global Institute (31120),2026-12-18,,FALSE,2026-09-16,,537391,Full-time,,,https://jobs.hku.hk/en/job/537391/executive-officer-holding-the-functional-title-of-senior-communications-executive
HKU-537316,Clerk II (holding the functional title of Executive Assistant),Non-Academic,HKU,University of Hong Kong,"Centre of Cancer Medicine, School of Clinical Medicine (22900)",2026-10-25,,FALSE,2026-09-15,,537316,Full-time,,,https://jobs.hku.hk/en/job/537316/clerk-ii-holding-the-functional-title-of-executive-assistant
HKU-537336,"Professor/ Associate Professor/ Assistant Professor in Landscape Architecture in the Division of Landscape Architecture, Department of Architecture",Associate Professor,HKU,University of Hong Kong,Department of Architecture (01100),2026-12-13,,FALSE,2026-09-15,,537336,Full-time,,1 September 2027 (or as soon as possible thereafter),https://jobs.hku.hk/en/job/537336/professor-associate-professor-assistant-professor-in-landscape-architecture-in-the-division-of-landscape-architecture-department-of-architecture
HKU-537368,Temporary Senior Executive Assistant/ Executive Assistant (at the rank of Clerk I/II),Non-Academic,HKU,University of Hong Kong,Faculty of Social Sciences (30000),2026-09-30,,FALSE,2026-09-15,,537368,Fixed-term,,,https://jobs.hku.hk/en/job/537368/temporary-senior-executive-assistant-executive-assistant-at-the-rank-of-clerk-iii
HKU-537371,Accounting Executive,Non-Academic,HKU,University of Hong Kong,Finance and Enterprises Office (60500),2026-10-12,,FALSE,2026-09-15,,537371,Full-time,,,https://jobs.hku.hk/en/job/537371/accounting-executive
HKU-537374,Senior Technical Officer/Technical Officer in the Department of Geography (Ref. 537374),Non-Academic,HKU,University of Hong Kong,Department of Geography (30900),2026-10-15,,FALSE,2026-09-19,,537374,Full-time,,As soon as possible,https://jobs.hku.hk/en/job/537374/senior-technical-officertechnical-officer-in-the-department-of-geography-ref-537374
HKU-537297,Pharmacy Coordinator (at the rank of Dispenser II/ Technical Officer),Non-Academic,HKU,University of Hong Kong,Clinical Trials Centre (21180),2026-10-11,,FALSE,2026-09-13,,537297,Full-time,,,https://jobs.hku.hk/en/job/537297/pharmacy-coordinator-at-the-rank-of-dispenser-ii-technical-officer
HKU-537313,"Project Executive, Site Management (at the rank of Technical Officer/Research Assistant I/II)",Research Assistant/Associate,HKU,University of Hong Kong,Clinical Trials Centre (21180),2026-10-11,,FALSE,2026-09-13,,537313,Full-time,,,https://jobs.hku.hk/en/job/537313/project-executive-site-management-at-the-rank-of-technical-officerresearch-assistant-iii
HKU-537328,Laboratory Assistant,Non-Academic,HKU,University of Hong Kong,School of Nursing (20800),2026-11-07,,FALSE,2026-09-13,,537328,Full-time,,,https://jobs.hku.hk/en/job/537328/laboratory-assistant
HKU-537347,Senior Project Officer/ Project Officer (at the rank of Clerk I/ II),Non-Academic,HKU,University of Hong Kong,Li Ka Shing Faculty of Medicine (20000),2026-10-11,,FALSE,2026-09-13,,537347,Full-time,,As soon as possible,https://jobs.hku.hk/en/job/537347/senior-project-officer-project-officer-at-the-rank-of-clerk-i-ii
HKU-537288,Clerk I/II (holding the functional title of Senior Executive Assistant/Executive Assistant),Non-Academic,HKU,University of Hong Kong,School of Biomedical Sciences (22600),2026-11-10,,FALSE,2026-09-12,,537288,Full-time,,,https://jobs.hku.hk/en/job/537288/clerk-iii-holding-the-functional-title-of-senior-executive-assistantexecutive-assistant
HKU-537341,Research Assistant I/II,Research Assistant/Associate,HKU,University of Hong Kong,School of Biomedical Sciences (22600),2026-12-10,,FALSE,2026-09-12,,537341,Full-time,,As soon as possible.,https://jobs.hku.hk/en/job/537341/research-assistant-iii
HKU-537335,Technical Manager,Non-Academic,HKU,University of Hong Kong,"Department of Microbiology, School of Clinical Medicine (20700)",2026-10-10,,FALSE,2026-09-12,,537335,Full-time,,,https://jobs.hku.hk/en/job/537335/technical-manager
HKU-536963,Executive Officer in the School of English (2 posts),Non-Academic,HKU,University of Hong Kong,School of English (04300),2026-10-15,,FALSE,2026-09-12,,536963,Full-time,,,https://jobs.hku.hk/en/job/536963/executive-officer-in-the-school-of-english-2-posts
HKU-536964,Programme Officer/ Assistant Programme Officer (at the rank of Clerk I/ Clerk II) in the School of English (several posts),Non-Academic,HKU,University of Hong Kong,School of English (04300),2026-10-15,,FALSE,2026-09-12,,536964,Full-time,,,https://jobs.hku.hk/en/job/536964/programme-officer-assistant-programme-officer-at-the-rank-of-clerk-i-clerk-ii-in-the-school-of-english-several-posts
HKU-537306,Research Assistant I/II in the Division of Haematology,Research Assistant/Associate,HKU,University of Hong Kong,"Department of Medicine, School of Clinical Medicine (20600)",2026-10-15,,FALSE,2026-09-12,,537306,Full-time,,,https://jobs.hku.hk/en/job/537306/research-assistant-iii-in-the-division-of-haematology
HKU-537307,Research Assistant I/II (several posts) in Antibody/Protein Development,Research Assistant/Associate,HKU,University of Hong Kong,"Department of Medicine, School of Clinical Medicine (20600)",2026-12-31,,FALSE,2026-09-12,,537307,Full-time,,,https://jobs.hku.hk/en/job/537307/research-assistant-iii-several-posts-in-antibodyprotein-development
HKU-537308,Post-doctoral Fellow (several posts) in Metabolic Medicine and Immunometabolism,Postdoctoral,HKU,University of Hong Kong,"Department of Medicine, School of Clinical Medicine (20600)",2026-12-31,,FALSE,2026-09-12,,537308,Full-time,,,https://jobs.hku.hk/en/job/537308/postdoctoral-fellow-several-posts-in-metabolic-medicine-and-immunometabolism
HKU-537310,Research Officer/Assistant Research Officer in the Department of Medicine,Research Assistant/Associate,HKU,University of Hong Kong,"Department of Medicine, School of Clinical Medicine (20600)",2026-12-31,,FALSE,2026-09-12,,537310,Full-time,,,https://jobs.hku.hk/en/job/537310/research-officerassistant-research-officer-in-the-department-of-medicine
HKU-537311,Research Assistant Professor in Biomarker Discovery and Clinical Proteomics,Assistant Professor,HKU,University of Hong Kong,"Department of Medicine, School of Clinical Medicine (20600)",2026-12-31,,FALSE,2026-09-12,,537311,Full-time,,,https://jobs.hku.hk/en/job/537311/research-assistant-professor-in-biomarker-discovery-and-clinical-proteomics
HKU-537321,Clinic Assistant (at the rank of Senior Technical Assistant),Other,HKU,University of Hong Kong,Li Ka Shing Faculty of Medicine (20000),2026-10-10,,FALSE,2026-09-12,,537321,Full-time,,,https://jobs.hku.hk/en/job/537321/clinic-assistant-at-the-rank-of-senior-technical-assistant
HKU-537324,Research Assistant I/II in Division of Neurology,Research Assistant/Associate,HKU,University of Hong Kong,"Department of Medicine, School of Clinical Medicine (20600)",2026-10-11,,FALSE,2026-09-12,,537324,Full-time,,,https://jobs.hku.hk/en/job/537324/research-assistant-iii-in-division-of-neurology
HKU-537342,Assistant IT Director / Senior IT Manager,Non-Academic,HKU,University of Hong Kong,Li Ka Shing Faculty of Medicine (20000),2026-10-10,,FALSE,2026-09-12,,537342,Full-time,,,https://jobs.hku.hk/en/job/537342/assistant-it-director-senior-it-manager
HKU-537345,Senior Technical Officer/Technical Officer,Non-Academic,HKU,University of Hong Kong,Centre for Comparative Medicine Research (21800),2026-10-09,,FALSE,2026-09-12,,537345,Full-time,,,https://jobs.hku.hk/en/job/537345/senior-technical-officertechnical-officer
HKU-537348,Research Assistant I/II in the Division of Respiratory Medicine of the Department of Medicine,Research Assistant/Associate,HKU,University of Hong Kong,"Department of Medicine, School of Clinical Medicine (20600)",2026-10-11,,FALSE,2026-09-12,,537348,Full-time,,,https://jobs.hku.hk/en/job/537348/research-assistant-iii-in-the-division-of-respiratory-medicine-of-the-department-of-medicine
HKU-537353,Technical Manager II,Non-Academic,HKU,University of Hong Kong,Maintenance and Operations Unit of the Estates Office (66065),2026-10-01,,FALSE,2026-09-12,,537353,Full-time,,,https://jobs.hku.hk/en/job/537353/technical-manager-ii
HKU-537359,"Manager (Alumni Services), Masters Programmes (at the rank of Executive Officer)",Non-Academic,HKU,University of Hong Kong,Faculty of Business and Economics (07000),2026-09-30,,FALSE,2026-09-12,,537359,Full-time,,,https://jobs.hku.hk/en/job/537359/manager-alumni-services-masters-programmes-at-the-rank-of-executive-officer
HKU-537361,"Executive Assistant, FBE Pokfield Campus",Non-Academic,HKU,University of Hong Kong,Faculty of Business and Economics (07000),2026-10-10,,FALSE,2026-09-12,,537361,Full-time,,,https://jobs.hku.hk/en/job/537361/executive-assistant-fbe-pokfield-campus
HKU-537369,Research Assistant I/II,Research Assistant/Associate,HKU,University of Hong Kong,"Department of Surgery, School of Clinical Medicine (21700)",2026-12-31,,FALSE,2026-09-12,,537369,Full-time,,,https://jobs.hku.hk/en/job/537369/research-assistant-iii
HKU-537182,Tenure-Track Professor/Associate Professor/Assistant Professor in Educational/School Psychology in the Department of Psychology,Tenure-Track,HKU,University of Hong Kong,Department of Psychology (30200),2026-11-30,,FALSE,2026-09-11,,537182,Full-time,,"August 1, 2027 (or as soon as possible thereafter).",https://jobs.hku.hk/en/job/537182/tenuretrack-professorassociate-professorassistant-professor-in-educationalschool-psychology-in-the-department-of-psychology
HKU-537302,實驗室助理,Other,HKU,University of Hong Kong,Centre for Comparative Medicine Research (21800),2026-10-09,,FALSE,2026-09-11,,537302,Full-time,,,https://jobs.hku.hk/en/job/537302/實驗室助理
HKU-537317,Research Assistant I/II,Research Assistant/Associate,HKU,University of Hong Kong,"Department of Microbiology, School of Clinical Medicine (20700)",2026-11-09,,FALSE,2026-09-11,,537317,Full-time,,As soon as possible.,https://jobs.hku.hk/en/job/537317/research-assistant-iii
HKU-537327,"Executive Assistant, Undergraduate Admissions (at the rank of Clerk II)",Non-Academic,HKU,University of Hong Kong,Faculty of Business and Economics (07000),2026-09-29,,FALSE,2026-09-11,,537327,Full-time,,,https://jobs.hku.hk/en/job/537327/executive-assistant-undergraduate-admissions-at-the-rank-of-clerk-ii
HKU-537338,Tenure-track Assistant Professor in International Governance of Frontier Technologies in the School of Governance and Policy,Tenure-Track,HKU,University of Hong Kong,School of Governance and Policy (31100),2026-11-06,,FALSE,2026-09-11,,537338,Full-time,,,https://jobs.hku.hk/en/job/537338/tenuretrack-assistant-professor-in-international-governance-of-frontier-technologies-in-the-school-of-governance-and-policy
HKU-537343,Executive Officer (holding the functional title of Programme Manager),Non-Academic,HKU,University of Hong Kong,Faculty of Business and Economics (07000),2026-09-30,,FALSE,2026-09-11,,537343,Full-time,,As soon as possible.,https://jobs.hku.hk/en/job/537343/executive-officer-holding-the-functional-title-of-programme-manager
HKU-537285,"Part-time Nurse / Enrolled Nurse (several posts) in the Division of Epidemiology and Biostatistics, School of Public Health",Non-Academic,HKU,University of Hong Kong,School of Public Health (22400),2026-10-16,,FALSE,2026-09-10,,537285,Part-time,,,https://jobs.hku.hk/en/job/537285/parttime-nurse-enrolled-nurse-several-posts-in-the-division-of-epidemiology-and-biostatistics-school-of-public-health
HKU-537287,"Senior Clerk/Clerk I (holding the functional title of Senior Executive Assistant) in the Division of Public Health Laboratory Sciences, School of Public Health",Non-Academic,HKU,University of Hong Kong,School of Public Health (22400),2026-11-30,,FALSE,2026-09-10,,537287,Full-time,,,https://jobs.hku.hk/en/job/537287/senior-clerkclerk-i-holding-the-functional-title-of-senior-executive-assistant-in-the-division-of-public-health-laboratory-sciences-school-of-public-health
HKU-537329,Senior Research Assistant in the School of Nursing,Research Assistant/Associate,HKU,University of Hong Kong,School of Nursing (20800),2026-10-15,,FALSE,2026-09-10,,537329,Full-time,,,https://jobs.hku.hk/en/job/537329/senior-research-assistant-in-the-school-of-nursing
HKU-537330,Research Assistant I/II in the School of Nursing,Research Assistant/Associate,HKU,University of Hong Kong,School of Nursing (20800),2026-10-15,,FALSE,2026-09-10,,537330,Full-time,,As soon as possible.,https://jobs.hku.hk/en/job/537330/research-assistant-iii-in-the-school-of-nursing
HKU-537331,Post-doctoral Fellow in the School of Nursing,Postdoctoral,HKU,University of Hong Kong,School of Nursing (20800),2026-10-31,,FALSE,2026-09-10,,537331,Full-time,,,https://jobs.hku.hk/en/job/537331/postdoctoral-fellow-in-the-school-of-nursing
HKU-537299,Accounting Executive,Non-Academic,HKU,University of Hong Kong,Finance and Enterprises Office (60500),2026-10-08,,FALSE,2026-09-10,,537299,Full-time,,,https://jobs.hku.hk/en/job/537299/accounting-executive
HKU-537309,Senior Technical Officer/Technical Officer,Non-Academic,HKU,University of Hong Kong,"Department of Medicine, School of Clinical Medicine (20600)",2026-12-31,,FALSE,2026-09-10,,537309,Full-time,,,https://jobs.hku.hk/en/job/537309/senior-technical-officertechnical-officer
HKU-537315,"Executive Assistant, Undergraduate Student Enrichment (at the rank of Clerk II)",Non-Academic,HKU,University of Hong Kong,Faculty of Business and Economics (07000),2026-09-29,,FALSE,2026-09-10,,537315,Full-time,,,https://jobs.hku.hk/en/job/537315/executive-assistant-undergraduate-student-enrichment-at-the-rank-of-clerk-ii
HKU-537326,Research Assistant Professor,Assistant Professor,HKU,University of Hong Kong,Department of Data and Systems Engineering (14400),2026-09-30,,FALSE,2026-09-09,,537326,Full-time,,,https://jobs.hku.hk/en/job/537326/research-assistant-professor
HKU-537277,Research Assistant Professor in the Division of Rheumatology & Clinical Immunology,Assistant Professor,HKU,University of Hong Kong,"Department of Medicine, School of Clinical Medicine (20600)",2026-11-08,,FALSE,2026-09-09,,537277,Full-time,,,https://jobs.hku.hk/en/job/537277/research-assistant-professor-in-the-division-of-rheumatology-clinical-immunology
HKU-537293,Student Affairs Assistant I (at the rank of Clerk II),Non-Academic,HKU,University of Hong Kong,Centre of Development and Resources for Students (50000),2026-10-31,,FALSE,2026-09-09,,537293,Full-time,,,https://jobs.hku.hk/en/job/537293/student-affairs-assistant-i-at-the-rank-of-clerk-ii
HKU-537298,Part-time Student Affairs Assistant I,Other,HKU,University of Hong Kong,Centre of Development and Resources for Students (50000),2026-10-31,,FALSE,2026-09-09,,537298,Part-time,,,https://jobs.hku.hk/en/job/537298/parttime-student-affairs-assistant-i
HKU-537300,Internal Audit Manager,Non-Academic,HKU,University of Hong Kong,Internal Audit Office (61000),2026-10-30,,FALSE,2026-09-09,,537300,Full-time,,,https://jobs.hku.hk/en/job/537300/internal-audit-manager
HKU-537323,Senior Research Assistant / Research Assistant I/II in AI Curated Multilingual Visual Glossary for Architecture and Heritage in the Division of Landscape Architecture,Research Assistant/Associate,HKU,University of Hong Kong,Department of Architecture (01100),2026-10-09,,FALSE,2026-09-09,,537323,Full-time,,,https://jobs.hku.hk/en/job/537323/senior-research-assistant-research-assistant-iii-in-ai-curated-multilingual-visual-glossary-for-architecture-and-heritage-in-the-division-of-landscape-architecture
HKU-537266,Nurse (holding the functional title of Research Nurse),Non-Academic,HKU,University of Hong Kong,School of Nursing (20800),2026-12-31,,FALSE,2026-09-08,,537266,Full-time,,,https://jobs.hku.hk/en/job/537266/nurse-holding-the-functional-title-of-research-nurse
HKU-537301,Senior Technical Officer/Technical Officer,Non-Academic,HKU,University of Hong Kong,Centre for Comparative Medicine Research (21800),2026-10-04,,FALSE,2026-09-08,,537301,Full-time,,,https://jobs.hku.hk/en/job/537301/senior-technical-officertechnical-officer
HKU-537197,Assistant Manager (at the rank of Executive Officer),Non-Academic,HKU,University of Hong Kong,Faculty of Engineering (14000),2026-09-30,,FALSE,2026-09-08,,537197,Full-time,,,https://jobs.hku.hk/en/job/537197/assistant-manager-at-the-rank-of-executive-officer
HKU-537217,IT Technician,Non-Academic,HKU,University of Hong Kong,Faculty of Engineering (14000),2026-09-30,,FALSE,2026-09-08,,537217,Full-time,,,https://jobs.hku.hk/en/job/537217/it-technician
HKU-537228,Senior Executive Assistant/Executive Assistant (at the rank of Clerk I/II),Non-Academic,HKU,University of Hong Kong,Faculty of Engineering (14000),2026-09-30,,FALSE,2026-09-08,,537228,Full-time,,As soon as possible.,https://jobs.hku.hk/en/job/537228/senior-executive-assistantexecutive-assistant-at-the-rank-of-clerk-iii
HKU-537262,Lecturer/Assistant Lecturer in the Master of Arts in Chinese Language and Literature (MACLL) programme,Senior Lecturer/Lecturer,HKU,University of Hong Kong,School of Chinese (04100),2026-11-30,,FALSE,2026-09-08,,537262,Full-time,,,https://jobs.hku.hk/en/job/537262/lecturerassistant-lecturer-in-the-master-of-arts-in-chinese-language-and-literature-macll-programme
HKU-537295,Assistant Professor in AI + Social Contexts of Education,Assistant Professor,HKU,University of Hong Kong,Faculty of Education (10000),2026-10-16,,FALSE,2026-09-08,,537295,Full-time,,,https://jobs.hku.hk/en/job/537295/assistant-professor-in-ai-social-contexts-of-education
HKU-537320,Research Assistant I / Senior Research Assistant in the Faculty of Law,Research Assistant/Associate,HKU,University of Hong Kong,Faculty of Law (18100),2026-10-07,,FALSE,2026-09-08,,537320,Full-time,,,https://jobs.hku.hk/en/job/537320/research-assistant-i-senior-research-assistant-in-the-faculty-of-law
HKU-537291,全職辦公室服務員,Other,HKU,University of Hong Kong,"Department of Pathology, School of Clinical Medicine (21200)",2026-10-04,,FALSE,2026-09-06,,537291,Full-time,,,https://jobs.hku.hk/en/job/537291/全職辦公室服務員
HKU-537284,"Executive Assistant (at the rank of Clerk II) in the General Office, School of Public Health",Non-Academic,HKU,University of Hong Kong,School of Public Health (22400),2026-10-31,,FALSE,2026-09-05,,537284,Full-time,,As soon as possible.,https://jobs.hku.hk/en/job/537284/executive-assistant-at-the-rank-of-clerk-ii-in-the-general-office-school-of-public-health
HKU-537279,實驗室助理,Other,HKU,University of Hong Kong,School of Public Health (22400),2026-11-30,,FALSE,2026-09-05,,537279,Full-time,,,https://jobs.hku.hk/en/job/537279/實驗室助理
HKU-537213,Assistant Manager (at the rank of Executive Officer),Non-Academic,HKU,University of Hong Kong,School of Clinical Medicine (23000),2026-10-01,,FALSE,2026-09-05,,537213,Full-time,,,https://jobs.hku.hk/en/job/537213/assistant-manager-at-the-rank-of-executive-officer
HKU-537286,Assistant Manager (at the rank of Executive Officer) in the School of Governance and Policy,Non-Academic,HKU,University of Hong Kong,School of Governance and Policy (31100),2026-10-05,,FALSE,2026-09-05,,537286,Full-time,,,https://jobs.hku.hk/en/job/537286/assistant-manager-at-the-rank-of-executive-officer-in-the-school-of-governance-and-policy
HKU-537289,Clerk II (holding the functional title of Executive Assistant),Non-Academic,HKU,University of Hong Kong,"Department of Pathology, School of Clinical Medicine (21200)",2026-10-31,,FALSE,2026-09-05,,537289,Full-time,,,https://jobs.hku.hk/en/job/537289/clerk-ii-holding-the-functional-title-of-executive-assistant
HKU-537296,Research Assistant II,Research Assistant/Associate,HKU,University of Hong Kong,"Department of Pathology, School of Clinical Medicine (21200)",2026-09-30,,FALSE,2026-09-05,,537296,Full-time,,As soon as possible.,https://jobs.hku.hk/en/job/537296/research-assistant-ii
HKU-537226,"Research Assistant II in Community Child Health Unit in the Department of Paediatrics and Adolescent Medicine, School of Clinical Medicine",Research Assistant/Associate,HKU,University of Hong Kong,"Department of Paediatrics and Adolescent Medicine, School of Clinical Medicine (21100)",2026-11-30,,FALSE,2026-09-04,,537226,Full-time,,As soon as possible.,https://jobs.hku.hk/en/job/537226/research-assistant-ii-in-community-child-health-unit-in-the-department-of-paediatrics-and-adolescent-medicine-school-of-clinical-medicine
HKU-537201,Tenure-Track Professor/Associate Professor/Assistant Professor in the Department of Mathematics,Tenure-Track,HKU,University of Hong Kong,Department of Mathematics (25500),2026-12-15,,FALSE,2026-09-04,,537201,Full-time,,,https://jobs.hku.hk/en/job/537201/tenuretrack-professorassociate-professorassistant-professor-in-the-department-of-mathematics
HKU-537278,Post-doctoral Fellow/ Senior Research Assistant or Research Assistant,Postdoctoral,HKU,University of Hong Kong,HKU Institute for Climate and Carbon Neutrality (47100),2026-12-30,,FALSE,2026-09-05,,537278,Full-time,,,https://jobs.hku.hk/en/job/537278/postdoctoral-fellow-senior-research-assistant-or-research-assistant
HKU-537290,Part Time Student Research Assistant,Research Assistant/Associate,HKU,University of Hong Kong,Centre for Information Technology in Education within the Faculty of Education (10001),2026-09-30,,FALSE,2026-09-04,,537290,Full-time,,,https://jobs.hku.hk/en/job/537290/part-time-student-research-assistant
HKU-537188,Part-time Research Nurse (at the rank of Nurse),Non-Academic,HKU,University of Hong Kong,"Department of Clinical Oncology, School of Clinical Medicine (21600)",2026-12-02,,FALSE,2026-09-04,,537188,Part-time,,,https://jobs.hku.hk/en/job/537188/parttime-research-nurse-at-the-rank-of-nurse
HKU-537229,Part-Time Lecturer in Population and Policy Analysis,Senior Lecturer/Lecturer,HKU,University of Hong Kong,Faculty of Social Sciences (30000),2026-09-30,,FALSE,2026-09-03,,537229,Part-time,,December 2026 or as soon as possible.,https://jobs.hku.hk/en/job/537229/parttime-lecturer-in-population-and-policy-analysis
HKU-537230,Student Advising Officer (at the rank of Executive Officer),Non-Academic,HKU,University of Hong Kong,Centre of Development and Resources for Students (50000),2026-10-01,,FALSE,2026-09-03,,537230,Full-time,,,https://jobs.hku.hk/en/job/537230/student-advising-officer-at-the-rank-of-executive-officer
HKU-537242,Executive Officer / Clerk II (holding the functional title of Programme Manager / Executive Assistant),Non-Academic,HKU,University of Hong Kong,Academic Liaison Office of the Registry (60380),2026-09-30,,FALSE,2026-09-03,,537242,Full-time,,,https://jobs.hku.hk/en/job/537242/executive-officer-clerk-ii-holding-the-functional-title-of-programme-manager-executive-assistant
HKU-537253,Student Affairs Assistant II,Other,HKU,University of Hong Kong,University of Hong Kong,2026-09-30,,FALSE,2026-09-03,,537253,Full-time,,,https://jobs.hku.hk/en/job/537253/student-affairs-assistant-ii
HKU-537269,Clinical Research Associate (at the rank of Technical Officer/Research Assistant I/II),Research Assistant/Associate,HKU,University of Hong Kong,Clinical Trials Centre (21180),2026-10-01,,FALSE,2026-09-03,,537269,Full-time,,,https://jobs.hku.hk/en/job/537269/clinical-research-associate-at-the-rank-of-technical-officerresearch-assistant-iii
HKU-537272,Tenure-Track Professor/Associate Professor/Assistant Professor in Political Economy of Global Energy Policy in the Faculty of Business and Economics and the School of Governance and Policy,Tenure-Track,HKU,University of Hong Kong,Faculty of Business and Economics (07030),2026-11-30,,FALSE,2026-09-03,,537272,Full-time,,As soon as possible,https://jobs.hku.hk/en/job/537272/tenuretrack-professorassociate-professorassistant-professor-in-political-economy-of-global-energy-policy-in-the-faculty-of-business-and-economics-and-the-school-of-governance-and-policy
HKU-537275,Lecturer,Senior Lecturer/Lecturer,HKU,University of Hong Kong,HKU Institute for Climate and Carbon Neutrality (47100),2026-12-30,,FALSE,2026-09-03,,537275,Full-time,,,https://jobs.hku.hk/en/job/537275/lecturer
HKU-537186,Lecturer in Physiology/Anatomy in the School of Biomedical Sciences,Senior Lecturer/Lecturer,HKU,University of Hong Kong,School of Biomedical Sciences (22600),2026-10-31,,FALSE,2026-09-03,,537186,Full-time,,,https://jobs.hku.hk/en/job/537186/lecturer-in-physiologyanatomy-in-the-school-of-biomedical-sciences
HKU-537208,Project Officer (at the rank of Technical Officer),Non-Academic,HKU,University of Hong Kong,"Department of Emergency Medicine, School of Clinical Medicine (22700)",2026-09-30,,FALSE,2026-09-02,,537208,Full-time,,,https://jobs.hku.hk/en/job/537208/project-officer-at-the-rank-of-technical-officer
HKU-537268,Post-doctoral Fellow in the School of Nursing,Postdoctoral,HKU,University of Hong Kong,School of Nursing (20800),2026-12-31,,FALSE,2026-09-02,,537268,Full-time,,,https://jobs.hku.hk/en/job/537268/postdoctoral-fellow-in-the-school-of-nursing
HKU-537270,Research Assistant I/II in the School of Nursing,Research Assistant/Associate,HKU,University of Hong Kong,School of Nursing (20800),2026-10-15,,FALSE,2026-09-02,,537270,Full-time,,As soon as possible.,https://jobs.hku.hk/en/job/537270/research-assistant-iii-in-the-school-of-nursing
HKU-537267,Research Assistant I/II (holding the functional title of Project Assistant),Research Assistant/Associate,HKU,University of Hong Kong,School of Nursing (20800),2026-12-31,,FALSE,2026-09-02,,537267,Full-time,,,https://jobs.hku.hk/en/job/537267/research-assistant-iii-holding-the-functional-title-of-project-assistant
HKU-537183,Executive Officer (holding the functional title of Assistant Manager) in the Hong Kong Jockey Club Global Health Institute (HKJCGHI),Non-Academic,HKU,University of Hong Kong,School of Public Health (22400),2026-10-31,,FALSE,2026-09-02,,537183,Full-time,,,https://jobs.hku.hk/en/job/537183/executive-officer-holding-the-functional-title-of-assistant-manager-in-the-hong-kong-jockey-club-global-health-institute-hkjcghi
HKU-537236,Senior Technical Assistant in Proteomics and Metabolomics Core,Other,HKU,University of Hong Kong,Centre for PanorOmic Sciences (22200),2026-09-30,,FALSE,2026-09-02,,537236,Full-time,,,https://jobs.hku.hk/en/job/537236/senior-technical-assistant-in-proteomics-and-metabolomics-core
HKU-537237,Senior Technical Officer / Technical Officer in Proteomics and Metabolomics Core,Non-Academic,HKU,University of Hong Kong,Centre for PanorOmic Sciences (22200),2026-09-30,,FALSE,2026-09-02,,537237,Full-time,,,https://jobs.hku.hk/en/job/537237/senior-technical-officer-technical-officer-in-proteomics-and-metabolomics-core
HKU-537238,Technical Officer/Senior Technical Assistant in Biobank Core,Non-Academic,HKU,University of Hong Kong,Centre for PanorOmic Sciences (22200),2026-09-30,,FALSE,2026-09-02,,537238,Full-time,,,https://jobs.hku.hk/en/job/537238/technical-officersenior-technical-assistant-in-biobank-core
HKU-537239,Senior Technical Officer/Technical Officer (several posts) in Genomics Core,Non-Academic,HKU,University of Hong Kong,Centre for PanorOmic Sciences (22200),2026-09-30,,FALSE,2026-09-02,,537239,Full-time,,,https://jobs.hku.hk/en/job/537239/senior-technical-officertechnical-officer-several-posts-in-genomics-core
HKU-537240,Senior Technical Assistant (several posts) in Genomics Core,Other,HKU,University of Hong Kong,Centre for PanorOmic Sciences (22200),2026-09-30,,FALSE,2026-09-02,,537240,Full-time,,,https://jobs.hku.hk/en/job/537240/senior-technical-assistant-several-posts-in-genomics-core
HKU-537243,Bioinformatics Manager (at the rank of Technical Manager) in Bioinformatics Core,Non-Academic,HKU,University of Hong Kong,Centre for PanorOmic Sciences (22200),2026-09-30,,FALSE,2026-09-02,,537243,Full-time,,,https://jobs.hku.hk/en/job/537243/bioinformatics-manager-at-the-rank-of-technical-manager-in-bioinformatics-core
HKU-537244,Computational Biologist (at the rank of Senior Technical Officer) (several posts) in Bioinformatics Core,Non-Academic,HKU,University of Hong Kong,Centre for PanorOmic Sciences (22200),2026-09-30,,FALSE,2026-09-02,,537244,Full-time,,,https://jobs.hku.hk/en/job/537244/computational-biologist-at-the-rank-of-senior-technical-officer-several-posts-in-bioinformatics-core
HKU-537245,Technical Officer in Imaging and Flow Cytometry Core,Non-Academic,HKU,University of Hong Kong,Centre for PanorOmic Sciences (22200),2026-09-30,,FALSE,2026-09-02,,537245,Full-time,,,https://jobs.hku.hk/en/job/537245/technical-officer-in-imaging-and-flow-cytometry-core
HKU-537256,Technical Officer,Non-Academic,HKU,University of Hong Kong,"Department of Microbiology, School of Clinical Medicine (20700)",2026-09-30,,FALSE,2026-09-02,,537256,Full-time,,,https://jobs.hku.hk/en/job/537256/technical-officer
HKU-537263,Research Assistant I/II,Research Assistant/Associate,HKU,University of Hong Kong,School of Biomedical Sciences (22600),2026-11-30,,FALSE,2026-09-01,,537263,Full-time,,As soon as possible,https://jobs.hku.hk/en/job/537263/research-assistant-iii
HKU-537168,Research Assistant I/II in the Division of Endocrinology and Metabolism of the Department of Medicine,Research Assistant/Associate,HKU,University of Hong Kong,"Department of Medicine, School of Clinical Medicine (20600)",2026-09-30,,FALSE,2026-09-01,,537168,Full-time,,,https://jobs.hku.hk/en/job/537168/research-assistant-iii-in-the-division-of-endocrinology-and-metabolism-of-the-department-of-medicine
HKU-537193,Research Assistant I/II (several posts),Research Assistant/Associate,HKU,University of Hong Kong,"Centre of Cancer Medicine, School of Clinical Medicine (22900)",2026-10-11,,FALSE,2026-09-01,,537193,Full-time,,,https://jobs.hku.hk/en/job/537193/research-assistant-iii-several-posts
HKU-537205,Post-doctoral Fellow in the Department of Medicine,Postdoctoral,HKU,University of Hong Kong,"Department of Medicine, School of Clinical Medicine (20600)",2026-09-30,,FALSE,2026-09-01,,537205,Full-time,,,https://jobs.hku.hk/en/job/537205/postdoctoral-fellow-in-the-department-of-medicine
HKU-537224,全職/半職宿舍服務員,Other,HKU,University of Hong Kong,Li Ka Shing Faculty of Medicine (20000),2026-09-29,,FALSE,2026-09-01,,537224,Full-time,,,https://jobs.hku.hk/en/job/537224/全職半職宿舍服務員
HKU-537232,Post-doctoral Fellow in the Division of Neurology of the Department of Medicine,Postdoctoral,HKU,University of Hong Kong,"Department of Medicine, School of Clinical Medicine (20600)",2026-09-30,,FALSE,2026-09-01,,537232,Full-time,,,https://jobs.hku.hk/en/job/537232/postdoctoral-fellow-in-the-division-of-neurology-of-the-department-of-medicine
HKU-537264,Research Assistant I,Research Assistant/Associate,HKU,University of Hong Kong,"Department of Obstetrics and Gynaecology, School of Clinical Medicine (20900)",2026-09-30,,FALSE,2026-09-01,,537264,Full-time,,,https://jobs.hku.hk/en/job/537264/research-assistant-i
HKU-537247,Research Assistant Professor (holding the title of Project Manager) in the School of Nursing,Assistant Professor,HKU,University of Hong Kong,School of Nursing (20800),2026-12-31,,FALSE,2026-08-29,,537247,Full-time,,,https://jobs.hku.hk/en/job/537247/research-assistant-professor-holding-the-title-of-project-manager-in-the-school-of-nursing
HKU-537246,Research Assistant Professor in the School of Nursing,Assistant Professor,HKU,University of Hong Kong,School of Nursing (20800),2026-10-31,,FALSE,2026-08-29,,537246,Full-time,,,https://jobs.hku.hk/en/job/537246/research-assistant-professor-in-the-school-of-nursing
HKU-536997,設施服務員,Other,HKU,University of Hong Kong,HKU Kadoorie Centre (53000),2026-09-28,,FALSE,2026-08-29,,536997,Full-time,,,https://jobs.hku.hk/en/job/536997/設施服務員
HKU-537039,Tenure-Track Assistant Professor in the Department of Sociology,Tenure-Track,HKU,University of Hong Kong,Department of Sociology (30400),2026-11-30,,FALSE,2026-08-29,,537039,Full-time,,,https://jobs.hku.hk/en/job/537039/tenuretrack-assistant-professor-in-the-department-of-sociology
HKU-537094,Tenure-Track Assistant Professor in Family Demography in the Department of Sociology,Tenure-Track,HKU,University of Hong Kong,Department of Sociology (30400),2026-11-30,,FALSE,2026-08-29,,537094,Full-time,,,https://jobs.hku.hk/en/job/537094/tenuretrack-assistant-professor-in-family-demography-in-the-department-of-sociology
HKU-537194,Executive Officer in the School of Computing and Data Science (Ref: 537194),Non-Academic,HKU,University of Hong Kong,School of Computing and Data Science (14700),2026-09-28,,FALSE,2026-08-29,,537194,Full-time,,,https://jobs.hku.hk/en/job/537194/executive-officer-in-the-school-of-computing-and-data-science-ref-537194
HKU-537250,Assistant Manager / Senior Executive Assistant (at the rank of Executive Officer / Clerk I),Non-Academic,HKU,University of Hong Kong,Department of Materials and Energy (14900),2026-09-30,,FALSE,2026-08-29,,537250,Full-time,,As soon as possible.,https://jobs.hku.hk/en/job/537250/assistant-manager-senior-executive-assistant-at-the-rank-of-executive-officer-clerk-i
HKU-537251,Technical Manager,Non-Academic,HKU,University of Hong Kong,Department of Materials and Energy (14900),2026-09-30,,FALSE,2026-08-29,,537251,Full-time,,,https://jobs.hku.hk/en/job/537251/technical-manager
HKU-537252,Lecturer / Senior Lecturer,Senior Lecturer/Lecturer,HKU,University of Hong Kong,Department of Materials and Energy (14900),2026-12-31,,FALSE,2026-08-29,,537252,Full-time,,As soon as possible,https://jobs.hku.hk/en/job/537252/lecturer-senior-lecturer
HKU-537130,Clerk I (holding the functional title of Senior Executive Assistant),Non-Academic,HKU,University of Hong Kong,School of Biomedical Sciences (22600),2026-10-26,,FALSE,2026-08-28,,537130,Full-time,,,https://jobs.hku.hk/en/job/537130/clerk-i-holding-the-functional-title-of-senior-executive-assistant
HKU-537131,Clerk II (holding the functional title of Executive Assistant),Non-Academic,HKU,University of Hong Kong,School of Biomedical Sciences (22600),2026-10-26,,FALSE,2026-08-28,,537131,Full-time,,,https://jobs.hku.hk/en/job/537131/clerk-ii-holding-the-functional-title-of-executive-assistant
HKU-537163,Multimedia Assistant (at the rank of Senior IT Assistant/IT Assistant) in the Faculty of Law,Other,HKU,University of Hong Kong,Faculty of Law (18000),2026-09-30,,FALSE,2026-08-28,,537163,Full-time,,,https://jobs.hku.hk/en/job/537163/multimedia-assistant-at-the-rank-of-senior-it-assistantit-assistant-in-the-faculty-of-law
HKU-537216,Clerk I/II (holding the functional title of Senior Executive Assistant/Executive Assistant) in the Faculty of Law,Non-Academic,HKU,University of Hong Kong,Faculty of Law (18000),2026-09-30,,FALSE,2026-08-28,,537216,Full-time,,,https://jobs.hku.hk/en/job/537216/clerk-iii-holding-the-functional-title-of-senior-executive-assistantexecutive-assistant-in-the-faculty-of-law
HKU-537203,Tenure-Track Professor/Associate Professor/Assistant Professor in Astrophysics and Astronomy in the Department of Physics,Tenure-Track,HKU,University of Hong Kong,Department of Physics (25600),2026-11-25,,FALSE,2026-08-28,,537203,Full-time,,,https://jobs.hku.hk/en/job/537203/tenuretrack-professorassociate-professorassistant-professor-in-astrophysics-and-astronomy-in-the-department-of-physics
HKU-537171,Full-time Principal Lecturer or Senior Lecturer in Clinical Psychology,Senior Lecturer/Lecturer,HKU,University of Hong Kong,Department of Psychology (30200),2026-09-30,,FALSE,2026-08-26,,537171,Full-time,,,https://jobs.hku.hk/en/job/537171/fulltime-principal-lecturer-or-senior-lecturer-in-clinical-psychology
HKU-537206,Clerk I (holding the functional title of Senior Executive Assistant),Non-Academic,HKU,University of Hong Kong,"Department of Pathology, School of Clinical Medicine (21200)",2026-09-30,,FALSE,2026-08-26,,537206,Full-time,,,https://jobs.hku.hk/en/job/537206/clerk-i-holding-the-functional-title-of-senior-executive-assistant
HKU-537202,Post-doctoral Fellow,Postdoctoral,HKU,University of Hong Kong,"Department of Emergency Medicine, School of Clinical Medicine (22700)",2026-09-30,,FALSE,2026-08-25,,537202,Full-time,,,https://jobs.hku.hk/en/job/537202/postdoctoral-fellow
HKU-537204,Senior Research Assistant/Research Assistant I/II (holding the functional title of Senior Data Analyst/Data Analyst),Research Assistant/Associate,HKU,University of Hong Kong,"Department of Emergency Medicine, School of Clinical Medicine (22700)",2026-09-30,,FALSE,2026-08-25,,537204,Full-time,,As soon as possible,https://jobs.hku.hk/en/job/537204/senior-research-assistantresearch-assistant-iii-holding-the-functional-title-of-senior-data-analystdata-analyst
HKU-537142,Data Coordinator (at the rank of Technical Assistant) (several posts),Non-Academic,HKU,University of Hong Kong,"Department of Emergency Medicine, School of Clinical Medicine (22700)",2026-09-30,,FALSE,2026-08-24,,537142,Full-time,,,https://jobs.hku.hk/en/job/537142/data-coordinator-at-the-rank-of-technical-assistant-several-posts
HKU-537128,Tenure-Track Clinical Professor/ Clinical Associate Professor/ Clinical Assistant Professor (several posts) in the School of Public Health,Tenure-Track,HKU,University of Hong Kong,School of Public Health (22400),2027-02-20,,FALSE,2026-08-24,,537128,Full-time,,,https://jobs.hku.hk/en/job/537128/tenuretrack-clinical-professor-clinical-associate-professor-clinical-assistant-professor-several-posts-in-the-school-of-public-health
HKU-537173,Research Assistant Professor,Assistant Professor,HKU,University of Hong Kong,Faculty of Arts (04000),2026-09-30,,FALSE,2026-08-24,,537173,Full-time,,January 2027 (or as soon as possible thereafter),https://jobs.hku.hk/en/job/537173/research-assistant-professor
HKU-537189,Executive Officer,Non-Academic,HKU,University of Hong Kong,Centre for Advanced Semiconductors and Integrated Circuits (47900),2026-09-30,,FALSE,2026-08-24,,537189,Full-time,,,https://jobs.hku.hk/en/job/537189/executive-officer
HKU-537164,Post-doctoral Fellow in Bioinformatics in the Hong Kong Jockey Club Global Health Institute,Postdoctoral,HKU,University of Hong Kong,School of Public Health (22400),2026-11-12,,FALSE,2026-08-21,,537164,Full-time,,,https://jobs.hku.hk/en/job/537164/postdoctoral-fellow-in-bioinformatics-in-the-hong-kong-jockey-club-global-health-institute
HKU-537045,Tenure-Track Assistant Professor (several posts),Tenure-Track,HKU,University of Hong Kong,"Department of Orthopaedics and Traumatology, School of Clinical Medicine (21000)",2026-11-19,,FALSE,2026-08-21,,537045,Full-time,,,https://jobs.hku.hk/en/job/537045/tenuretrack-assistant-professor-several-posts
HKU-537165,Senior Technical Officer / Technical Officer,Non-Academic,HKU,University of Hong Kong,School of Innovation (14800),2026-10-20,,FALSE,2026-08-21,,537165,Full-time,,,https://jobs.hku.hk/en/job/537165/senior-technical-officer-technical-officer
HKU-537032,Tenure-Track Professor/Associate Professor/Assistant Professor in Medical Physics,Tenure-Track,HKU,University of Hong Kong,"Centre of Cancer Medicine, School of Clinical Medicine (22900)",2027-02-18,,FALSE,2026-08-20,,537032,Full-time,,,https://jobs.hku.hk/en/job/537032/tenuretrack-professorassociate-professorassistant-professor-in-medical-physics
HKU-537038,"Assistant Lecturer in the Division of Community Medicine and Public Health Practice, School of Public Health",Senior Lecturer/Lecturer,HKU,University of Hong Kong,School of Public Health (22400),2026-10-14,,FALSE,2026-08-20,,537038,Full-time,,,https://jobs.hku.hk/en/job/537038/assistant-lecturer-in-the-division-of-community-medicine-and-public-health-practice-school-of-public-health
HKU-537123,Post-doctoral Fellow,Postdoctoral,HKU,University of Hong Kong,Department of Earth and Planetary Sciences (25300),2026-10-17,,FALSE,2026-08-20,,537123,Full-time,,,https://jobs.hku.hk/en/job/537123/postdoctoral-fellow
HKU-537088,Post-doctoral Fellow in Experimental Condensed Matter Physics in the Department of Physics,Postdoctoral,HKU,University of Hong Kong,Department of Physics (25600),2026-10-30,,FALSE,2026-08-20,,537088,Full-time,,,https://jobs.hku.hk/en/job/537088/postdoctoral-fellow-in-experimental-condensed-matter-physics-in-the-department-of-physics
HKU-537115,Research Assistant I/II in the Department of Medicine,Research Assistant/Associate,HKU,University of Hong Kong,"Department of Medicine, School of Clinical Medicine (20600)",2026-10-31,,FALSE,2026-08-20,,537115,Full-time,,,https://jobs.hku.hk/en/job/537115/research-assistant-iii-in-the-department-of-medicine
HKU-537161,Senior Research Assistant,Research Assistant/Associate,HKU,University of Hong Kong,"Department of Orthopaedics and Traumatology, School of Clinical Medicine (21000)",2026-09-30,,FALSE,2026-08-20,,537161,Full-time,,,https://jobs.hku.hk/en/job/537161/senior-research-assistant
HKU-537151,Executive Officer/ Senior Executive Assistant (at the rank of Clerk I) /Executive Assistant (at the rank of Clerk II) (several posts),Non-Academic,HKU,University of Hong Kong,School of Public Health (22400),2026-11-18,,FALSE,2026-08-19,,537151,Full-time,,,https://jobs.hku.hk/en/job/537151/executive-officer-senior-executive-assistant-at-the-rank-of-clerk-i-executive-assistant-at-the-rank-of-clerk-ii-several-posts
HKU-537112,Professor and Head of Department of Politics and Public Administration,Professor,HKU,University of Hong Kong,Department of Politics and Public Administration (30100),2026-11-15,,FALSE,2026-08-19,,537112,Full-time,,,https://jobs.hku.hk/en/job/537112/professor-and-head-of-department-of-politics-and-public-administration
HKU-537137,"Senior Executive Assistant / Executive Assistant (at the rank of Clerk I / II) in the Department of Surgery, School of Clinical Medicine (several posts)",Senior Lecturer/Lecturer,HKU,University of Hong Kong,"Department of Surgery, School of Clinical Medicine (21700)",2026-09-30,,FALSE,2026-08-19,,537137,Full-time,,As soon as possible,https://jobs.hku.hk/en/job/537137/senior-executive-assistant-executive-assistant-at-the-rank-of-clerk-i-ii-in-the-department-of-surgery-school-of-clinical-medicine-several-posts
HKU-537156,Executive Assistant (at the rank of Clerk II),Non-Academic,HKU,University of Hong Kong,Faculty of Engineering (14000),2026-09-30,,FALSE,2026-08-19,,537156,Full-time,,,https://jobs.hku.hk/en/job/537156/executive-assistant-at-the-rank-of-clerk-ii
HKU-537166,Executive Officer in the Graduate School of the Research Services of the Registry,Non-Academic,HKU,University of Hong Kong,Graduate School of the Research Services of the Registry (60341),2026-10-01,,FALSE,2026-08-19,,537166,Full-time,,,https://jobs.hku.hk/en/job/537166/executive-officer-in-the-graduate-school-of-the-research-services-of-the-registry
HKU-537060,Tenure-Track Professor/Associate Professor/Assistant Professor in Finance,Tenure-Track,HKU,University of Hong Kong,Faculty of Business and Economics (07030),2026-11-30,,FALSE,2026-08-18,,537060,Full-time,,"July 1, 2027 (or as soon as possible thereafter).",https://jobs.hku.hk/en/job/537060/tenuretrack-professorassociate-professorassistant-professor-in-finance
HKU-537136,Senior Research Assistant / Research Assistant I/II,Research Assistant/Associate,HKU,University of Hong Kong,"Department of Orthopaedics and Traumatology, School of Clinical Medicine (21000)",2026-09-30,,FALSE,2026-08-15,,537136,Full-time,,As soon as possible,https://jobs.hku.hk/en/job/537136/senior-research-assistant-research-assistant-iii
HKU-537144,Assistant Manager (Events) (at the rank of Executive Officer),Non-Academic,HKU,University of Hong Kong,Communications and Public Affairs Office (61500),2026-10-03,,FALSE,2026-08-15,,537144,Full-time,,,https://jobs.hku.hk/en/job/537144/assistant-manager-events-at-the-rank-of-executive-officer
HKU-537087,Part-time Pharmacist,Other,HKU,University of Hong Kong,Department of Pharmacology and Pharmacy (21300),2026-09-30,,FALSE,2026-08-14,,537087,Part-time,,As soon as possible.,https://jobs.hku.hk/en/job/537087/parttime-pharmacist
HKU-537111,中藥房主管,Other,HKU,University of Hong Kong,School of Chinese Medicine (22100),2026-09-30,,FALSE,2026-08-14,,537111,Full-time,,,https://jobs.hku.hk/en/job/537111/中藥房主管
HKU-537120,Assistant Research Officer,Research Assistant/Associate,HKU,University of Hong Kong,School of Chinese Medicine (22100),2026-09-30,,FALSE,2026-08-13,,537120,Full-time,,,https://jobs.hku.hk/en/job/537120/assistant-research-officer
HKU-537023,Teaching Assistant,Teaching Assistant,HKU,University of Hong Kong,Faculty of Education (10000),2026-09-30,,FALSE,2026-08-13,,537023,Full-time,,,https://jobs.hku.hk/en/job/537023/teaching-assistant
HKU-537058,Tenure-Track Professor/Associate Professor/Assistant Professor in Economics (several posts),Tenure-Track,HKU,University of Hong Kong,Faculty of Business and Economics (07030),2026-11-30,,FALSE,2026-08-13,,537058,Full-time,,"July 1, 2027 (or as soon as possible thereafter)",https://jobs.hku.hk/en/job/537058/tenuretrack-professorassociate-professorassistant-professor-in-economics-several-posts
HKU-537100,Teaching Assistant,Teaching Assistant,HKU,University of Hong Kong,Faculty of Education (10000),2026-09-30,,FALSE,2026-08-13,,537100,Full-time,,,https://jobs.hku.hk/en/job/537100/teaching-assistant
HKU-537114,Research Assistant I/II in the HKU-Pasteur Research Pole of the School of Public Health,Research Assistant/Associate,HKU,University of Hong Kong,School of Public Health (22400),2026-10-31,,FALSE,2026-08-13,,537114,Full-time,,,https://jobs.hku.hk/en/job/537114/research-assistant-iii-in-the-hkupasteur-research-pole-of-the-school-of-public-health
HKU-537124,Data Analyst Assistant (at the rank of Research Assistant I/II),Research Assistant/Associate,HKU,University of Hong Kong,The Hong Kong Jockey Club Centre for Suicide Research and Prevention (30002),2026-10-31,,FALSE,2026-08-13,,537124,Full-time,,,https://jobs.hku.hk/en/job/537124/data-analyst-assistant-at-the-rank-of-research-assistant-iii
HKU-537074,Senior Laboratory Assistant / Laboratory Assistant,Non-Academic,HKU,University of Hong Kong,School of Biomedical Sciences (22600),2026-10-10,,FALSE,2026-08-12,,537074,Full-time,,,https://jobs.hku.hk/en/job/537074/senior-laboratory-assistant-laboratory-assistant
HKU-537107,Full-time/Part-time Research Assistant I/II (several posts),Research Assistant/Associate,HKU,University of Hong Kong,"Department of Psychiatry, School of Clinical Medicine (21500)",2026-09-30,,FALSE,2026-08-12,,537107,Part-time,,As soon as possible.,https://jobs.hku.hk/en/job/537107/fulltimeparttime-research-assistant-iii-several-posts
HKU-537113,Research Assistant I/ II in the Department of Pharmacology and Pharmacy,Research Assistant/Associate,HKU,University of Hong Kong,Department of Pharmacology and Pharmacy (21300),2026-09-30,,FALSE,2026-08-12,,537113,Full-time,,,https://jobs.hku.hk/en/job/537113/research-assistant-i-ii-in-the-department-of-pharmacology-and-pharmacy
HKU-537079,Executive Officer/Clerk I (holding the functional title of Senior Executive Assistant),Non-Academic,HKU,University of Hong Kong,"Department of Microbiology, School of Clinical Medicine (20700)",2026-09-30,,FALSE,2026-08-07,,537079,Full-time,,,https://jobs.hku.hk/en/job/537079/executive-officerclerk-i-holding-the-functional-title-of-senior-executive-assistant
HKU-537080,Senior Executive Assistant/Executive Assistant (at the rank of Clerk I/II),Non-Academic,HKU,University of Hong Kong,"Department of Microbiology, School of Clinical Medicine (20700)",2026-09-30,,FALSE,2026-08-07,,537080,Full-time,,,https://jobs.hku.hk/en/job/537080/senior-executive-assistantexecutive-assistant-at-the-rank-of-clerk-iii
HKU-537072,Tenure-track Assistant Professor in Global Governance and Institutions in the School of Governance and Policy,Tenure-Track,HKU,University of Hong Kong,School of Governance and Policy (31100),2026-10-16,,FALSE,2026-08-07,,537072,Full-time,,,https://jobs.hku.hk/en/job/537072/tenuretrack-assistant-professor-in-global-governance-and-institutions-in-the-school-of-governance-and-policy
HKU-537086,Research Assistant I/II (several posts),Research Assistant/Associate,HKU,University of Hong Kong,Department of Chemistry (25200),2026-09-30,,FALSE,2026-08-07,,537086,Full-time,,As soon as possible.,https://jobs.hku.hk/en/job/537086/research-assistant-iii-several-posts
HKU-537052,Student Advising Officer (at the rank of Executive Officer),Non-Academic,HKU,University of Hong Kong,Centre of Development and Resources for Students (50000),2026-09-30,,FALSE,2026-08-06,,537052,Full-time,,,https://jobs.hku.hk/en/job/537052/student-advising-officer-at-the-rank-of-executive-officer
HKU-537056,Assistant Lecturer in News Literacy and Factchecking in the School of Future Media,Senior Lecturer/Lecturer,HKU,University of Hong Kong,School of Future Media (31200),2026-11-30,,FALSE,2026-08-06,,537056,Full-time,,"November 1, 2026 (or as soon as possible thereafter)",https://jobs.hku.hk/en/job/537056/assistant-lecturer-in-news-literacy-and-factchecking-in-the-school-of-future-media
HKU-537065,Research Officer,Research Assistant/Associate,HKU,University of Hong Kong,Department of Pharmacology and Pharmacy (21300),2026-09-30,,FALSE,2026-08-06,,537065,Full-time,,,https://jobs.hku.hk/en/job/537065/research-officer
HKU-537071,Senior Student Affairs Assistant,Other,HKU,University of Hong Kong,Centre of Development and Resources for Students (50000),2026-10-23,,FALSE,2026-08-06,,537071,Full-time,,As soon as possible,https://jobs.hku.hk/en/job/537071/senior-student-affairs-assistant
HKU-537075,Executive Assistant (at the rank of Clerk II),Non-Academic,HKU,University of Hong Kong,Department of Chemistry (25200),2026-09-30,,FALSE,2026-08-06,,537075,Full-time,,,https://jobs.hku.hk/en/job/537075/executive-assistant-at-the-rank-of-clerk-ii
HKU-536943,Executive Officer,Non-Academic,HKU,University of Hong Kong,School of Biomedical Sciences (22600),2026-10-03,,FALSE,2026-08-05,,536943,Full-time,,As soon as possible,https://jobs.hku.hk/en/job/536943/executive-officer
HKU-537018,實驗室助理,Other,HKU,University of Hong Kong,"Department of Pathology, School of Clinical Medicine (21200)",2026-09-30,,FALSE,2026-08-05,,537018,Full-time,,,https://jobs.hku.hk/en/job/537018/實驗室助理
HKU-537044,Senior Laboratory Assistant (holding the functional title of Senior Phlebotomist),Non-Academic,HKU,University of Hong Kong,"Department of Microbiology, School of Clinical Medicine (20700)",2026-11-30,,FALSE,2026-08-05,,537044,Full-time,,,https://jobs.hku.hk/en/job/537044/senior-laboratory-assistant-holding-the-functional-title-of-senior-phlebotomist
HKU-537049,Student Advising Officer (at the rank of Executive Officer),Non-Academic,HKU,University of Hong Kong,Centre of Development and Resources for Students (50000),2026-09-30,,FALSE,2026-08-05,,537049,Full-time,,,https://jobs.hku.hk/en/job/537049/student-advising-officer-at-the-rank-of-executive-officer
HKU-537061,Research Assistant II,Research Assistant/Associate,HKU,University of Hong Kong,"Department of Pathology, School of Clinical Medicine (21200)",2026-09-30,,FALSE,2026-08-05,,537061,Full-time,,As soon as possible.,https://jobs.hku.hk/en/job/537061/research-assistant-ii
HKU-537009,Technical Officer,Non-Academic,HKU,University of Hong Kong,School of Biomedical Sciences (22600),2026-10-02,,FALSE,2026-08-04,,537009,Full-time,,,https://jobs.hku.hk/en/job/537009/technical-officer
HKU-537030,Tenure-Track Professor/ Associate Professor/ Assistant Professor (several posts),Tenure-Track,HKU,University of Hong Kong,Li Ka Shing Faculty of Medicine (20000),2027-02-02,,FALSE,2026-08-04,,537030,Full-time,,,https://jobs.hku.hk/en/job/537030/tenuretrack-professor-associate-professor-assistant-professor-several-posts
HKU-537040,Research Assistant I/II,Research Assistant/Associate,HKU,University of Hong Kong,"Department of Surgery, School of Clinical Medicine (21700)",2026-11-30,,FALSE,2026-08-04,,537040,Full-time,,,https://jobs.hku.hk/en/job/537040/research-assistant-iii
HKU-537046,Research Assistant I/II,Research Assistant/Associate,HKU,University of Hong Kong,"Department of Surgery, School of Clinical Medicine (21700)",2026-10-31,,FALSE,2026-08-04,,537046,Full-time,,,https://jobs.hku.hk/en/job/537046/research-assistant-iii
HKU-536987,Laboratory Assistant,Non-Academic,HKU,University of Hong Kong,School of Biomedical Sciences (22600),2026-09-30,,FALSE,2026-08-01,,536987,Full-time,,,https://jobs.hku.hk/en/job/536987/laboratory-assistant
HKU-536897,Professor/Associate Professor of Practice (several posts),Associate Professor,HKU,University of Hong Kong,School of Nursing (20800),2027-01-30,,FALSE,2026-08-01,,536897,Full-time,,,https://jobs.hku.hk/en/job/536897/professorassociate-professor-of-practice-several-posts
HKU-536977,"Adjunct Associate Professor, Adjunct Assistant Professor, and Part-time Hourly-paid Lecturer in the Division of Landscape Architecture",Associate Professor,HKU,University of Hong Kong,Department of Architecture (01100),2026-09-30,,FALSE,2026-08-01,,536977,Part-time,,"January 4, 2027 or as soon as possible.",https://jobs.hku.hk/en/job/536977/adjunct-associate-professor-adjunct-assistant-professor-and-parttime-hourlypaid-lecturer-in-the-division-of-landscape-architecture
HKU-537024,Senior Lecturer/Lecturer in the School of Future Media (several posts),Senior Lecturer/Lecturer,HKU,University of Hong Kong,School of Future Media (31200),2027-02-28,,FALSE,2026-08-01,,537024,Full-time,,,https://jobs.hku.hk/en/job/537024/senior-lecturerlecturer-in-the-school-of-future-media-several-posts
HKU-537026,Senior Research Assistant (holding the functional title of Project Manager) in the Department of Pharmacology and Pharmacy,Research Assistant/Associate,HKU,University of Hong Kong,Department of Pharmacology and Pharmacy (21300),2026-09-30,,FALSE,2026-08-01,,537026,Full-time,,,https://jobs.hku.hk/en/job/537026/senior-research-assistant-holding-the-functional-title-of-project-manager-in-the-department-of-pharmacology-and-pharmacy
HKU-537027,Research Assistant I/II in the Department of Pharmacology and Pharmacy,Research Assistant/Associate,HKU,University of Hong Kong,Department of Pharmacology and Pharmacy (21300),2026-09-30,,FALSE,2026-08-01,,537027,Full-time,,,https://jobs.hku.hk/en/job/537027/research-assistant-iii-in-the-department-of-pharmacology-and-pharmacy
HKU-536970,Part-time Student Research Assistant (several posts) in the Division of Community Medicine and Public Health Practice,Research Assistant/Associate,HKU,University of Hong Kong,School of Public Health (22400),2026-10-29,,FALSE,2026-07-31,,536970,Part-time,,,https://jobs.hku.hk/en/job/536970/parttime-student-research-assistant-several-posts-in-the-division-of-community-medicine-and-public-health-practice
HKU-536971,Full-time/Part-time Research Assistant I/II in the Division of Community Medicine and Public Health Practice,Research Assistant/Associate,HKU,University of Hong Kong,School of Public Health (22400),2026-10-29,,FALSE,2026-07-31,,536971,Part-time,,,https://jobs.hku.hk/en/job/536971/fulltimeparttime-research-assistant-iii-in-the-division-of-community-medicine-and-public-health-practice
HKU-536972,Senior Research Assistant in the Centre for Psycho-oncology Research & Teaching and the Division of Behavioural Sciences of the School of Public Health,Research Assistant/Associate,HKU,University of Hong Kong,School of Public Health (22400),2026-09-30,,FALSE,2026-07-31,,536972,Full-time,,,https://jobs.hku.hk/en/job/536972/senior-research-assistant-in-the-centre-for-psychooncology-research-teaching-and-the-division-of-behavioural-sciences-of-the-school-of-public-health
HKU-536973,Part-Time Student Research Assistant in the HKU-Pasteur Research Pole,Research Assistant/Associate,HKU,University of Hong Kong,School of Public Health (22400),2026-10-15,,FALSE,2026-07-31,,536973,Part-time,,As soon as possible,https://jobs.hku.hk/en/job/536973/parttime-student-research-assistant-in-the-hkupasteur-research-pole
HKU-536941,Research Assistant I/II in the Division of Epidemiology and Biostatistics,Research Assistant/Associate,HKU,University of Hong Kong,School of Public Health (22400),2026-09-30,,FALSE,2026-07-30,,536941,Full-time,,,https://jobs.hku.hk/en/job/536941/research-assistant-iii-in-the-division-of-epidemiology-and-biostatistics
HKU-536999,Tenure-Track Assistant Professor in Physical Geography,Tenure-Track,HKU,University of Hong Kong,Department of Geography (30900),2026-09-30,,FALSE,2026-07-30,,536999,Full-time,,,https://jobs.hku.hk/en/job/536999/tenuretrack-assistant-professor-in-physical-geography
HKU-537011,Post-doctoral Fellow,Postdoctoral,HKU,University of Hong Kong,Department of Electrical and Computer Engineering (14300),2027-01-31,,FALSE,2026-07-30,,537011,Full-time,,,https://jobs.hku.hk/en/job/537011/postdoctoral-fellow
HKU-536992,Full-time/Part-time Certificated Dental Surgery Assistant I/II/Dental Clinic Assistant (at the rank of Facilities Assistant) (several posts) in the Institute for Advanced Dentistry Multi-Specialty Clinic (IAD-MSC),Non-Academic,HKU,University of Hong Kong,Faculty of Dentistry (08000),2026-10-27,,FALSE,2026-07-29,,536992,Part-time,,,https://jobs.hku.hk/en/job/536992/fulltimeparttime-certificated-dental-surgery-assistant-iiidental-clinic-assistant-at-the-rank-of-facilities-assistant-several-posts-in-the-institute-for-advanced-dentistry-multispecialty-clinic-iadmsc
HKU-536969,Professor/Associate Professor on tenure terms or tenure-track Assistant Professor in Global Iberian Empires,Tenure-Track,HKU,University of Hong Kong,School of Humanities (05200),2026-10-05,,FALSE,2026-07-29,,536969,Full-time,,,https://jobs.hku.hk/en/job/536969/professorassociate-professor-on-tenure-terms-or-tenuretrack-assistant-professor-in-global-iberian-empires
HKU-536993,Post-doctoral Fellow (Inorganic Synthesis) (several posts),Postdoctoral,HKU,University of Hong Kong,Department of Chemistry (25200),2026-12-31,,FALSE,2026-07-29,,536993,Full-time,,,https://jobs.hku.hk/en/job/536993/postdoctoral-fellow-inorganic-synthesis-several-posts
HKU-536968,Research Assistant I / Research Assistant II in the Department of Paediatrics and Adolescent Medicine,Research Assistant/Associate,HKU,University of Hong Kong,"Department of Paediatrics and Adolescent Medicine, School of Clinical Medicine (21100)",2026-10-01,,FALSE,2026-07-28,,536968,Full-time,,,https://jobs.hku.hk/en/job/536968/research-assistant-i-research-assistant-ii-in-the-department-of-paediatrics-and-adolescent-medicine
HKU-536905,Research Assistant I/II in the Department of Medicine,Research Assistant/Associate,HKU,University of Hong Kong,"Department of Medicine, School of Clinical Medicine (20600)",2026-10-31,,FALSE,2026-07-28,,536905,Full-time,,,https://jobs.hku.hk/en/job/536905/research-assistant-iii-in-the-department-of-medicine
HKU-536956,Research Assistant I/II in the School of Nursing,Research Assistant/Associate,HKU,University of Hong Kong,School of Nursing (20800),2026-12-31,,FALSE,2026-07-25,,536956,Full-time,,,https://jobs.hku.hk/en/job/536956/research-assistant-iii-in-the-school-of-nursing
HKU-536954,Post-doctoral Fellows (or Research Associates) in the HK Institute of Quantum Science & Technology,Postdoctoral,HKU,University of Hong Kong,HK Institute of Quantum Science & Technology (47300),2026-09-30,,FALSE,2026-07-28,,536954,Full-time,,,https://jobs.hku.hk/en/job/536954/postdoctoral-fellows-or-research-associates-in-the-hk-institute-of-quantum-science-technology
HKU-536818,Tenure-Track Clinical Professor (several posts),Tenure-Track,HKU,University of Hong Kong,"Department of Obstetrics and Gynaecology, School of Clinical Medicine (20900)",2026-12-31,,FALSE,2026-07-24,,536818,Full-time,,,https://jobs.hku.hk/en/job/536818/tenuretrack-clinical-professor-several-posts
HKU-536819,Tenure-Track Clinical Associate Professor/ Clinical Assistant Professor (several posts),Tenure-Track,HKU,University of Hong Kong,"Department of Obstetrics and Gynaecology, School of Clinical Medicine (20900)",2026-12-31,,FALSE,2026-07-24,,536819,Full-time,,,https://jobs.hku.hk/en/job/536819/tenuretrack-clinical-associate-professor-clinical-assistant-professor-several-posts
HKU-536863,Technical Officer,Non-Academic,HKU,University of Hong Kong,Department of Data and Systems Engineering (14400),2026-09-30,,FALSE,2026-07-24,,536863,Full-time,,,https://jobs.hku.hk/en/job/536863/technical-officer
HKU-536925,Senior Research Assistant (several posts) in the Division of Public Health Laboratory Sciences,Research Assistant/Associate,HKU,University of Hong Kong,School of Public Health (22400),2026-10-22,,FALSE,2026-07-24,,536925,Full-time,,,https://jobs.hku.hk/en/job/536925/senior-research-assistant-several-posts-in-the-division-of-public-health-laboratory-sciences
HKU-536936,Research Assistant I,Research Assistant/Associate,HKU,University of Hong Kong,"Department of Microbiology, School of Clinical Medicine (20700)",2026-10-31,,FALSE,2026-07-24,,536936,Full-time,,,https://jobs.hku.hk/en/job/536936/research-assistant-i
HKU-536944,Post-doctoral Fellow,Postdoctoral,HKU,University of Hong Kong,"Department of Microbiology, School of Clinical Medicine (20700)",2026-12-31,,FALSE,2026-07-24,,536944,Full-time,,,https://jobs.hku.hk/en/job/536944/postdoctoral-fellow
HKU-536870,Senior Research Assistant/Research Assistant I/Research Assistant II in Lab of The Centre of Buddhist Studies,Research Assistant/Associate,HKU,University of Hong Kong,Centre of Buddhist Studies (44900),2026-09-30,,FALSE,2026-07-23,,536870,Full-time,,As soon as possible,https://jobs.hku.hk/en/job/536870/senior-research-assistantresearch-assistant-iresearch-assistant-ii-in-lab-of-the-centre-of-buddhist-studies
HKU-536792,Clinical Associate Professor of Practice / Clinical Assistant Professor of Practice (several posts),Associate Professor,HKU,University of Hong Kong,"Centre of Cancer Medicine, School of Clinical Medicine (22900)",2027-01-20,,FALSE,2026-07-22,,536792,Full-time,,,https://jobs.hku.hk/en/job/536792/clinical-associate-professor-of-practice-clinical-assistant-professor-of-practice-several-posts
HKU-536793,Tenure-Track Clinical Associate Professor / Clinical Assistant Professor (several posts),Tenure-Track,HKU,University of Hong Kong,"Centre of Cancer Medicine, School of Clinical Medicine (22900)",2027-01-20,,FALSE,2026-07-22,,536793,Full-time,,,https://jobs.hku.hk/en/job/536793/tenuretrack-clinical-associate-professor-clinical-assistant-professor-several-posts
HKU-536889,Research Scientist (at the rank of Assistant Research Officer) in the Hong Kong Jockey Club Global Health Institute (HKJCGHI) of the School of Public Health,Research Assistant/Associate,HKU,University of Hong Kong,School of Public Health (22400),2026-10-31,,FALSE,2026-07-22,,536889,Full-time,,,https://jobs.hku.hk/en/job/536889/research-scientist-at-the-rank-of-assistant-research-officer-in-the-hong-kong-jockey-club-global-health-institute-hkjcghi-of-the-school-of-public-health
HKU-536890,Data Scientist (at the rank of Assistant Research Officer) in the Hong Kong Jockey Club Global Health Institute (HKJCGHI) of the School of Public Health,Research Assistant/Associate,HKU,University of Hong Kong,School of Public Health (22400),2026-10-31,,FALSE,2026-07-22,,536890,Full-time,,,https://jobs.hku.hk/en/job/536890/data-scientist-at-the-rank-of-assistant-research-officer-in-the-hong-kong-jockey-club-global-health-institute-hkjcghi-of-the-school-of-public-health
HKU-536804,Data Scientist/ Data Coordinator (at the rank of Senior Technical Officer/ Technical Officer) in the Division of Community Medicine and Public Health Practice,Non-Academic,HKU,University of Hong Kong,School of Public Health (22400),2026-10-21,,FALSE,2026-07-22,,536804,Full-time,,,https://jobs.hku.hk/en/job/536804/data-scientist-data-coordinator-at-the-rank-of-senior-technical-officer-technical-officer-in-the-division-of-community-medicine-and-public-health-practice
HKU-536877,Full-time Research Assistant I/II in the Division of Oral & Maxillofacial Surgery,Research Assistant/Associate,HKU,University of Hong Kong,Oral and Maxillofacial Surgery of the Faculty of Dentistry (08002),2026-12-31,,FALSE,2026-07-17,,536877,Full-time,,,https://jobs.hku.hk/en/job/536877/fulltime-research-assistant-iii-in-the-division-of-oral-maxillofacial-surgery
HKU-536865,Tenure-Track Associate Professor / Assistant Professor in International Relations in the Department of Politics and Public Administration,Tenure-Track,HKU,University of Hong Kong,Department of Politics and Public Administration (30100),2026-10-31,,FALSE,2026-07-17,,536865,Full-time,,,https://jobs.hku.hk/en/job/536865/tenuretrack-associate-professor-assistant-professor-in-international-relations-in-the-department-of-politics-and-public-administration
HKU-536840,Senior Research Assistant/ Research Assistant I/II in Community Child Health in the Department of Paediatrics and Adolescent Medicine,Research Assistant/Associate,HKU,University of Hong Kong,"Department of Paediatrics and Adolescent Medicine, School of Clinical Medicine (21100)",2026-10-31,,FALSE,2026-07-15,,536840,Full-time,,,https://jobs.hku.hk/en/job/536840/senior-research-assistant-research-assistant-iii-in-community-child-health-in-the-department-of-paediatrics-and-adolescent-medicine
HKU-536842,General Manager (Nursing),Non-Academic,HKU,University of Hong Kong,LKS Faculty of Medicine - HKU Health System (00105),2026-11-13,,FALSE,2026-07-14,,536842,Full-time,,,https://jobs.hku.hk/en/job/536842/general-manager-nursing
HKU-536763,Post-doctoral Fellow in the Division of Public Health Laboratory Sciences (PHLS),Postdoctoral,HKU,University of Hong Kong,School of Public Health (22400),2026-10-09,,FALSE,2026-07-11,,536763,Full-time,,,https://jobs.hku.hk/en/job/536763/postdoctoral-fellow-in-the-division-of-public-health-laboratory-sciences-phls
HKU-536796,Tenure-Track Assistant Professor in the Department of Sociology,Tenure-Track,HKU,University of Hong Kong,Department of Sociology (30400),2026-09-30,,FALSE,2026-07-11,,536796,Full-time,,,https://jobs.hku.hk/en/job/536796/tenuretrack-assistant-professor-in-the-department-of-sociology
HKU-536806,Senior Research Assistant/Research Assistant I/II (holding the functional title of Senior Data Analyst/Data Analyst) (several posts) in the Division of Community Medicine and Public Health Practice,Research Assistant/Associate,HKU,University of Hong Kong,School of Public Health (22400),2026-10-09,,FALSE,2026-07-11,,536806,Full-time,,,https://jobs.hku.hk/en/job/536806/senior-research-assistantresearch-assistant-iii-holding-the-functional-title-of-senior-data-analystdata-analyst-several-posts-in-the-division-of-community-medicine-and-public-health-practice
HKU-536816,Post-Doctoral Fellow,Postdoctoral,HKU,University of Hong Kong,Sau Po Centre on Ageing (30302),2026-09-30,,FALSE,2026-07-11,,536816,Full-time,,,https://jobs.hku.hk/en/job/536816/postdoctoral-fellow
HKU-536803,Technical Manager/Assistant Technical Manager (several posts) (holding the functional title of Laboratory Manager/Assistant Laboratory Manager) in the Hong Kong Jockey Club Global Health Institute,Non-Academic,HKU,University of Hong Kong,School of Public Health (22400),2026-10-10,,FALSE,2026-07-10,,536803,Full-time,,,https://jobs.hku.hk/en/job/536803/technical-managerassistant-technical-manager-several-posts-holding-the-functional-title-of-laboratory-managerassistant-laboratory-manager-in-the-hong-kong-jockey-club-global-health-institute
HKU-536630,Clerk I/II (holding the functional title of Senior Executive Assistant/Executive Assistant),Non-Academic,HKU,University of Hong Kong,School of Biomedical Sciences (22600),2026-10-06,,FALSE,2026-07-08,,536630,Full-time,,,https://jobs.hku.hk/en/job/536630/clerk-iii-holding-the-functional-title-of-senior-executive-assistantexecutive-assistant
HKU-536776,Tenure-Track Professor/Associate Professor/Assistant Professor in Accounting (several posts),Tenure-Track,HKU,University of Hong Kong,Faculty of Business and Economics (07030),2027-02-28,,FALSE,2026-07-08,,536776,Full-time,,,https://jobs.hku.hk/en/job/536776/tenuretrack-professorassociate-professorassistant-professor-in-accounting-several-posts
HKU-536788,Research Assistant I/II,Research Assistant/Associate,HKU,University of Hong Kong,"Department of Pathology, School of Clinical Medicine (21200)",2026-09-30,,FALSE,2026-07-08,,536788,Full-time,,As soon as possible.,https://jobs.hku.hk/en/job/536788/research-assistant-iii
HKU-536608,Senior Research Assistant /Research Assistant I/II /Student Research Assistant in AI Agents for Architecture and Construction,Research Assistant/Associate,HKU,University of Hong Kong,Department of Urban Planning and Design (01300),2027-01-31,,FALSE,2026-07-07,,536608,Full-time,,,https://jobs.hku.hk/en/job/536608/senior-research-assistant-research-assistant-iii-student-research-assistant-in-ai-agents-for-architecture-and-construction
HKU-536609,Post-Doctoral Fellow in AI Agents for BIM and Construction,Postdoctoral,HKU,University of Hong Kong,Department of Urban Planning and Design (01300),2027-01-31,,FALSE,2026-07-07,,536609,Full-time,,,https://jobs.hku.hk/en/job/536609/postdoctoral-fellow-in-ai-agents-for-bim-and-construction
HKU-536701,Tenure-Track Professor/Associate Professor/Assistant Professor in the Faculty of Law,Tenure-Track,HKU,University of Hong Kong,Faculty of Law (18100),2026-12-31,,FALSE,2026-07-07,,536701,Full-time,,,https://jobs.hku.hk/en/job/536701/tenuretrack-professorassociate-professorassistant-professor-in-the-faculty-of-law
HKU-536767,Research Assistant Professor / Post-doctoral Fellow in the Department of Social Work and Social Administration (2 posts),Assistant Professor,HKU,University of Hong Kong,Department of Social Work and Social Administration (30300),2026-09-30,,FALSE,2026-07-07,,536767,Full-time,,,https://jobs.hku.hk/en/job/536767/research-assistant-professor-postdoctoral-fellow-in-the-department-of-social-work-and-social-administration-2-posts
HKU-536743,Research Assistant I/II in the Department of Pharmacology and Pharmacy,Research Assistant/Associate,HKU,University of Hong Kong,Department of Pharmacology and Pharmacy (21300),2026-12-31,,FALSE,2026-07-04,,536743,Full-time,,,https://jobs.hku.hk/en/job/536743/research-assistant-iii-in-the-department-of-pharmacology-and-pharmacy
HKU-536704,Tenure-Track Professor/Associate Professor/Assistant Professor,Tenure-Track,HKU,University of Hong Kong,Department of Pharmacology and Pharmacy (21300),2026-12-31,,FALSE,2026-07-01,,536704,Full-time,,,https://jobs.hku.hk/en/job/536704/tenuretrack-professorassociate-professorassistant-professor
HKU-536726,Post-doctoral Fellow,Postdoctoral,HKU,University of Hong Kong,"Department of Pathology, School of Clinical Medicine (21200)",2026-09-30,,FALSE,2026-07-01,,536726,Full-time,,,https://jobs.hku.hk/en/job/536726/postdoctoral-fellow
HKU-536727,Post-doctoral Fellow,Postdoctoral,HKU,University of Hong Kong,"Department of Pathology, School of Clinical Medicine (21200)",2026-09-30,,FALSE,2026-07-01,,536727,Full-time,,,https://jobs.hku.hk/en/job/536727/postdoctoral-fellow
HKU-536738,Research Assistant I/II,Research Assistant/Associate,HKU,University of Hong Kong,"Department of Pathology, School of Clinical Medicine (21200)",2026-09-30,,FALSE,2026-07-01,,536738,Full-time,,,https://jobs.hku.hk/en/job/536738/research-assistant-iii
HKU-536742,Research Assistant I/II,Research Assistant/Associate,HKU,University of Hong Kong,"Department of Pathology, School of Clinical Medicine (21200)",2026-09-30,,FALSE,2026-07-01,,536742,Full-time,,,https://jobs.hku.hk/en/job/536742/research-assistant-iii
HKU-536721,Senior Research Assistant/Research Assistant I,Research Assistant/Associate,HKU,University of Hong Kong,"Department of Surgery, School of Clinical Medicine (21700)",2026-09-30,,FALSE,2026-06-30,,536721,Full-time,,,https://jobs.hku.hk/en/job/536721/senior-research-assistantresearch-assistant-i
HKU-536641,Project Coordinator/Project Executive (at the rank of Senior Research Assistant/Research Assistant I),Research Assistant/Associate,HKU,University of Hong Kong,School of Public Health (22400),2026-09-30,,FALSE,2026-06-26,,536641,Full-time,,,https://jobs.hku.hk/en/job/536641/project-coordinatorproject-executive-at-the-rank-of-senior-research-assistantresearch-assistant-i
HKU-536653,Post-doctoral Fellow in the Department of Mathematics,Postdoctoral,HKU,University of Hong Kong,Department of Mathematics (25500),2026-11-30,,FALSE,2026-06-25,,536653,Full-time,,,https://jobs.hku.hk/en/job/536653/postdoctoral-fellow-in-the-department-of-mathematics
HKU-536645,Senior Research Assistant (holding the functional title of Project Manager),Research Assistant/Associate,HKU,University of Hong Kong,Centre for Information Technology in Education within the Faculty of Education (10001),2026-09-30,,FALSE,2026-06-24,,536645,Full-time,,,https://jobs.hku.hk/en/job/536645/senior-research-assistant-holding-the-functional-title-of-project-manager
HKU-536535,Tenure-Track Assistant Professor/Associate Professor/ Professor in Condensed Matter Physics in the Department of Physics,Tenure-Track,HKU,University of Hong Kong,Department of Physics (25600),2026-11-30,,FALSE,2026-06-19,,536535,Full-time,,,https://jobs.hku.hk/en/job/536535/tenuretrack-assistant-professorassociate-professor-professor-in-condensed-matter-physics-in-the-department-of-physics
HKU-536602,"Full-time Research Assistant II at the Speech, Language and Reading Lab in the Faculty of Education",Research Assistant/Associate,HKU,University of Hong Kong,Faculty of Education (10000),2026-11-30,,FALSE,2026-06-16,,536602,Full-time,,,https://jobs.hku.hk/en/job/536602/fulltime-research-assistant-ii-at-the-speech-language-and-reading-lab-in-the-faculty-of-education
HKU-536261,"Research Assistant Professor (RAP)/ Post-doctoral Fellow (PDF) in Epidemiology or Biostatistics, School of Public Health (several posts)",Assistant Professor,HKU,University of Hong Kong,School of Public Health (22400),2026-12-09,,FALSE,2026-06-11,,536261,Full-time,,,https://jobs.hku.hk/en/job/536261/research-assistant-professor-rap-postdoctoral-fellow-pdf-in-epidemiology-or-biostatistics-school-of-public-health-several-posts
HKU-536529,Post-doctoral Fellow (Organic Chemistry and Materials Chemistry),Postdoctoral,HKU,University of Hong Kong,Department of Chemistry (25200),2026-10-31,,FALSE,2026-06-05,,536529,Full-time,,As soon as possible.,https://jobs.hku.hk/en/job/536529/postdoctoral-fellow-organic-chemistry-and-materials-chemistry
HKU-536374,Tenure-Track Professor/Associate Professor/Assistant Professor (several posts),Tenure-Track,HKU,University of Hong Kong,School of Biomedical Sciences (22600),2026-12-31,,FALSE,2026-06-04,,536374,Full-time,,,https://jobs.hku.hk/en/job/536374/tenuretrack-professorassociate-professorassistant-professor-several-posts
HKU-536341,Academic Leadership Positions under LKS Faculty of Medicine (several posts),Other,HKU,University of Hong Kong,Li Ka Shing Faculty of Medicine (20000),,,FALSE,2026-06-03,,536341,Full-time,,,https://jobs.hku.hk/en/job/536341/academic-leadership-positions-under-lks-faculty-of-medicine-several-posts
HKU-536342,Academic Leadership Positions in School of Clinical Medicine under LKS Faculty of Medicine (2 posts),Senior Lecturer/Lecturer,HKU,University of Hong Kong,Li Ka Shing Faculty of Medicine (20000),,,FALSE,2026-06-03,,536342,Full-time,,,https://jobs.hku.hk/en/job/536342/academic-leadership-positions-in-school-of-clinical-medicine-under-lks-faculty-of-medicine-2-posts
HKU-536458,"Tenure-Track Professor/Associate Professor/Assistant Professor in Strategy, International Business (IB), Innovation and Entrepreneurship, Organizational Behavior (OB), and Human Resources Management (HRM)",Tenure-Track,HKU,University of Hong Kong,Faculty of Business and Economics (07030),2026-10-15,,FALSE,2026-06-03,,536458,Full-time,,,https://jobs.hku.hk/en/job/536458/tenuretrack-professorassociate-professorassistant-professor-in-strategy-international-business-ib-innovation-and-entrepreneurship-organizational-behavior-ob-and-human-resources-management-hrm
HKU-536459,Tenure-Track Professor/Associate Professor/Assistant Professor in Organizational Economics,Tenure-Track,HKU,University of Hong Kong,Faculty of Business and Economics (07030),2026-11-15,,FALSE,2026-06-02,,536459,Full-time,,"June 1, 2027 (or as soon as possible thereafter)",https://jobs.hku.hk/en/job/536459/tenuretrack-professorassociate-professorassistant-professor-in-organizational-economics
HKU-536403,Research Assistant I/II in the Faculty of Business and Economics,Research Assistant/Associate,HKU,University of Hong Kong,Faculty of Business and Economics (07030),2026-09-30,,FALSE,2026-05-29,,536403,Full-time,,,https://jobs.hku.hk/en/job/536403/research-assistant-iii-in-the-faculty-of-business-and-economics
HKU-536390,Technical Assistant (Field Data Collection) (several posts),Other,HKU,University of Hong Kong,Social Sciences Research Centre (30700),,,FALSE,2026-05-31,,536390,Full-time,,,https://jobs.hku.hk/en/job/536390/technical-assistant-field-data-collection-several-posts
HKU-536310,"Tenure-track Professor/ Associate Professor/ Assistant Professor in Global Health (several posts), School of Public Health",Tenure-Track,HKU,University of Hong Kong,School of Public Health (22400),2026-11-22,,FALSE,2026-05-23,,536310,Full-time,,,https://jobs.hku.hk/en/job/536310/tenuretrack-professor-associate-professor-assistant-professor-in-global-health-several-posts-school-of-public-health
HKU-536297,"Tenure-track Professor/ Associate Professor/ Assistant Professor in the Division of Behavioural Sciences (several posts), School of Public Health",Tenure-Track,HKU,University of Hong Kong,School of Public Health (22400),2026-11-22,,FALSE,2026-05-23,,536297,Full-time,,,https://jobs.hku.hk/en/job/536297/tenuretrack-professor-associate-professor-assistant-professor-in-the-division-of-behavioural-sciences-several-posts-school-of-public-health
HKU-536298,"Tenure-track Professor/ Associate Professor/ Assistant Professor in the Division of Health Economics, Policy and Management (HEPM) (several posts), School of Public Health",Tenure-Track,HKU,University of Hong Kong,School of Public Health (22400),2026-11-22,,FALSE,2026-05-23,,536298,Full-time,,,https://jobs.hku.hk/en/job/536298/tenuretrack-professor-associate-professor-assistant-professor-in-the-division-of-health-economics-policy-and-management-hepm-several-posts-school-of-public-health
HKU-536299,"Tenure-track Professor/ Associate Professor/ Assistant Professor in Non-communicable Diseases (several posts), School of Public Health",Tenure-Track,HKU,University of Hong Kong,School of Public Health (22400),2026-11-22,,FALSE,2026-05-23,,536299,Full-time,,,https://jobs.hku.hk/en/job/536299/tenuretrack-professor-associate-professor-assistant-professor-in-noncommunicable-diseases-several-posts-school-of-public-health
HKU-536262,Tenure-Track Professoriate Position in Chemical Biology and Synthetic Organic Chemistry,Tenure-Track,HKU,University of Hong Kong,Department of Chemistry (25200),2026-10-31,,FALSE,2026-05-15,,536262,Full-time,,,https://jobs.hku.hk/en/job/536262/tenuretrack-professoriate-position-in-chemical-biology-and-synthetic-organic-chemistry
HKU-536304,Tenure-Track Associate Professor/Assistant Professor of Microelectronics,Tenure-Track,HKU,University of Hong Kong,Department of Mechanical Engineering (14500),2026-12-30,,FALSE,2026-05-15,,536304,Full-time,,,https://jobs.hku.hk/en/job/536304/tenuretrack-associate-professorassistant-professor-of-microelectronics
HKU-536162,Tenure-Track Professor/Associate Professor/Assistant Professor (several posts),Tenure-Track,HKU,University of Hong Kong,School of Nursing (20800),2026-11-12,,FALSE,2026-05-14,,536162,Full-time,,,https://jobs.hku.hk/en/job/536162/tenuretrack-professorassociate-professorassistant-professor-several-posts
HKU-536241,Vice-President and Pro-Vice-Chancellor (Global),Senior Management,HKU,University of Hong Kong,President's Office (60100),,,FALSE,2026-05-12,,536241,Full-time,,,https://jobs.hku.hk/en/job/536241/vicepresident-and-provicechancellor-global
HKU-536259,Professor and Head of Department of Mathematics,Professor,HKU,University of Hong Kong,Department of Mathematics (25500),2026-10-31,,FALSE,2026-05-12,,536259,Full-time,,,https://jobs.hku.hk/en/job/536259/professor-and-head-of-department-of-mathematics
HKU-536250,Post-doctoral Fellow,Postdoctoral,HKU,University of Hong Kong,"Department of Surgery, School of Clinical Medicine (21700)",2026-09-30,,FALSE,2026-05-09,,536250,Full-time,,,https://jobs.hku.hk/en/job/536250/postdoctoral-fellow
HKU-534975,Clinical Professor of Practice/Clinical Associate Professor of Practice/Clinical Assistant Professor of Practice,Associate Professor,HKU,University of Hong Kong,"Department of Emergency Medicine, School of Clinical Medicine (22700)",2026-11-07,,FALSE,2026-05-09,,534975,Full-time,,,https://jobs.hku.hk/en/job/534975/clinical-professor-of-practiceclinical-associate-professor-of-practiceclinical-assistant-professor-of-practice
HKU-535051,Tenure-track Professor / Associate Professor / Assistant Professor,Tenure-Track,HKU,University of Hong Kong,School of Biomedical Engineering (24000),2026-10-20,,FALSE,2026-05-07,,535051,Full-time,,,https://jobs.hku.hk/en/job/535051/tenuretrack-professor-associate-professor-assistant-professor
HKU-536191,Research Assistant I/II,Research Assistant/Associate,HKU,University of Hong Kong,Department of Chemistry (25200),2026-12-31,,FALSE,2026-05-05,,536191,Full-time,,,https://jobs.hku.hk/en/job/536191/research-assistant-iii
HKU-536106,Tenure-Track Professor/Associate Professor/Assistant Professor in HKU Business School and the School of Computing and Data Science,Tenure-Track,HKU,University of Hong Kong,Faculty of Business and Economics (07030),2027-06-30,,FALSE,2026-04-28,,536106,Full-time,,,https://jobs.hku.hk/en/job/536106/tenuretrack-professorassociate-professorassistant-professor-in-hku-business-school-and-the-school-of-computing-and-data-science
HKU-535092,Post-doctoral Fellow,Postdoctoral,HKU,University of Hong Kong,"Department of Microbiology, School of Clinical Medicine (20700)",2026-10-01,,FALSE,2026-04-24,,535092,Full-time,,,https://jobs.hku.hk/en/job/535092/postdoctoral-fellow
HKU-534978,"Tenure-Track Professor/Associate Professor/Assistant Professor in Business Analytics/Statistics, Operations Management, and Information Systems",Tenure-Track,HKU,University of Hong Kong,Faculty of Business and Economics (07030),2027-06-30,,FALSE,2026-04-22,,534978,Full-time,,"July 1, 2027 or as soon as possible thereafter.",https://jobs.hku.hk/en/job/534978/tenuretrack-professorassociate-professorassistant-professor-in-business-analyticsstatistics-operations-management-and-information-systems
HKU-534957,Tenure-Track Clinical Associate Professor/ Clinical Assistant Professor in Dermatology of the School of Clinical Medicine (several posts),Tenure-Track,HKU,University of Hong Kong,School of Clinical Medicine (23000),2026-10-19,,FALSE,2026-04-21,,534957,Full-time,,,https://jobs.hku.hk/en/job/534957/tenuretrack-clinical-associate-professor-clinical-assistant-professor-in-dermatology-of-the-school-of-clinical-medicine-several-posts
HKU-534998,Research Assistant Professor,Assistant Professor,HKU,University of Hong Kong,School of Biomedical Sciences (22600),2026-10-29,,FALSE,2026-04-18,,534998,Full-time,,,https://jobs.hku.hk/en/job/534998/research-assistant-professor
HKU-535025,Research Assistant I/II,Research Assistant/Associate,HKU,University of Hong Kong,"Department of Microbiology, School of Clinical Medicine (20700)",2026-10-31,,FALSE,2026-04-17,,535025,Full-time,,As soon as possible,https://jobs.hku.hk/en/job/535025/research-assistant-iii
HKU-534824,Tenure-Track Associate Professor/ Assistant Professor,Tenure-Track,HKU,University of Hong Kong,"Department of Paediatrics and Adolescent Medicine, School of Clinical Medicine (21100)",2026-10-05,,FALSE,2026-03-29,,534824,Full-time,,,https://jobs.hku.hk/en/job/534824/tenuretrack-associate-professor-assistant-professor
HKU-534480,Tenure-Track Professor/Associate Professor/Assistant Professor in the School of Future Media (several posts),Tenure-Track,HKU,University of Hong Kong,School of Future Media (31200),2026-09-30,,FALSE,2026-02-23,,534480,Full-time,,January 2027 or as soon as possible thereafter.,https://jobs.hku.hk/en/job/534480/tenuretrack-professorassociate-professorassistant-professor-in-the-school-of-future-media-several-posts
HKU-534481,Professor of Practice/Associate Professor of Practice in the School of Future Media,Associate Professor,HKU,University of Hong Kong,School of Future Media (31200),2026-09-30,,FALSE,2026-02-23,,534481,Full-time,,,https://jobs.hku.hk/en/job/534481/professor-of-practiceassociate-professor-of-practice-in-the-school-of-future-media
HKU-534134,Tenure-Track Associate Professor/Assistant Professor,Tenure-Track,HKU,University of Hong Kong,Department of Data and Systems Engineering (14400),2026-12-30,,FALSE,2026-02-23,,534134,Full-time,,,https://jobs.hku.hk/en/job/534134/tenuretrack-associate-professorassistant-professor
HKU-534341,Tenure-Track Assistant Professor (several posts) in the School of Computing and Data Science,Tenure-Track,HKU,University of Hong Kong,School of Computing and Data Science (14700),2026-09-30,,FALSE,2026-02-23,,534341,Full-time,,As soon as possible,https://jobs.hku.hk/en/job/534341/tenuretrack-assistant-professor-several-posts-in-the-school-of-computing-and-data-science
HKU-534136,Tenure-track Professor/ Associate Professor/ Assistant Professor (several posts) at the School of Computing and Data Science,Tenure-Track,HKU,University of Hong Kong,School of Computing and Data Science (14700),2026-09-30,,FALSE,2026-02-23,,534136,Full-time,,,https://jobs.hku.hk/en/job/534136/tenuretrack-professor-associate-professor-assistant-professor-several-posts-at-the-school-of-computing-and-data-science
HKU-533804,Provost and Deputy Vice-Chancellor,Senior Management,HKU,University of Hong Kong,President's Office (60100),,,FALSE,2026-02-23,,533804,Full-time,,,https://jobs.hku.hk/en/job/533804/provost-and-deputy-vicechancellor
HKU-533668,Chief Information Officer and University Librarian,Non-Academic,HKU,University of Hong Kong,University of Hong Kong,,,FALSE,2026-02-23,,533668,Full-time,,,https://jobs.hku.hk/en/job/533668/chief-information-officer-and-university-librarian
HKU-533616,Professor/Associate Professor on tenure terms or tenure-track Assistant Professor in Philosophy,Tenure-Track,HKU,University of Hong Kong,School of Humanities (05200),2026-12-31,,FALSE,2026-02-23,,533616,Full-time,,,https://jobs.hku.hk/en/job/533616/professorassociate-professor-on-tenure-terms-or-tenuretrack-assistant-professor-in-philosophy
HKU-533392,Director of the Development & Alumni Affairs Office,Non-Academic,HKU,University of Hong Kong,Development & Alumni Affairs Office (60800),,,FALSE,2026-02-23,,533392,Full-time,,,https://jobs.hku.hk/en/job/533392/director-of-the-development-alumni-affairs-office
HKU-533149,Research Assistant Professor,Assistant Professor,HKU,University of Hong Kong,Department of Electrical and Computer Engineering (14300),2026-09-30,,FALSE,2026-02-24,,533149,Full-time,,,https://jobs.hku.hk/en/job/533149/research-assistant-professor
HKU-531998,Professor/Associate Professor/Assistant Professor in Materials Innovation for Life Sciences and Energy (MILES),Associate Professor,HKU,University of Hong Kong,Department of Chemistry (25200),,,FALSE,2026-02-23,,531998,Full-time,,,https://jobs.hku.hk/en/job/531998/professorassociate-professorassistant-professor-in-materials-innovation-for-life-sciences-and-energy-miles
HKU-519152,Post-doctoral Fellow,Postdoctoral,HKU,University of Hong Kong,Department of Real Estate and Construction (01200),,,FALSE,2026-02-24,,519152,Full-time,,,https://jobs.hku.hk/en/job/519152/postdoctoral-fellow
HKU-502524,HKU Professoriate Recruitment (Law),Professor,HKU,University of Hong Kong,Faculty of Law (18000),,,FALSE,2026-02-23,,502524,Full-time,,,https://jobs.hku.hk/en/job/502524/hku-professoriate-recruitment-law
HKU-502533,HKU Professoriate Recruitment (Education),Professor,HKU,University of Hong Kong,Faculty of Education (10000),,,FALSE,2026-02-23,,502533,Full-time,,,https://jobs.hku.hk/en/job/502533/hku-professoriate-recruitment-education
HKU-502541,HKU Professoriate Recruitment (Social Sciences),Professor,HKU,University of Hong Kong,Faculty of Social Sciences (30000),,,FALSE,2026-02-23,,502541,Full-time,,,https://jobs.hku.hk/en/job/502541/hku-professoriate-recruitment-social-sciences
HKU-502553,HKU Professoriate Recruitment (Arts),Professor,HKU,University of Hong Kong,Faculty of Arts (04000),,,FALSE,2026-02-23,,502553,Full-time,,,https://jobs.hku.hk/en/job/502553/hku-professoriate-recruitment-arts
HKU-502561,HKU Professoriate Recruitment (Dentistry),Professor,HKU,University of Hong Kong,Faculty of Dentistry (08000),,,FALSE,2026-02-23,,502561,Full-time,,,https://jobs.hku.hk/en/job/502561/hku-professoriate-recruitment-dentistry
HKU-502562,HKU Professoriate Recruitment (Engineering),Professor,HKU,University of Hong Kong,Faculty of Engineering (14000),,,FALSE,2026-02-23,,502562,Full-time,,,https://jobs.hku.hk/en/job/502562/hku-professoriate-recruitment-engineering
HKU-502566,HKU Professoriate Recruitment (Medicine),Professor,HKU,University of Hong Kong,Li Ka Shing Faculty of Medicine (20000),,,FALSE,2026-02-23,,502566,Full-time,,,https://jobs.hku.hk/en/job/502566/hku-professoriate-recruitment-medicine
HKU-502567,HKU Professoriate Recruitment (Science),Professor,HKU,University of Hong Kong,Faculty of Science (25000),,,FALSE,2026-02-23,,502567,Full-time,,,https://jobs.hku.hk/en/job/502567/hku-professoriate-recruitment-science
HKU-502569,HKU Professoriate Recruitment (Architecture),Professor,HKU,University of Hong Kong,Faculty of Architecture (01000),,,FALSE,2026-02-23,,502569,Full-time,,,https://jobs.hku.hk/en/job/502569/hku-professoriate-recruitment-architecture
HKU-502573,HKU Professoriate Recruitment (Business and Economics),Professor,HKU,University of Hong Kong,Faculty of Business and Economics (07030),,,FALSE,2026-02-23,,502573,Full-time,,,https://jobs.hku.hk/en/job/502573/hku-professoriate-recruitment-business-and-economics
HKUST-192611,Head of the Department of Civil and Environmental Engineering,Senior Management,HKUST,HK University of Science & Technology,School of Engineering,,,FALSE,2026-09-26,,192611,Full-time,,,https://apply.interfolio.com/193481
HKUST-191801,Head of Department of Electronic and Computer Engineering,Senior Management,HKUST,HK University of Science & Technology,School of Engineering,,,FALSE,2026-09-19,,191801,Full-time,,,https://apply.interfolio.com/192787
HKUST-191053,Teaching-Track Faculty Positions,Senior Lecturer/Lecturer,HKUST,HK University of Science & Technology,Academy of Interdisciplinary Studies,,,FALSE,2026-09-05,,191053,Full-time,,,https://apply.interfolio.com/192419
HKUST-190659,Tenure-Track Faculty Positions,Tenure-Track,HKUST,HK University of Science & Technology,Division of Emerging Interdisciplinary Areas,2026-12-18,,FALSE,2026-09-05,,190659,Full-time,,,https://apply.interfolio.com/192777
HKUST-191043,Professor / Associate Professor / Assistant Professor,Associate Professor,HKUST,HK University of Science & Technology,Department of Mechanical and Aerospace Engineering,2026-12-18,,FALSE,2026-09-03,,191043,Full-time,,Fall 2027,https://apply.interfolio.com/192666
HKUST-190924,Senior Lecturer / Lecturer I / Lecturer II (several posts),Senior Lecturer/Lecturer,HKUST,HK University of Science & Technology,School of Medicine,2027-02-25,,FALSE,2026-09-02,,190924,Full-time,,,https://apply.interfolio.com/189074
HKUST-186843,Research Assistant Professor(s),Assistant Professor,HKUST,HK University of Science & Technology,Division of Arts and Machine Creativity,2026-10-16,,FALSE,2026-09-02,,186843,Full-time,,July 2027,https://apply.interfolio.com/192663
HKUST-190921,Tenure-track Faculty Positions in Operations Management,Tenure-Track,HKUST,HK University of Science & Technology,"Department of Information Systems, Business Statistics and Operations Management - OM group",2026-10-16,,FALSE,2026-09-02,,190921,Full-time,,,https://apply.interfolio.com/191029
HKUST-189152,2027 All Fields in Economics (Assistant/Associate/Full Professor),Professor,HKUST,HK University of Science & Technology,Department of Economics,,,FALSE,2026-09-02,,189152,Full-time,,,https://apply.interfolio.com/191104
HKUST-189244,Professor / Associate Professor / Assistant Professor,Associate Professor,HKUST,HK University of Science & Technology,Department of Computer Science and Engineering,,,FALSE,2026-08-27,,189244,Full-time,,,https://apply.interfolio.com/191744
HKUST-189912,Open-Rank Faculty Positions (Assistant/Associate/Full Professor),Senior Lecturer/Lecturer,HKUST,HK University of Science & Technology,Department of Materials,,,FALSE,2026-08-20,,189912,Full-time,,February 2027,https://apply.interfolio.com/191647
HKUST-189807,Teaching Track Faculty Position,Other,HKUST,HK University of Science & Technology,Department of Computer Science and Engineering,,,FALSE,2026-08-20,,189807,Full-time,,,https://apply.interfolio.com/190076
HKUST-188102,"Faculty Position(s) in Biodiversity, Ecosystem Services, and Nature-based Solutions",Other,HKUST,HK University of Science & Technology,Division of Environment and Sustainability,,,FALSE,2026-07-25,,188102,Full-time,,,https://apply.interfolio.com/189742
HKUST-187679,Director of the Center for Language Education,Non-Academic,HKUST,HK University of Science & Technology,School of Humanities and Social Science,,,FALSE,2026-07-21,,187679,Full-time,,,https://apply.interfolio.com/189563
HKUST-187463,Assistant/Associate Professor in Information Systems (2 positions),Associate Professor,HKUST,HK University of Science & Technology,"Department of Information Systems, Business Statistics and Operations Management - IS group",,,FALSE,2026-07-16,,187463,Full-time,,,https://apply.interfolio.com/189496
HKUST-187382,Tenure-track Faculty,Tenure-Track,HKUST,HK University of Science & Technology,Department of Accounting,,,FALSE,2026-07-16,,187382,Full-time,,,https://apply.interfolio.com/189501
HKUST-187388,Tenure-Track Faculty Positions,Tenure-Track,HKUST,HK University of Science & Technology,Department of Ocean Science,,,FALSE,2026-07-15,,187388,Full-time,,Fall 2026,https://apply.interfolio.com/189198
HKUST-186994,Lecturer II,Senior Lecturer/Lecturer,HKUST,HK University of Science & Technology,Department of Mathematics,,,FALSE,2026-07-11,,186994,Full-time,,,https://apply.interfolio.com/187686
HKUST-184984,Teaching-Track Faculty Positions,Senior Lecturer/Lecturer,HKUST,HK University of Science & Technology,Division of Arts and Machine Creativity,,,FALSE,2026-07-02,,184984,Full-time,,,https://apply.interfolio.com/187685
HKUST-185587,Open Rank Tenured and Tenure-track Faculty Position - 2026,Tenure-Track,HKUST,HK University of Science & Technology,Department of Management,,,FALSE,2026-06-14,,185587,Full-time,,,https://apply.interfolio.com/187269
HKUST-184385,AI in Bioscience Faculty Positions,Tenure-Track,HKUST,HK University of Science & Technology,Division of Life Science,,,FALSE,2026-06-13,,184385,Full-time,,,https://apply.interfolio.com/187268
HKUST-184384,Aging and Age‑Related Diseases Faculty Positions,Tenure-Track,HKUST,HK University of Science & Technology,Division of Life Science,,,FALSE,2026-06-13,,184384,Full-time,,,https://apply.interfolio.com/187270
HKUST-184077,Drug Discovery and Translational Therapeutics Faculty Positions,Tenure-Track,HKUST,HK University of Science & Technology,Division of Life Science,,,FALSE,2026-06-13,,184077,Full-time,,,https://apply.interfolio.com/187267
HKUST-184383,Neuroscience and Neurological Diseases Faculty Positions,Other,HKUST,HK University of Science & Technology,Division of Life Science,,,FALSE,2026-06-13,,184383,Full-time,,,https://apply.interfolio.com/185568
HKUST-182442,Head of the Division of Humanities,Senior Management,HKUST,HK University of Science & Technology,School of Humanities and Social Science,,,FALSE,2026-04-30,,182442,Full-time,,,https://apply.interfolio.com/185063
HKUST-181904,Professor/Associate Professor/Assistant Professor (Robotic Hiring Task Force),Associate Professor,HKUST,HK University of Science & Technology,School of Engineering,,,FALSE,2026-04-22,,181904,Full-time,,July 2026,https://apply.interfolio.com/183341
HKUST-179929,Lecturer I/Lecturer II (Philosophy) (Job ID179929),Senior Lecturer/Lecturer,HKUST,HK University of Science & Technology,Division of Humanities,,,FALSE,2026-03-24,,179929,Full-time,,,https://hrmsxprod.psft.ust.hk:8044/psp/hrmsxprod/EMPLOYEE/HRMS/c/HRS_HRAM.HRS_CE.GBL?Page=HRS_CE_JOB_DTL&Action=A&JobOpeningId=179929&SiteId=1000&PostingSeq=1
HKUST-11139,Tenure-track Faculty Positions in Quantum Science and Technology,Tenure-Track,HKUST,HK University of Science & Technology,Department of Physics,,,FALSE,2026-03-18,,11139,Full-time,"Highly competitive, commensurate with qualifications and experience.",,https://hrmsxprod.psft.ust.hk:8044/psp/hrmsxprod/EMPLOYEE/HRMS/c/HRS_HRAM.HRS_CE.GBL?Page=HRS_CE_JOB_DTL&Action=A&JobOpeningId=11139&SiteId=1000&PostingSeq=1
HKUST-11138,Tenure-track Faculty Positions in Theoretical and Computational Physics,Tenure-Track,HKUST,HK University of Science & Technology,Department of Physics,,,FALSE,2026-03-18,,11138,Full-time,"Highly competitive, commensurate with qualifications and experience.",,https://hrmsxprod.psft.ust.hk:8044/psp/hrmsxprod/EMPLOYEE/HRMS/c/HRS_HRAM.HRS_CE.GBL?Page=HRS_CE_JOB_DTL&Action=A&JobOpeningId=11138&SiteId=1000&PostingSeq=1
HKUST-11137,Tenure-track Faculty Positions in Experimental Condensed Matter Physics,Tenure-Track,HKUST,HK University of Science & Technology,Department of Physics,,,FALSE,2026-03-18,,11137,Full-time,"Highly competitive, commensurate with qualifications and experience",,https://hrmsxprod.psft.ust.hk:8044/psp/hrmsxprod/EMPLOYEE/HRMS/c/HRS_HRAM.HRS_CE.GBL?Page=HRS_CE_JOB_DTL&Action=A&JobOpeningId=11137&SiteId=1000&PostingSeq=1
HKUST-11136,Tenure-track Faculty Positions in Theoretical Particle Physics and Cosmology,Tenure-Track,HKUST,HK University of Science & Technology,Department of Physics,,,FALSE,2026-03-18,,11136,Full-time,"Highly competitive, commensurate with qualifications and experience",,https://hrmsxprod.psft.ust.hk:8044/psp/hrmsxprod/EMPLOYEE/HRMS/c/HRS_HRAM.HRS_CE.GBL?Page=HRS_CE_JOB_DTL&Action=A&JobOpeningId=11136&SiteId=1000&PostingSeq=1
HKUST-11135,Tenure-track Faculty Positions in Observational Cosmology,Tenure-Track,HKUST,HK University of Science & Technology,Department of Physics,,,FALSE,2026-03-18,,11135,Full-time,"Highly competitive, commensurate with qualifications and experience",,https://hrmsxprod.psft.ust.hk:8044/psp/hrmsxprod/EMPLOYEE/HRMS/c/HRS_HRAM.HRS_CE.GBL?Page=HRS_CE_JOB_DTL&Action=A&JobOpeningId=11135&SiteId=1000&PostingSeq=1
HKUST-11134,Tenure-track Faculty Positions in Experimental Particle Physics,Tenure-Track,HKUST,HK University of Science & Technology,Department of Physics,,,FALSE,2026-03-18,,11134,Full-time,,,https://apply.interfolio.com/179626
HKUST-175770,Faculty positions in Electronic and Computer Engineering,Tenure-Track,HKUST,HK University of Science & Technology,Department of Electronic and Computer Engineering,,,FALSE,2026-02-23,,175770,Full-time,,,https://hrmsxprod.psft.ust.hk:8044/psp/hrmsxprod/EMPLOYEE/HRMS/c/HRS_HRAM.HRS_CE.GBL?Page=HRS_CE_JOB_DTL&Action=A&JobOpeningId=175770&SiteId=1000&PostingSeq=1
HKUST-11095,Biomedical Sciences Faculty,Other,HKUST,HK University of Science & Technology,HKUST School of Medicine,,,FALSE,2026-02-23,,11095,Full-time,"Highly competitive salary commensurate with qualifications and experience; includes annual leave, medical and dental ben",,https://hrmsxprod.psft.ust.hk:8044/psp/hrmsxprod/EMPLOYEE/HRMS/c/HRS_HRAM.HRS_CE.GBL?Page=HRS_CE_JOB_DTL&Action=A&JobOpeningId=11095&SiteId=1000&PostingSeq=1
HKUST-11094,Clinical Faculty,Senior Lecturer/Lecturer,HKUST,HK University of Science & Technology,HKUST School of Medicine,,,FALSE,2026-02-23,,11094,Full-time,Highly competitive salary commensurate with qualifications and experience.,,https://hrmsxprod.psft.ust.hk:8044/psp/hrmsxprod/EMPLOYEE/HRMS/c/HRS_HRAM.HRS_CE.GBL?Page=HRS_CE_JOB_DTL&Action=A&JobOpeningId=11094&SiteId=1000&PostingSeq=1
HKUST-11081,Faculty Positions,Other,HKUST,HK University of Science & Technology,Division of Integrative Systems and Design,,,FALSE,2026-02-23,,11081,Full-time,"Highly competitive, commensurate with qualifications and experience.",,https://hrmsxprod.psft.ust.hk:8044/psp/hrmsxprod/EMPLOYEE/HRMS/c/HRS_HRAM.HRS_CE.GBL?Page=HRS_CE_JOB_DTL&Action=A&JobOpeningId=11081&SiteId=1000&PostingSeq=1
HKUST-11015,Faculty Positions,Other,HKUST,HK University of Science & Technology,Department of Chemistry,,,FALSE,2026-02-23,,11015,Full-time,,2 July 2026 (or as soon as possible thereafter),https://apply.interfolio.com/174841
HKUST-11012,Faculty Position in Philosophy (,Other,HKUST,HK University of Science & Technology,Job ID: 170445,,,FALSE,2026-02-23,,11012,Full-time,Competitive and commensurate with qualifications and experience,2 July 2026 or as soon as possible thereafter,https://hrmsxprod.psft.ust.hk:8044/psp/hrmsxprod/EMPLOYEE/HRMS/c/HRS_HRAM.HRS_CE.GBL?Page=HRS_CE_JOB_DTL&Action=A&JobOpeningId=11012&SiteId=1000&PostingSeq=1
HKUST-170445,Faculty Position in Philosophy (Job ID: 11012),Other,HKUST,HK University of Science & Technology,Division of Humanities,,,FALSE,2026-02-23,,170445,Full-time,,,https://hrmsxprod.psft.ust.hk:8044/psp/hrmsxprod/EMPLOYEE/HRMS/c/HRS_HRAM.HRS_CE.GBL?Page=HRS_CE_JOB_DTL&Action=A&JobOpeningId=170445&SiteId=1000&PostingSeq=1
HKUST-10912,Faculty Position,Other,HKUST,HK University of Science & Technology,Division of Public Policy,,,FALSE,2026-02-23,,10912,Full-time,"Highly competitive, commensurate with qualifications and experience.",,https://hrmsxprod.psft.ust.hk:8044/psp/hrmsxprod/EMPLOYEE/HRMS/c/HRS_HRAM.HRS_CE.GBL?Page=HRS_CE_JOB_DTL&Action=A&JobOpeningId=10912&SiteId=1000&PostingSeq=1
HKUST-10407,Founding Head of the Division of Arts and Machine Creativity (AMC),Senior Management,HKUST,HK University of Science & Technology,Academy of Interdisciplinary Studies,,,FALSE,2026-02-23,,10407,Full-time,,,https://hrmsxprod.psft.ust.hk:8044/psp/hrmsxprod/EMPLOYEE/HRMS/c/HRS_HRAM.HRS_CE.GBL?Page=HRS_CE_JOB_DTL&Action=A&JobOpeningId=10407&SiteId=1000&PostingSeq=1
HKUST-10148,Head and Professor of Management,Professor,HKUST,HK University of Science & Technology,Department of Management,,,FALSE,2026-02-23,,10148,Full-time,,,https://hrmsxprod.psft.ust.hk:8044/psp/hrmsxprod/EMPLOYEE/HRMS/c/HRS_HRAM.HRS_CE.GBL?Page=HRS_CE_JOB_DTL&Action=A&JobOpeningId=10148&SiteId=1000&PostingSeq=1
HKUST-9660,Faculty Positions in Sustainability,Other,HKUST,HK University of Science & Technology,Division of Environment and Sustainability,,,FALSE,2026-02-23,,9660,Full-time,Highly competitive and commensurate with qualifications and experience.,,https://hrmsxprod.psft.ust.hk:8044/psp/hrmsxprod/EMPLOYEE/HRMS/c/HRS_HRAM.HRS_CE.GBL?Page=HRS_CE_JOB_DTL&Action=A&JobOpeningId=9660&SiteId=1000&PostingSeq=1
HKUST-9419,Teaching-track Faculty Position,Senior Lecturer/Lecturer,HKUST,HK University of Science & Technology,"Department of Information Systems, Business Statistics and Operations Management",,,FALSE,2026-02-23,,9419,Full-time,Highly competitive and commensurate with qualifications and experience.,July 2024,https://hrmsxprod.psft.ust.hk:8044/psp/hrmsxprod/EMPLOYEE/HRMS/c/HRS_HRAM.HRS_CE.GBL?Page=HRS_CE_JOB_DTL&Action=A&JobOpeningId=9419&SiteId=1000&PostingSeq=1
HKUST-9320,Faculty Positions,Other,HKUST,HK University of Science & Technology,Department of Chemical and Biological Engineering,,,FALSE,2026-02-23,,9320,Full-time,"Highly competitive, commensurate with qualifications and experience.",,https://hrmsxprod.psft.ust.hk:8044/psp/hrmsxprod/EMPLOYEE/HRMS/c/HRS_HRAM.HRS_CE.GBL?Page=HRS_CE_JOB_DTL&Action=A&JobOpeningId=9320&SiteId=1000&PostingSeq=1
HKUST-8431,Faculty Positions,Other,HKUST,HK University of Science & Technology,Various Departments,,,FALSE,2026-02-23,,8431,Full-time,"Highly competitive, commensurate with qualifications and experience.",2023-06-01,https://hrmsxprod.psft.ust.hk:8044/psp/hrmsxprod/EMPLOYEE/HRMS/c/HRS_HRAM.HRS_CE.GBL?Page=HRS_CE_JOB_DTL&Action=A&JobOpeningId=8431&SiteId=1000&PostingSeq=1
HKUST-8060,Faculty Positions in Sustainable Energy and Environment,Other,HKUST,HK University of Science & Technology,Department of Civil and Environmental Engineering,,,FALSE,2026-02-23,,8060,Full-time,Highly competitive and commensurate with qualifications and experience,,https://hrmsxprod.psft.ust.hk:8044/psp/hrmsxprod/EMPLOYEE/HRMS/c/HRS_HRAM.HRS_CE.GBL?Page=HRS_CE_JOB_DTL&Action=A&JobOpeningId=8060&SiteId=1000&PostingSeq=1
HKUST-6770,Faculty Positions,Other,HKUST,HK University of Science & Technology,Division of Emerging Interdisciplinary Areas,,,FALSE,2026-02-23,,6770,Full-time,"Highly competitive, commensurate with qualifications and experience",,https://hrmsxprod.psft.ust.hk:8044/psp/hrmsxprod/EMPLOYEE/HRMS/c/HRS_HRAM.HRS_CE.GBL?Page=HRS_CE_JOB_DTL&Action=A&JobOpeningId=6770&SiteId=1000&PostingSeq=1
HKUST-6164,Senior Lecturer / Lecturer I,Senior Lecturer/Lecturer,HKUST,HK University of Science & Technology,Department of Economics,,,FALSE,2026-02-23,,6164,Full-time,Commensurate with qualifications and experience,,https://hrmsxprod.psft.ust.hk:8044/psp/hrmsxprod/EMPLOYEE/HRMS/c/HRS_HRAM.HRS_CE.GBL?Page=HRS_CE_JOB_DTL&Action=A&JobOpeningId=6164&SiteId=1000&PostingSeq=1
HKUST-192163,Instructional Assistant,Other,HKUST,HK University of Science & Technology,Academy of Interdisciplinary Studies,2026-10-15,,FALSE,2026-09-26,,192163,Full-time,,,https://apply.interfolio.com/194209
HKUST-192612,Junior Research Assistant,Research Assistant/Associate,HKUST,HK University of Science & Technology,Division of Life Science,2026-10-15,,FALSE,2026-09-26,,192612,Full-time,,,https://apply.interfolio.com/194020
HKUST-192414,Post-doctoral Fellow,Postdoctoral,HKUST,HK University of Science & Technology,Division of Environment and Sustainability,,,FALSE,2026-09-22,,192414,Full-time,,,https://apply.interfolio.com/194021
HKUST-192415,Post-doctoral Fellows/Research Assistants,Postdoctoral,HKUST,HK University of Science & Technology,Division of Environment and Sustainability,2026-10-11,,FALSE,2026-09-22,,192415,Full-time,,,https://apply.interfolio.com/193797
HKUST-192151,Instructional Assistant/Teaching Associate,Teaching Assistant,HKUST,HK University of Science & Technology,Department of Finance,2026-10-11,,FALSE,2026-09-22,,192151,Full-time,,,https://apply.interfolio.com/193164
HKUST-191455,Research Assistant,Research Assistant/Associate,HKUST,HK University of Science & Technology,"Department of Information Systems, Business Statistics and Operations Management - OM group",2026-12-31,,FALSE,2026-09-16,,191455,Full-time,,,https://apply.interfolio.com/193087
HKUST-191367,Research Assistant (Traffic Engineering & Systems),Research Assistant/Associate,HKUST,HK University of Science & Technology,Department of Civil and Environmental Engineering,2026-10-08,,FALSE,2026-09-10,,191367,Full-time,,,https://apply.interfolio.com/192893
HKUST-190925,Teaching Associate / Instructional Assistant,Teaching Assistant,HKUST,HK University of Science & Technology,Center for Engineering Education Innovation,,,FALSE,2026-09-04,,190925,Full-time,,,https://apply.interfolio.com/192027
HKUST-190225,Post-doctoral Fellow (AI-Driven Peptide Drug Design and Modeling),Postdoctoral,HKUST,HK University of Science & Technology,Department of Computer Science and Engineering,2026-12-31,,FALSE,2026-08-25,,190225,Full-time,,,https://apply.interfolio.com/192140
HKUST-190352,Research Associate (Full-time),Research Assistant/Associate,HKUST,HK University of Science & Technology,Department of Civil and Environmental Engineering,2026-12-31,,FALSE,2026-08-25,,190352,Full-time,,,https://apply.interfolio.com/191940
HKUST-190133,Post-doctoral Fellow / Research Associate,Postdoctoral,HKUST,HK University of Science & Technology,School of Business and Management,,,FALSE,2026-08-21,,190133,Full-time,,,https://apply.interfolio.com/191939
HKUST-190134,Teaching Associate / Instructional Assistant,Teaching Assistant,HKUST,HK University of Science & Technology,Division of Integrative Systems and Design,,,FALSE,2026-08-21,,190134,Full-time,,,https://apply.interfolio.com/191564
HKUST-189722,Full-time Post-Doctoral Fellow / Research Associate,Postdoctoral,HKUST,HK University of Science & Technology,Department of Finance,,,FALSE,2026-08-16,,189722,Full-time,,,https://apply.interfolio.com/191563
HKUST-189721,Full-time Research Assistant,Research Assistant/Associate,HKUST,HK University of Science & Technology,Department of Finance,,,FALSE,2026-08-16,,189721,Full-time,,,https://apply.interfolio.com/191040
HKUST-189164,Full-time Research Assistant,Research Assistant/Associate,HKUST,HK University of Science & Technology,Department of Accounting,,,FALSE,2026-08-12,,189164,Full-time,,,https://apply.interfolio.com/190658
HKUST-188751,Research Assistant (Backend Development),Research Assistant/Associate,HKUST,HK University of Science & Technology,Department of Computer Science and Engineering,,,FALSE,2026-08-05,,188751,Full-time,,,https://apply.interfolio.com/189735
HKUST-187668,Research Associate,Research Assistant/Associate,HKUST,HK University of Science & Technology,Department of Mechanical and Aerospace Engineering,,,FALSE,2026-07-21,,187668,Full-time,,,https://apply.interfolio.com/189734
HKUST-187667,Research Associate,Research Assistant/Associate,HKUST,HK University of Science & Technology,Department of Mechanical and Aerospace Engineering,,,FALSE,2026-07-21,,187667,Full-time,,Fall term 2026,https://apply.interfolio.com/189199
HKUST-186995,Instructional Assistant,Other,HKUST,HK University of Science & Technology,Department of Mathematics,,,FALSE,2026-07-11,,186995,Full-time,,,https://apply.interfolio.com/188999
HKUST-186756,Instructor Assistant/Teaching Assistant,Teaching Assistant,HKUST,HK University of Science & Technology,Department of Accounting,,,FALSE,2026-07-04,,186756,Full-time,,,https://apply.interfolio.com/188522
HKUST-186147,Assistant Research Engineer – Entrepreneurship Programs,Research Assistant/Associate,HKUST,HK University of Science & Technology,Division of Integrative Systems and Design,,,FALSE,2026-06-24,,186147,Full-time,,,https://apply.interfolio.com/188521
HKUST-186146,Research Engineer – Entrepreneurship Programs,Research Assistant/Associate,HKUST,HK University of Science & Technology,Division of Integrative Systems and Design,,,FALSE,2026-06-24,,186146,Full-time,,,https://apply.interfolio.com/188370
HKUST-185937,Teaching Associate / Instructional Assistant,Teaching Assistant,HKUST,HK University of Science & Technology,Division of Integrative Systems and Design,,,FALSE,2026-06-19,,185937,Full-time,,,https://apply.interfolio.com/186076
HKUST-182997,Research Assistant,Research Assistant/Associate,HKUST,HK University of Science & Technology,Department of Management,,,FALSE,2026-05-09,,182997,Full-time,,,https://apply.interfolio.com/185567
HKUST-182440,Instructional Assistant,Other,HKUST,HK University of Science & Technology,Department of Management,,,FALSE,2026-05-09,,182440,Full-time,,,https://hrmsxprod.psft.ust.hk:8044/psp/hrmsxprod/EMPLOYEE/HRMS/c/HRS_HRAM.HRS_CE.GBL?Page=HRS_CE_JOB_DTL&Action=A&JobOpeningId=182440&SiteId=1000&PostingSeq=1
HKUST-11144,Post-doctoral Fellows,Postdoctoral,HKUST,HK University of Science & Technology,Division of Life Science,,,FALSE,2026-05-07,,11144,Full-time,"Competitive and internationally attractive salary, negotiable based on experience.",,https://hrmsxprod.psft.ust.hk:8044/psp/hrmsxprod/EMPLOYEE/HRMS/c/HRS_HRAM.HRS_CE.GBL?Page=HRS_CE_JOB_DTL&Action=A&JobOpeningId=11144&SiteId=1000&PostingSeq=1
HKUST-11143,Research Engineer / Assistant Research Engineer (2 positions),Research Assistant/Associate,HKUST,HK University of Science & Technology,Department of Computer Science and Engineering,,,FALSE,2026-03-24,,11143,Full-time,Commensurate with qualifications and experience,,https://hrmsxprod.psft.ust.hk:8044/psp/hrmsxprod/EMPLOYEE/HRMS/c/HRS_HRAM.HRS_CE.GBL?Page=HRS_CE_JOB_DTL&Action=A&JobOpeningId=11143&SiteId=1000&PostingSeq=1
HKUST-11141,Teaching Associate / Instructional Assistant,Teaching Assistant,HKUST,HK University of Science & Technology,Division of Integrative Systems and Design,,,FALSE,2026-03-18,,11141,Full-time,Commensurate with qualifications and experience,,https://hrmsxprod.psft.ust.hk:8044/psp/hrmsxprod/EMPLOYEE/HRMS/c/HRS_HRAM.HRS_CE.GBL?Page=HRS_CE_JOB_DTL&Action=A&JobOpeningId=11141&SiteId=1000&PostingSeq=1
HKUST-11140,Research Assistant,Research Assistant/Associate,HKUST,HK University of Science & Technology,Division of Life Science,,,FALSE,2026-03-18,,11140,Full-time,,,https://hrmsxprod.psft.ust.hk:8044/psp/hrmsxprod/EMPLOYEE/HRMS/c/HRS_HRAM.HRS_CE.GBL?Page=HRS_CE_JOB_DTL&Action=A&JobOpeningId=11140&SiteId=1000&PostingSeq=1
HKUST-11133,Part-time Junior Research Assistant,Research Assistant/Associate,HKUST,HK University of Science & Technology,Division of Life Science,,,FALSE,2026-03-05,,11133,Part-time,Commensurate with qualifications and experience,,https://hrmsxprod.psft.ust.hk:8044/psp/hrmsxprod/EMPLOYEE/HRMS/c/HRS_HRAM.HRS_CE.GBL?Page=HRS_CE_JOB_DTL&Action=A&JobOpeningId=11133&SiteId=1000&PostingSeq=1
HKUST-11130,Research Assistant (RA) in Sports-Engineering Aerodynamics,Research Assistant/Associate,HKUST,HK University of Science & Technology,Department of Mechanical and Aerospace Engineering,,,FALSE,2026-02-28,,11130,Full-time,Commensurate with qualifications and experience,1 April 2026,https://hrmsxprod.psft.ust.hk:8044/psp/hrmsxprod/EMPLOYEE/HRMS/c/HRS_HRAM.HRS_CE.GBL?Page=HRS_CE_JOB_DTL&Action=A&JobOpeningId=11130&SiteId=1000&PostingSeq=1
HKUST-11127,Research Assistant (2 positions),Research Assistant/Associate,HKUST,HK University of Science & Technology,Division of Environment and Sustainability,,,FALSE,2026-02-24,,11127,Full-time,,,https://hrmsxprod.psft.ust.hk:8044/psp/hrmsxprod/EMPLOYEE/HRMS/c/HRS_HRAM.HRS_CE.GBL?Page=HRS_CE_JOB_DTL&Action=A&JobOpeningId=11127&SiteId=1000&PostingSeq=1
HKUST-11126,Full-time / Part-time Research Assistant,Research Assistant/Associate,HKUST,HK University of Science & Technology,Division of Social Science,,,FALSE,2026-02-28,,11126,Part-time,Commensurate with qualifications and experience,,https://hrmsxprod.psft.ust.hk:8044/psp/hrmsxprod/EMPLOYEE/HRMS/c/HRS_HRAM.HRS_CE.GBL?Page=HRS_CE_JOB_DTL&Action=A&JobOpeningId=11126&SiteId=1000&PostingSeq=1
HKUST-11119,Research Assistant,Research Assistant/Associate,HKUST,HK University of Science & Technology,Institute for the Environment,,,FALSE,2026-02-28,,11119,Full-time,,,https://hrmsxprod.psft.ust.hk:8044/psp/hrmsxprod/EMPLOYEE/HRMS/c/HRS_HRAM.HRS_CE.GBL?Page=HRS_CE_JOB_DTL&Action=A&JobOpeningId=11119&SiteId=1000&PostingSeq=1
HKUST-11113,Associate Research Engineer / Assistant Research Engineer,Research Assistant/Associate,HKUST,HK University of Science & Technology,Department of Electronic and Computer Engineering,,,FALSE,2026-03-24,,11113,Full-time,Commensurate with qualifications and experience,,https://hrmsxprod.psft.ust.hk:8044/psp/hrmsxprod/EMPLOYEE/HRMS/c/HRS_HRAM.HRS_CE.GBL?Page=HRS_CE_JOB_DTL&Action=A&JobOpeningId=11113&SiteId=1000&PostingSeq=1
HKUST-11103,Research Assistant,Research Assistant/Associate,HKUST,HK University of Science & Technology,Division of Life Science,,,FALSE,2026-02-28,,11103,Full-time,,,https://hrmsxprod.psft.ust.hk:8044/psp/hrmsxprod/EMPLOYEE/HRMS/c/HRS_HRAM.HRS_CE.GBL?Page=HRS_CE_JOB_DTL&Action=A&JobOpeningId=11103&SiteId=1000&PostingSeq=1
HKUST-11102,Post-doctoral Fellows/Research Assistants in Trustworthy LLMs and System Security,Postdoctoral,HKUST,HK University of Science & Technology,Department of Computer Science and Engineering,,,FALSE,2026-02-28,,11102,Full-time,Commensurate with qualifications and experience,,https://hrmsxprod.psft.ust.hk:8044/psp/hrmsxprod/EMPLOYEE/HRMS/c/HRS_HRAM.HRS_CE.GBL?Page=HRS_CE_JOB_DTL&Action=A&JobOpeningId=11102&SiteId=1000&PostingSeq=1
HKUST-11100,Research Assistant,Research Assistant/Associate,HKUST,HK University of Science & Technology,"Department of Information Systems, Business Statistics and Operations Management",,,FALSE,2026-02-28,,11100,Full-time,Commensurate with qualifications and experience,Fall 2025,https://hrmsxprod.psft.ust.hk:8044/psp/hrmsxprod/EMPLOYEE/HRMS/c/HRS_HRAM.HRS_CE.GBL?Page=HRS_CE_JOB_DTL&Action=A&JobOpeningId=11100&SiteId=1000&PostingSeq=1
HKUST-11098,Research Assistant,Research Assistant/Associate,HKUST,HK University of Science & Technology,Department of Computer Science and Engineering,,,FALSE,2026-02-28,,11098,Full-time,Starting salary commensurate with qualifications and experience,,https://hrmsxprod.psft.ust.hk:8044/psp/hrmsxprod/EMPLOYEE/HRMS/c/HRS_HRAM.HRS_CE.GBL?Page=HRS_CE_JOB_DTL&Action=A&JobOpeningId=11098&SiteId=1000&PostingSeq=1
HKUST-11099,Research Assistant,Research Assistant/Associate,HKUST,HK University of Science & Technology,Department of Computer Science and Engineering,,,FALSE,2026-02-28,,11099,Full-time,Commensurate with qualifications and experience,,https://hrmsxprod.psft.ust.hk:8044/psp/hrmsxprod/EMPLOYEE/HRMS/c/HRS_HRAM.HRS_CE.GBL?Page=HRS_CE_JOB_DTL&Action=A&JobOpeningId=11099&SiteId=1000&PostingSeq=1
HKUST-11093,Research Assistant,Research Assistant/Associate,HKUST,HK University of Science & Technology,Department of Accounting,,,FALSE,2026-02-28,,11093,Full-time,Commensurate with qualifications and experience,,https://hrmsxprod.psft.ust.hk:8044/psp/hrmsxprod/EMPLOYEE/HRMS/c/HRS_HRAM.HRS_CE.GBL?Page=HRS_CE_JOB_DTL&Action=A&JobOpeningId=11093&SiteId=1000&PostingSeq=1
HKUST-11089,Research Assistant,Research Assistant/Associate,HKUST,HK University of Science & Technology,Division of Emerging Interdisciplinary Areas,,,FALSE,2026-02-23,,11089,Full-time,"Commensurate with qualifications and experience; includes annual leave, medical and dental benefits",,https://hrmsxprod.psft.ust.hk:8044/psp/hrmsxprod/EMPLOYEE/HRMS/c/HRS_HRAM.HRS_CE.GBL?Page=HRS_CE_JOB_DTL&Action=A&JobOpeningId=11089&SiteId=1000&PostingSeq=1
HKUST-11087,Research Assistant / Research Associate / Post-doctoral Fellow (several posts),Postdoctoral,HKUST,HK University of Science & Technology,Department of Computer Science and Engineering,,,FALSE,2026-02-28,,11087,Full-time,Commensurate with qualifications and experience,,https://hrmsxprod.psft.ust.hk:8044/psp/hrmsxprod/EMPLOYEE/HRMS/c/HRS_HRAM.HRS_CE.GBL?Page=HRS_CE_JOB_DTL&Action=A&JobOpeningId=11087&SiteId=1000&PostingSeq=1
HKUST-11038,Research Assistant,Research Assistant/Associate,HKUST,HK University of Science & Technology,Division of Environment and Sustainability,,,FALSE,2026-02-23,,11038,Full-time,Commensurate with qualifications and experience,,https://hrmsxprod.psft.ust.hk:8044/psp/hrmsxprod/EMPLOYEE/HRMS/c/HRS_HRAM.HRS_CE.GBL?Page=HRS_CE_JOB_DTL&Action=A&JobOpeningId=11038&SiteId=1000&PostingSeq=1
HKUST-10972,Research Engineer,Research Assistant/Associate,HKUST,HK University of Science & Technology,Division of Emerging Interdisciplinary Areas,,,FALSE,2026-02-23,,10972,Full-time,Starting salary commensurate with qualifications and experience,,https://hrmsxprod.psft.ust.hk:8044/psp/hrmsxprod/EMPLOYEE/HRMS/c/HRS_HRAM.HRS_CE.GBL?Page=HRS_CE_JOB_DTL&Action=A&JobOpeningId=10972&SiteId=1000&PostingSeq=1
HKUST-10971,Research Assistant (2 positions),Research Assistant/Associate,HKUST,HK University of Science & Technology,Division of Emerging Interdisciplinary Areas,,,FALSE,2026-02-23,,10971,Full-time,,,https://hrmsxprod.psft.ust.hk:8044/psp/hrmsxprod/EMPLOYEE/HRMS/c/HRS_HRAM.HRS_CE.GBL?Page=HRS_CE_JOB_DTL&Action=A&JobOpeningId=10971&SiteId=1000&PostingSeq=1
HKUST-10970,Post-doctoral Fellow (2 positions),Postdoctoral,HKUST,HK University of Science & Technology,Division of Emerging Interdisciplinary Areas,,,FALSE,2026-02-23,,10970,Full-time,"Starting salary commensurate with qualifications and experience; fringe benefits including annual leave, medical and den",,https://hrmsxprod.psft.ust.hk:8044/psp/hrmsxprod/EMPLOYEE/HRMS/c/HRS_HRAM.HRS_CE.GBL?Page=HRS_CE_JOB_DTL&Action=A&JobOpeningId=10970&SiteId=1000&PostingSeq=1
HKUST-10956,Research Assistant,Research Assistant/Associate,HKUST,HK University of Science & Technology,Center for Language Education,,,FALSE,2026-02-28,,10956,Full-time,,,https://hrmsxprod.psft.ust.hk:8044/psp/hrmsxprod/EMPLOYEE/HRMS/c/HRS_HRAM.HRS_CE.GBL?Page=HRS_CE_JOB_DTL&Action=A&JobOpeningId=10956&SiteId=1000&PostingSeq=1
HKUST-10941,Post-doctoral Fellow / Research Associate,Postdoctoral,HKUST,HK University of Science & Technology,School of Business and Management (Institute for Financial Research),,,FALSE,2026-02-28,,10941,Full-time,Commensurate with qualifications and experience,,https://hrmsxprod.psft.ust.hk:8044/psp/hrmsxprod/EMPLOYEE/HRMS/c/HRS_HRAM.HRS_CE.GBL?Page=HRS_CE_JOB_DTL&Action=A&JobOpeningId=10941&SiteId=1000&PostingSeq=1
HKUST-10905,Teaching Associate / Instructional Assistant,Teaching Assistant,HKUST,HK University of Science & Technology,Division of Integrative Systems and Design,,,FALSE,2026-02-23,,10905,Full-time,Commensurate with qualifications and experience,,https://hrmsxprod.psft.ust.hk:8044/psp/hrmsxprod/EMPLOYEE/HRMS/c/HRS_HRAM.HRS_CE.GBL?Page=HRS_CE_JOB_DTL&Action=A&JobOpeningId=10905&SiteId=1000&PostingSeq=1
HKUST-10903,Post-doctoral Fellow,Postdoctoral,HKUST,HK University of Science & Technology,Department of Accounting,,,FALSE,2026-02-28,,10903,Full-time,Commensurate with qualifications and experience,1 September 2026,https://hrmsxprod.psft.ust.hk:8044/psp/hrmsxprod/EMPLOYEE/HRMS/c/HRS_HRAM.HRS_CE.GBL?Page=HRS_CE_JOB_DTL&Action=A&JobOpeningId=10903&SiteId=1000&PostingSeq=1
HKUST-10860,Teaching Associate,Teaching Assistant,HKUST,HK University of Science & Technology,Department of Mathematics,,,FALSE,2026-02-28,,10860,Full-time,Commensurate with qualifications and experience,,https://hrmsxprod.psft.ust.hk:8044/psp/hrmsxprod/EMPLOYEE/HRMS/c/HRS_HRAM.HRS_CE.GBL?Page=HRS_CE_JOB_DTL&Action=A&JobOpeningId=10860&SiteId=1000&PostingSeq=1
HKUST-10799,Teaching Associate / Instructional Assistant,Teaching Assistant,HKUST,HK University of Science & Technology,Division of Integrative Systems and Design,,,FALSE,2026-02-23,,10799,Full-time,,,https://hrmsxprod.psft.ust.hk:8044/psp/hrmsxprod/EMPLOYEE/HRMS/c/HRS_HRAM.HRS_CE.GBL?Page=HRS_CE_JOB_DTL&Action=A&JobOpeningId=10799&SiteId=1000&PostingSeq=1
HKUST-10749,Post-doctoral Fellow / Research Associate on AI Robotics for Space Sustainablity (3 posts),Postdoctoral,HKUST,HK University of Science & Technology,Department of Mechanical and Aerospace Engineering,,,FALSE,2026-02-28,,10749,Full-time,Competitive salary commensurate with qualifications and experience,,https://hrmsxprod.psft.ust.hk:8044/psp/hrmsxprod/EMPLOYEE/HRMS/c/HRS_HRAM.HRS_CE.GBL?Page=HRS_CE_JOB_DTL&Action=A&JobOpeningId=10749&SiteId=1000&PostingSeq=1
HKUST-10688,Research Assistant,Research Assistant/Associate,HKUST,HK University of Science & Technology,Department of Electronic and Computer Engineering – SKL,,,FALSE,2026-02-28,,10688,Full-time,Commensurate with qualifications and experience,,https://hrmsxprod.psft.ust.hk:8044/psp/hrmsxprod/EMPLOYEE/HRMS/c/HRS_HRAM.HRS_CE.GBL?Page=HRS_CE_JOB_DTL&Action=A&JobOpeningId=10688&SiteId=1000&PostingSeq=1
HKUST-10633,Research Assistant (Full-time / Part-time),Research Assistant/Associate,HKUST,HK University of Science & Technology,Department of Computer Science and Engineering,,,FALSE,2026-02-28,,10633,Part-time,Commensurate with qualifications and experience,,https://hrmsxprod.psft.ust.hk:8044/psp/hrmsxprod/EMPLOYEE/HRMS/c/HRS_HRAM.HRS_CE.GBL?Page=HRS_CE_JOB_DTL&Action=A&JobOpeningId=10633&SiteId=1000&PostingSeq=1
HKUST-10627,Research Assistant (2 positions),Research Assistant/Associate,HKUST,HK University of Science & Technology,Division of Emerging Interdisciplinary Areas,,,FALSE,2026-02-23,,10627,Full-time,Highly competitive salary commensurate with qualifications and experience,,https://hrmsxprod.psft.ust.hk:8044/psp/hrmsxprod/EMPLOYEE/HRMS/c/HRS_HRAM.HRS_CE.GBL?Page=HRS_CE_JOB_DTL&Action=A&JobOpeningId=10627&SiteId=1000&PostingSeq=1
HKUST-10598,Research Assistant,Research Assistant/Associate,HKUST,HK University of Science & Technology,Division of Social Science,,,FALSE,2026-02-28,,10598,Full-time,Commensurate with qualifications and experience,,https://hrmsxprod.psft.ust.hk:8044/psp/hrmsxprod/EMPLOYEE/HRMS/c/HRS_HRAM.HRS_CE.GBL?Page=HRS_CE_JOB_DTL&Action=A&JobOpeningId=10598&SiteId=1000&PostingSeq=1
HKUST-10517,Research Assistant,Research Assistant/Associate,HKUST,HK University of Science & Technology,Division of Life Science,,,FALSE,2026-02-28,,10517,Full-time,Commensurate with qualifications and experience,,https://hrmsxprod.psft.ust.hk:8044/psp/hrmsxprod/EMPLOYEE/HRMS/c/HRS_HRAM.HRS_CE.GBL?Page=HRS_CE_JOB_DTL&Action=A&JobOpeningId=10517&SiteId=1000&PostingSeq=1
HKUST-10512,Post-doctoral Fellow,Postdoctoral,HKUST,HK University of Science & Technology,Division of Environment and Sustainability,,,FALSE,2026-02-23,,10512,Full-time,Commensurate with qualifications and experience,,https://hrmsxprod.psft.ust.hk:8044/psp/hrmsxprod/EMPLOYEE/HRMS/c/HRS_HRAM.HRS_CE.GBL?Page=HRS_CE_JOB_DTL&Action=A&JobOpeningId=10512&SiteId=1000&PostingSeq=1
HKUST-10511,Research Assistant,Research Assistant/Associate,HKUST,HK University of Science & Technology,Division of Environment and Sustainability,,,FALSE,2026-02-23,,10511,Full-time,Commensurate with qualifications and experience,,https://hrmsxprod.psft.ust.hk:8044/psp/hrmsxprod/EMPLOYEE/HRMS/c/HRS_HRAM.HRS_CE.GBL?Page=HRS_CE_JOB_DTL&Action=A&JobOpeningId=10511&SiteId=1000&PostingSeq=1
HKUST-10508,Research Assistant,Research Assistant/Associate,HKUST,HK University of Science & Technology,Division of Social Science,,,FALSE,2026-02-28,,10508,Full-time,Commensurate with qualifications and experience,,https://hrmsxprod.psft.ust.hk:8044/psp/hrmsxprod/EMPLOYEE/HRMS/c/HRS_HRAM.HRS_CE.GBL?Page=HRS_CE_JOB_DTL&Action=A&JobOpeningId=10508&SiteId=1000&PostingSeq=1
HKUST-10490,Research Associate / Research Assistant,Research Assistant/Associate,HKUST,HK University of Science & Technology,Department of Civil and Environmental Engineering,,,FALSE,2026-02-28,,10490,Full-time,Commensurate with qualifications and experience,,https://hrmsxprod.psft.ust.hk:8044/psp/hrmsxprod/EMPLOYEE/HRMS/c/HRS_HRAM.HRS_CE.GBL?Page=HRS_CE_JOB_DTL&Action=A&JobOpeningId=10490&SiteId=1000&PostingSeq=1
HKUST-10327,Research Assistant / Post-doctoral Fellow,Postdoctoral,HKUST,HK University of Science & Technology,"Department of Information Systems, Business Statistics and Operations Management",,,FALSE,2026-02-28,,10327,Full-time,,,https://hrmsxprod.psft.ust.hk:8044/psp/hrmsxprod/EMPLOYEE/HRMS/c/HRS_HRAM.HRS_CE.GBL?Page=HRS_CE_JOB_DTL&Action=A&JobOpeningId=10327&SiteId=1000&PostingSeq=1
HKUST-10326,Research Assistant / Research Associate / Post-doctoral Fellow,Postdoctoral,HKUST,HK University of Science & Technology,Department of Finance,,,FALSE,2026-02-28,,10326,Full-time,,,https://hrmsxprod.psft.ust.hk:8044/psp/hrmsxprod/EMPLOYEE/HRMS/c/HRS_HRAM.HRS_CE.GBL?Page=HRS_CE_JOB_DTL&Action=A&JobOpeningId=10326&SiteId=1000&PostingSeq=1
HKUST-10245,Research Assistant,Research Assistant/Associate,HKUST,HK University of Science & Technology,Department of Mechanical and Aerospace Engineering,,,FALSE,2026-02-28,,10245,Full-time,"Starting salary commensurate with qualifications and experience; fringe benefits including annual leave, medical and den",,https://hrmsxprod.psft.ust.hk:8044/psp/hrmsxprod/EMPLOYEE/HRMS/c/HRS_HRAM.HRS_CE.GBL?Page=HRS_CE_JOB_DTL&Action=A&JobOpeningId=10245&SiteId=1000&PostingSeq=1
HKUST-10235,Research Assistant,Research Assistant/Associate,HKUST,HK University of Science & Technology,Division of Life Science,,,FALSE,2026-02-28,,10235,Full-time,Commensurate with qualifications and experience,,https://hrmsxprod.psft.ust.hk:8044/psp/hrmsxprod/EMPLOYEE/HRMS/c/HRS_HRAM.HRS_CE.GBL?Page=HRS_CE_JOB_DTL&Action=A&JobOpeningId=10235&SiteId=1000&PostingSeq=1
HKUST-10079,Post-doctoral Fellow,Postdoctoral,HKUST,HK University of Science & Technology,Department of Chemical and Biological Engineering,,,FALSE,2026-02-28,,10079,Full-time,Commensurate with qualifications and experience,,https://hrmsxprod.psft.ust.hk:8044/psp/hrmsxprod/EMPLOYEE/HRMS/c/HRS_HRAM.HRS_CE.GBL?Page=HRS_CE_JOB_DTL&Action=A&JobOpeningId=10079&SiteId=1000&PostingSeq=1
HKUST-9988,Research Assistant,Research Assistant/Associate,HKUST,HK University of Science & Technology,Division of Life Science,,,FALSE,2026-02-28,,9988,Full-time,Commensurate with qualifications and experience,,https://hrmsxprod.psft.ust.hk:8044/psp/hrmsxprod/EMPLOYEE/HRMS/c/HRS_HRAM.HRS_CE.GBL?Page=HRS_CE_JOB_DTL&Action=A&JobOpeningId=9988&SiteId=1000&PostingSeq=1
HKUST-9985,Research Assistant,Research Assistant/Associate,HKUST,HK University of Science & Technology,Division of Social Science,,,FALSE,2026-02-28,,9985,Full-time,,,https://hrmsxprod.psft.ust.hk:8044/psp/hrmsxprod/EMPLOYEE/HRMS/c/HRS_HRAM.HRS_CE.GBL?Page=HRS_CE_JOB_DTL&Action=A&JobOpeningId=9985&SiteId=1000&PostingSeq=1
HKUST-9897,Post-doctoral Fellow,Postdoctoral,HKUST,HK University of Science & Technology,"Department of Information Systems, Business Statistics and Operations Management",,,FALSE,2026-02-28,,9897,Full-time,Commensurate with qualifications and experience,,https://hrmsxprod.psft.ust.hk:8044/psp/hrmsxprod/EMPLOYEE/HRMS/c/HRS_HRAM.HRS_CE.GBL?Page=HRS_CE_JOB_DTL&Action=A&JobOpeningId=9897&SiteId=1000&PostingSeq=1
HKUST-9844,Research Assistant (Full-time/Part-time),Research Assistant/Associate,HKUST,HK University of Science & Technology,Division of Social Science,,,FALSE,2026-02-28,,9844,Part-time,Commensurate with qualifications and experience,,https://hrmsxprod.psft.ust.hk:8044/psp/hrmsxprod/EMPLOYEE/HRMS/c/HRS_HRAM.HRS_CE.GBL?Page=HRS_CE_JOB_DTL&Action=A&JobOpeningId=9844&SiteId=1000&PostingSeq=1
HKUST-9818,Research Assistant,Research Assistant/Associate,HKUST,HK University of Science & Technology,Division of Life Science,,,FALSE,2026-02-28,,9818,Full-time,,,https://hrmsxprod.psft.ust.hk:8044/psp/hrmsxprod/EMPLOYEE/HRMS/c/HRS_HRAM.HRS_CE.GBL?Page=HRS_CE_JOB_DTL&Action=A&JobOpeningId=9818&SiteId=1000&PostingSeq=1
HKUST-9723,Research Assistant(s),Research Assistant/Associate,HKUST,HK University of Science & Technology,Division of Life Science,,,FALSE,2026-02-28,,9723,Full-time,Starting salary commensurate with qualifications and experience.,,https://hrmsxprod.psft.ust.hk:8044/psp/hrmsxprod/EMPLOYEE/HRMS/c/HRS_HRAM.HRS_CE.GBL?Page=HRS_CE_JOB_DTL&Action=A&JobOpeningId=9723&SiteId=1000&PostingSeq=1
HKUST-9722,Research Assistant(s),Research Assistant/Associate,HKUST,HK University of Science & Technology,Division of Life Science,,,FALSE,2026-02-28,,9722,Full-time,,,https://hrmsxprod.psft.ust.hk:8044/psp/hrmsxprod/EMPLOYEE/HRMS/c/HRS_HRAM.HRS_CE.GBL?Page=HRS_CE_JOB_DTL&Action=A&JobOpeningId=9722&SiteId=1000&PostingSeq=1
HKUST-9719,Research Assistant (2 positions),Research Assistant/Associate,HKUST,HK University of Science & Technology,Division of Life Science,,,FALSE,2026-02-28,,9719,Full-time,Starting salary commensurate with qualifications and experience; fringe benefits including annual leave and medical bene,,https://hrmsxprod.psft.ust.hk:8044/psp/hrmsxprod/EMPLOYEE/HRMS/c/HRS_HRAM.HRS_CE.GBL?Page=HRS_CE_JOB_DTL&Action=A&JobOpeningId=9719&SiteId=1000&PostingSeq=1
HKUST-9690,Research Assistant (various positions),Research Assistant/Associate,HKUST,HK University of Science & Technology,Division of Emerging Interdisciplinary Areas,,,FALSE,2026-02-23,,9690,Full-time,,,https://hrmsxprod.psft.ust.hk:8044/psp/hrmsxprod/EMPLOYEE/HRMS/c/HRS_HRAM.HRS_CE.GBL?Page=HRS_CE_JOB_DTL&Action=A&JobOpeningId=9690&SiteId=1000&PostingSeq=1
HKUST-9689,Post-doctoral Fellow (various positions),Postdoctoral,HKUST,HK University of Science & Technology,Division of Emerging Interdisciplinary Areas,,,FALSE,2026-02-23,,9689,Full-time,,,https://hrmsxprod.psft.ust.hk:8044/psp/hrmsxprod/EMPLOYEE/HRMS/c/HRS_HRAM.HRS_CE.GBL?Page=HRS_CE_JOB_DTL&Action=A&JobOpeningId=9689&SiteId=1000&PostingSeq=1
HKUST-9688,Principal Research Engineer / Senior Research Engineer / Research Engineer / Associate Research Engineer / Assistant Research Engineer (various positions),Research Assistant/Associate,HKUST,HK University of Science & Technology,Division of Emerging Interdisciplinary Areas,,,FALSE,2026-02-23,,9688,Full-time,,,https://hrmsxprod.psft.ust.hk:8044/psp/hrmsxprod/EMPLOYEE/HRMS/c/HRS_HRAM.HRS_CE.GBL?Page=HRS_CE_JOB_DTL&Action=A&JobOpeningId=9688&SiteId=1000&PostingSeq=1
HKUST-9643,Research Assistant,Research Assistant/Associate,HKUST,HK University of Science & Technology,Division of Environment and Sustainability,,,FALSE,2026-02-23,,9643,Full-time,Commensurate with qualifications and experience,,https://hrmsxprod.psft.ust.hk:8044/psp/hrmsxprod/EMPLOYEE/HRMS/c/HRS_HRAM.HRS_CE.GBL?Page=HRS_CE_JOB_DTL&Action=A&JobOpeningId=9643&SiteId=1000&PostingSeq=1
HKUST-9642,Research Associate (4 positions),Research Assistant/Associate,HKUST,HK University of Science & Technology,Division of Environment and Sustainability,,,FALSE,2026-02-23,,9642,Full-time,Commensurate with qualifications and experience.,,https://hrmsxprod.psft.ust.hk:8044/psp/hrmsxprod/EMPLOYEE/HRMS/c/HRS_HRAM.HRS_CE.GBL?Page=HRS_CE_JOB_DTL&Action=A&JobOpeningId=9642&SiteId=1000&PostingSeq=1
HKUST-9630,Post-doctoral Fellow (1 -2 positions),Postdoctoral,HKUST,HK University of Science & Technology,Division of Environment and Sustainability,,,FALSE,2026-02-23,,9630,Full-time,,,https://hrmsxprod.psft.ust.hk:8044/psp/hrmsxprod/EMPLOYEE/HRMS/c/HRS_HRAM.HRS_CE.GBL?Page=HRS_CE_JOB_DTL&Action=A&JobOpeningId=9630&SiteId=1000&PostingSeq=1
HKUST-9577,Research Assistant(s) / Research Associate(s),Research Assistant/Associate,HKUST,HK University of Science & Technology,Division of Life Science,,,FALSE,2026-02-28,,9577,Full-time,Starting salary commensurate with qualifications and experience,,https://hrmsxprod.psft.ust.hk:8044/psp/hrmsxprod/EMPLOYEE/HRMS/c/HRS_HRAM.HRS_CE.GBL?Page=HRS_CE_JOB_DTL&Action=A&JobOpeningId=9577&SiteId=1000&PostingSeq=1
HKUST-9534,Research Engineer / Scientist (2 positions),Research Assistant/Associate,HKUST,HK University of Science & Technology,Department of Civil and Environmental Engineering,,,FALSE,2026-02-28,,9534,Full-time,Commensurate with qualifications and experience,,https://hrmsxprod.psft.ust.hk:8044/psp/hrmsxprod/EMPLOYEE/HRMS/c/HRS_HRAM.HRS_CE.GBL?Page=HRS_CE_JOB_DTL&Action=A&JobOpeningId=9534&SiteId=1000&PostingSeq=1
HKUST-9522,Research Assistant (Multiple positions),Research Assistant/Associate,HKUST,HK University of Science & Technology,Department of Mechanical and Aerospace Engineering,,,FALSE,2026-02-28,,9522,Full-time,,,https://hrmsxprod.psft.ust.hk:8044/psp/hrmsxprod/EMPLOYEE/HRMS/c/HRS_HRAM.HRS_CE.GBL?Page=HRS_CE_JOB_DTL&Action=A&JobOpeningId=9522&SiteId=1000&PostingSeq=1
HKUST-9521,Assistant Research Engineer/ Associate Research Engineer (Multiple positions),Research Assistant/Associate,HKUST,HK University of Science & Technology,Department of Mechanical and Aerospace Engineering,,,FALSE,2026-02-28,,9521,Full-time,Commensurate with qualifications and experience,,https://hrmsxprod.psft.ust.hk:8044/psp/hrmsxprod/EMPLOYEE/HRMS/c/HRS_HRAM.HRS_CE.GBL?Page=HRS_CE_JOB_DTL&Action=A&JobOpeningId=9521&SiteId=1000&PostingSeq=1
HKUST-9348,Research Assistant,Research Assistant/Associate,HKUST,HK University of Science & Technology,Department of Computer Science and Engineering,,,FALSE,2026-02-28,,9348,Full-time,Commensurate with qualifications and experience,,https://hrmsxprod.psft.ust.hk:8044/psp/hrmsxprod/EMPLOYEE/HRMS/c/HRS_HRAM.HRS_CE.GBL?Page=HRS_CE_JOB_DTL&Action=A&JobOpeningId=9348&SiteId=1000&PostingSeq=1
HKUST-9345,Post-doctoral Fellow / Assistant Research Engineer / Research Assistant,Postdoctoral,HKUST,HK University of Science & Technology,Division of Emerging Interdisciplinary Areas,,,FALSE,2026-02-23,,9345,Full-time,Commensurate with qualifications and experience,,https://hrmsxprod.psft.ust.hk:8044/psp/hrmsxprod/EMPLOYEE/HRMS/c/HRS_HRAM.HRS_CE.GBL?Page=HRS_CE_JOB_DTL&Action=A&JobOpeningId=9345&SiteId=1000&PostingSeq=1
HKUST-9293,Post-doctoral Fellow / Research Associate / Research Assistant (multiple positions),Postdoctoral,HKUST,HK University of Science & Technology,Department of Computer Science and Engineering,,,FALSE,2026-02-28,,9293,Full-time,Commensurate with qualifications and experience,,https://hrmsxprod.psft.ust.hk:8044/psp/hrmsxprod/EMPLOYEE/HRMS/c/HRS_HRAM.HRS_CE.GBL?Page=HRS_CE_JOB_DTL&Action=A&JobOpeningId=9293&SiteId=1000&PostingSeq=1
HKUST-9251,Research Assistant,Research Assistant/Associate,HKUST,HK University of Science & Technology,Division of Emerging Interdisciplinary Areas,,,FALSE,2026-02-23,,9251,Full-time,,,https://hrmsxprod.psft.ust.hk:8044/psp/hrmsxprod/EMPLOYEE/HRMS/c/HRS_HRAM.HRS_CE.GBL?Page=HRS_CE_JOB_DTL&Action=A&JobOpeningId=9251&SiteId=1000&PostingSeq=1
HKUST-8824,Post-doctoral Fellow/ Research Associate/ Research Assistant (multiple positions),Postdoctoral,HKUST,HK University of Science & Technology,Department of Computer Science and Engineering,,,FALSE,2026-02-28,,8824,Full-time,Commensurate with qualifications and experience,,https://hrmsxprod.psft.ust.hk:8044/psp/hrmsxprod/EMPLOYEE/HRMS/c/HRS_HRAM.HRS_CE.GBL?Page=HRS_CE_JOB_DTL&Action=A&JobOpeningId=8824&SiteId=1000&PostingSeq=1
HKUST-8692,Post-doctoral Fellow / Research Assistant,Postdoctoral,HKUST,HK University of Science & Technology,Department of Civil and Environmental Engineering,,,FALSE,2026-02-28,,8692,Full-time,Commensurate with qualifications and experience,2023-09-01,https://hrmsxprod.psft.ust.hk:8044/psp/hrmsxprod/EMPLOYEE/HRMS/c/HRS_HRAM.HRS_CE.GBL?Page=HRS_CE_JOB_DTL&Action=A&JobOpeningId=8692&SiteId=1000&PostingSeq=1
HKUST-8691,Research Assistant (Computer Science),Research Assistant/Associate,HKUST,HK University of Science & Technology,Department of Civil and Environmental Engineering,,,FALSE,2026-02-28,,8691,Full-time,Commensurate with qualifications and experience,2023-09-01,https://hrmsxprod.psft.ust.hk:8044/psp/hrmsxprod/EMPLOYEE/HRMS/c/HRS_HRAM.HRS_CE.GBL?Page=HRS_CE_JOB_DTL&Action=A&JobOpeningId=8691&SiteId=1000&PostingSeq=1
HKUST-8530,Post-doctoral Fellow/Research Assistant (Psychology),Postdoctoral,HKUST,HK University of Science & Technology,Division of Social Science,,,FALSE,2026-02-28,,8530,Full-time,Commensurate with qualifications and experience,,https://hrmsxprod.psft.ust.hk:8044/psp/hrmsxprod/EMPLOYEE/HRMS/c/HRS_HRAM.HRS_CE.GBL?Page=HRS_CE_JOB_DTL&Action=A&JobOpeningId=8530&SiteId=1000&PostingSeq=1
HKUST-8076,Post-doctoral Fellows / Research Assistants in Marine Computer Vision and Systems Design,Postdoctoral,HKUST,HK University of Science & Technology,Division of Integrative Systems and Design,,,FALSE,2026-02-28,,8076,Full-time,Commensurate with qualifications and experience,Immediate,https://hrmsxprod.psft.ust.hk:8044/psp/hrmsxprod/EMPLOYEE/HRMS/c/HRS_HRAM.HRS_CE.GBL?Page=HRS_CE_JOB_DTL&Action=A&JobOpeningId=8076&SiteId=1000&PostingSeq=1
HKUST-7830,Research Assistant / Research Associate,Research Assistant/Associate,HKUST,HK University of Science & Technology,Department of Mathematics,,,FALSE,2026-02-28,,7830,Full-time,,,https://hrmsxprod.psft.ust.hk:8044/psp/hrmsxprod/EMPLOYEE/HRMS/c/HRS_HRAM.HRS_CE.GBL?Page=HRS_CE_JOB_DTL&Action=A&JobOpeningId=7830&SiteId=1000&PostingSeq=1
HKUST-7716,Post-doctoral Fellow,Postdoctoral,HKUST,HK University of Science & Technology,Division of Integrative Systems and Design,,,FALSE,2026-02-28,,7716,Full-time,Commensurate with qualifications and experience,,https://hrmsxprod.psft.ust.hk:8044/psp/hrmsxprod/EMPLOYEE/HRMS/c/HRS_HRAM.HRS_CE.GBL?Page=HRS_CE_JOB_DTL&Action=A&JobOpeningId=7716&SiteId=1000&PostingSeq=1
HKUST-7715,Post-doctoral Fellow,Postdoctoral,HKUST,HK University of Science & Technology,Division of Integrative Systems and Design,,,FALSE,2026-02-28,,7715,Full-time,Commensurate with qualifications and experience,,https://hrmsxprod.psft.ust.hk:8044/psp/hrmsxprod/EMPLOYEE/HRMS/c/HRS_HRAM.HRS_CE.GBL?Page=HRS_CE_JOB_DTL&Action=A&JobOpeningId=7715&SiteId=1000&PostingSeq=1
HKUST-7714,Post-doctoral Fellow,Postdoctoral,HKUST,HK University of Science & Technology,Division of Integrative Systems and Design,,,FALSE,2026-02-28,,7714,Full-time,Commensurate with qualifications and experience,,https://hrmsxprod.psft.ust.hk:8044/psp/hrmsxprod/EMPLOYEE/HRMS/c/HRS_HRAM.HRS_CE.GBL?Page=HRS_CE_JOB_DTL&Action=A&JobOpeningId=7714&SiteId=1000&PostingSeq=1
HKUST-7643,Post-doctoral Fellows,Postdoctoral,HKUST,HK University of Science & Technology,Department of Mechanical & Aerospace Engineering / Department of Chemical & Biological Engineering,,,FALSE,2026-02-28,,7643,Full-time,Commensurate with qualifications and experience,,https://hrmsxprod.psft.ust.hk:8044/psp/hrmsxprod/EMPLOYEE/HRMS/c/HRS_HRAM.HRS_CE.GBL?Page=HRS_CE_JOB_DTL&Action=A&JobOpeningId=7643&SiteId=1000&PostingSeq=1
HKUST-7012,Research Assistant,Research Assistant/Associate,HKUST,HK University of Science & Technology,Department of Mechanical and Aerospace Engineering,,,FALSE,2026-02-28,,7012,Full-time,,,https://hrmsxprod.psft.ust.hk:8044/psp/hrmsxprod/EMPLOYEE/HRMS/c/HRS_HRAM.HRS_CE.GBL?Page=HRS_CE_JOB_DTL&Action=A&JobOpeningId=7012&SiteId=1000&PostingSeq=1
HKUST-6999,Research Assistant,Research Assistant/Associate,HKUST,HK University of Science & Technology,Department of Management,,,FALSE,2026-02-28,,6999,Full-time,,,https://hrmsxprod.psft.ust.hk:8044/psp/hrmsxprod/EMPLOYEE/HRMS/c/HRS_HRAM.HRS_CE.GBL?Page=HRS_CE_JOB_DTL&Action=A&JobOpeningId=6999&SiteId=1000&PostingSeq=1
HKUST-5327,Research Associate,Research Assistant/Associate,HKUST,HK University of Science & Technology,Department of Mechanical and Aerospace Engineering,,,FALSE,2026-02-28,,5327,Full-time,Commensurate with qualifications and experience,,https://hrmsxprod.psft.ust.hk:8044/psp/hrmsxprod/EMPLOYEE/HRMS/c/HRS_HRAM.HRS_CE.GBL?Page=HRS_CE_JOB_DTL&Action=A&JobOpeningId=5327&SiteId=1000&PostingSeq=1
HKUST-4954,Post-doctoral Fellow/Research Associate (Building Energy Analysis),Postdoctoral,HKUST,HK University of Science & Technology,Department of Mechanical and Aerospace Engineering,,,FALSE,2026-02-28,,4954,Full-time,,,https://hrmsxprod.psft.ust.hk:8044/psp/hrmsxprod/EMPLOYEE/HRMS/c/HRS_HRAM.HRS_CE.GBL?Page=HRS_CE_JOB_DTL&Action=A&JobOpeningId=4954&SiteId=1000&PostingSeq=1
HKUST-4953,Post-doctoral Fellow/Research Associate (Self-healing Composites),Postdoctoral,HKUST,HK University of Science & Technology,Department of Mechanical and Aerospace Engineering,,,FALSE,2026-02-28,,4953,Full-time,,,https://hrmsxprod.psft.ust.hk:8044/psp/hrmsxprod/EMPLOYEE/HRMS/c/HRS_HRAM.HRS_CE.GBL?Page=HRS_CE_JOB_DTL&Action=A&JobOpeningId=4953&SiteId=1000&PostingSeq=1
HKUST-4952,Post-doctoral Fellow/Research Associate (Functional Coating),Postdoctoral,HKUST,HK University of Science & Technology,Department of Mechanical and Aerospace Engineering,,,FALSE,2026-02-28,,4952,Full-time,,,https://hrmsxprod.psft.ust.hk:8044/psp/hrmsxprod/EMPLOYEE/HRMS/c/HRS_HRAM.HRS_CE.GBL?Page=HRS_CE_JOB_DTL&Action=A&JobOpeningId=4952&SiteId=1000&PostingSeq=1
HKUST-4411,Post-doctoral Fellow,Postdoctoral,HKUST,HK University of Science & Technology,Department of Mechanical and Aerospace Engineering,,,FALSE,2026-02-28,,4411,Full-time,Commensurate with qualifications and experience,Immediate,https://hrmsxprod.psft.ust.hk:8044/psp/hrmsxprod/EMPLOYEE/HRMS/c/HRS_HRAM.HRS_CE.GBL?Page=HRS_CE_JOB_DTL&Action=A&JobOpeningId=4411&SiteId=1000&PostingSeq=1
CITYU-uac-r28326,Vice-President (Research),Senior Management,CityU,City University of Hong Kong,Office of the Vice-President (Research),,Open until filled,FALSE,2026-08-20,,uac-r28326,Full-time,,,https://www.cityu.edu.hk/hro/en/job/current/academic.asp?ref=uac-r28326
CITYU-uad-r26226,Director,Non-Academic,CityU,City University of Hong Kong,Student Development Services,,Open until filled,FALSE,2026-08-04,,uad-r26226,Full-time,,,https://www.cityu.edu.hk/hro/en/job/current/administrative.asp?ref=uad-r26226
CITYU-uad-r24226,President,Other,CityU,City University of Hong Kong,Office of the President,,Open until filled,FALSE,2026-07-21,,uad-r24226,Full-time,,,https://www.cityu.edu.hk/hro/en/job/current/administrative.asp?ref=uad-r24226
CITYU-uac-r04026,Head,Other,CityU,City University of Hong Kong,Department of Marketing,,Open until filled,FALSE,2026-02-24,,uac-r04026,Full-time,,,https://www.cityu.edu.hk/hro/en/job/current/academic.asp?ref=uac-r04026
CITYU-uac-r37025,Head,Other,CityU,City University of Hong Kong,Department of Biomedical Sciences,,Open until filled,FALSE,2026-02-24,,uac-r37025,Full-time,,,https://www.cityu.edu.hk/hro/en/job/current/academic.asp?ref=uac-r37025
CITYU-uac-c934,Head,Other,CityU,City University of Hong Kong,Department of Neuroscience,,Open until filled,FALSE,2026-02-24,,uac-c934,Full-time,,,https://www.cityu.edu.hk/hro/en/job/current/academic.asp?ref=uac-c934
CITYU-uac-c932,Head,Other,CityU,City University of Hong Kong,Department of Infectious Diseases and Public Health,,Open until filled,FALSE,2026-02-24,,uac-c932,Full-time,,,https://www.cityu.edu.hk/hro/en/job/current/academic.asp?ref=uac-c932
CITYU-uac-c933,Head,Other,CityU,City University of Hong Kong,Department of Veterinary Clinical Sciences,,Open until filled,FALSE,2026-02-24,,uac-c933,Full-time,,,https://www.cityu.edu.hk/hro/en/job/current/academic.asp?ref=uac-c933
CITYU-uac-t14126,Graduate Teaching Assistant,Teaching Assistant,CityU,City University of Hong Kong,Department of Linguistics and Translation,2026-09-29,,FALSE,2026-08-01,,uac-t14126,Full-time,,September 2026,https://www.cityu.edu.hk/hro/en/job/current/academic.asp?ref=uac-t14126
CITYU-uac-r31226,Assistant Professor,Assistant Professor,CityU,City University of Hong Kong,Department of Media and Communication,,Open until filled,FALSE,2026-09-19,,uac-r31226,Full-time,,,https://www.cityu.edu.hk/hro/en/job/current/academic.asp?ref=uac-r31226
CITYU-uac-t17826,Part-time Graduate Teaching Assistant,Teaching Assistant,CityU,City University of Hong Kong,Department of Social and Behavioural Sciences,,Open until filled,FALSE,2026-09-19,,uac-t17826,Part-time,,,https://www.cityu.edu.hk/hro/en/job/current/academic.asp?ref=uac-t17826
CITYU-uac-r31126,Senior Teaching Fellow in Ruminant Clinical Practice/Teaching Fellow in Ruminant Clinical Practice/Instructor I in Ruminant Clinical Practice/Instructor II in Ruminant Clinical Practice,Senior Lecturer/Lecturer,CityU,City University of Hong Kong,Department of Veterinary Clinical Sciences,,Open until filled,FALSE,2026-09-19,,uac-r31126,Full-time,,,https://www.cityu.edu.hk/hro/en/job/current/academic.asp?ref=uac-r31126
CITYU-uac-t17726,Graduate Teaching Assistant,Teaching Assistant,CityU,City University of Hong Kong,Department of Decision Analytics and Operations,,Open until filled,FALSE,2026-09-12,,uac-t17726,Full-time,,,https://www.cityu.edu.hk/hro/en/job/current/academic.asp?ref=uac-t17726
CITYU-uac-t17326,Graduate Teaching Assistant,Teaching Assistant,CityU,City University of Hong Kong,Department of Economics and Finance,,Open until filled,FALSE,2026-09-10,,uac-t17326,Full-time,,,https://www.cityu.edu.hk/hro/en/job/current/academic.asp?ref=uac-t17326
CITYU-uac-r29426,Chair Professor/Professor/Associate Professor/Assistant Professor,Professor,CityU,City University of Hong Kong,Department of Chemistry,,Open until filled,FALSE,2026-09-02,,uac-r29426,Full-time,,,https://www.cityu.edu.hk/hro/en/job/current/academic.asp?ref=uac-r29426
CITYU-uac-r29026,Senior Teaching Fellow/Teaching Fellow/Instructor I/Instructor II (Economics),Senior Lecturer/Lecturer,CityU,City University of Hong Kong,Department of Economics and Finance,,Open until filled,FALSE,2026-08-29,,uac-r29026,Full-time,,,https://www.cityu.edu.hk/hro/en/job/current/academic.asp?ref=uac-r29026
CITYU-uac-r29126,Senior Teaching Fellow/Teaching Fellow/Instructor I/Instructor II (Finance),Senior Lecturer/Lecturer,CityU,City University of Hong Kong,Department of Economics and Finance,,Open until filled,FALSE,2026-08-29,,uac-r29126,Full-time,,,https://www.cityu.edu.hk/hro/en/job/current/academic.asp?ref=uac-r29126
CITYU-uac-r27926,Professor/Associate Professor/Assistant Professor,Associate Professor,CityU,City University of Hong Kong,Department of Accountancy,,Open until filled,FALSE,2026-08-22,,uac-r27926,Full-time,,,https://www.cityu.edu.hk/hro/en/job/current/academic.asp?ref=uac-r27926
CITYU-uac-r26926,Chair Professor/Professor/Associate Professor/Assistant Professor (Economics),Professor,CityU,City University of Hong Kong,Department of Economics and Finance,2026-11-30,,FALSE,2026-08-15,,uac-r26926,Full-time,,,https://www.cityu.edu.hk/hro/en/job/current/academic.asp?ref=uac-r26926
CITYU-uac-r26626,Chair Professor/Professor/Associate Professor/Assistant Professor (Finance),Professor,CityU,City University of Hong Kong,Department of Economics and Finance,2026-11-30,,FALSE,2026-08-15,,uac-r26626,Full-time,,,https://www.cityu.edu.hk/hro/en/job/current/academic.asp?ref=uac-r26626
CITYU-uac-r27026,Chair Professor/Professor/Associate Professor/Assistant Professor (Financial Engineering and FinTech),Professor,CityU,City University of Hong Kong,Department of Economics and Finance,2026-11-30,,FALSE,2026-08-15,,uac-r27026,Full-time,,,https://www.cityu.edu.hk/hro/en/job/current/academic.asp?ref=uac-r27026
CITYU-uac-r26426,Chair Professor/Professor/Associate Professor/Assistant Professor,Professor,CityU,City University of Hong Kong,Department of Systems Engineering,,Open until filled,FALSE,2026-08-14,,uac-r26426,Full-time,,,https://www.cityu.edu.hk/hro/en/job/current/academic.asp?ref=uac-r26426
CITYU-uac-r24926,Chair Professor/Professor/Associate Professor/Assistant Professor,Professor,CityU,City University of Hong Kong,Department of Infectious Diseases and Public Health,,Open until filled,FALSE,2026-08-08,,uac-r24926,Full-time,,,https://www.cityu.edu.hk/hro/en/job/current/academic.asp?ref=uac-r24926
CITYU-uac-r24826,Chair Professor/Professor/Associate Professor/Assistant Professor,Professor,CityU,City University of Hong Kong,Department of Veterinary Clinical Sciences,,Open until filled,FALSE,2026-08-08,,uac-r24826,Full-time,,,https://www.cityu.edu.hk/hro/en/job/current/academic.asp?ref=uac-r24826
CITYU-uac-r23826,Professor/Associate Professor (Literary and Cultural Studies),Associate Professor,CityU,City University of Hong Kong,Department of English,,Open until filled,FALSE,2026-08-04,,uac-r23826,Full-time,,,https://www.cityu.edu.hk/hro/en/job/current/academic.asp?ref=uac-r23826
CITYU-uac-r24026,Professor/Associate Professor/Assistant Professor (English Applied Linguistics),Associate Professor,CityU,City University of Hong Kong,Department of English,,Open until filled,FALSE,2026-08-01,,uac-r24026,Full-time,,,https://www.cityu.edu.hk/hro/en/job/current/academic.asp?ref=uac-r24026
CITYU-uac-t14426,Graduate Teaching Assistant,Teaching Assistant,CityU,City University of Hong Kong,Department of Management,,Open until filled,FALSE,2026-08-01,,uac-t14426,Full-time,,,https://www.cityu.edu.hk/hro/en/job/current/academic.asp?ref=uac-t14426
CITYU-uac-r23726,Chair Professor/Professor/Associate Professor/Assistant Professor (Climate Science/Nature-based Solutions),Professor,CityU,City University of Hong Kong,School of Energy and Environment,,Open until filled,FALSE,2026-08-01,,uac-r23726,Full-time,,,https://www.cityu.edu.hk/hro/en/job/current/academic.asp?ref=uac-r23726
CITYU-uac-r23426,Professor/Associate Professor/Assistant Professor (Animal Welfare/Ethics and Behaviour),Associate Professor,CityU,City University of Hong Kong,Department of Infectious Diseases and Public Health,,Open until filled,FALSE,2026-07-25,,uac-r23426,Full-time,,,https://www.cityu.edu.hk/hro/en/job/current/academic.asp?ref=uac-r23426
CITYU-uac-r24526,Chair Professor/Professor/Associate Professor/Assistant Professor (Influencer Studies),Professor,CityU,City University of Hong Kong,School of Creative Media,,Open until filled,FALSE,2026-07-25,,uac-r24526,Full-time,,,https://www.cityu.edu.hk/hro/en/job/current/academic.asp?ref=uac-r24526
CITYU-uac-t13526,Part-time Lecturers (Psychology),Senior Lecturer/Lecturer,CityU,City University of Hong Kong,Department of Social and Behavioural Sciences,,Open until filled,FALSE,2026-07-18,,uac-t13526,Part-time,,,https://www.cityu.edu.hk/hro/en/job/current/academic.asp?ref=uac-t13526
CITYU-uac-r19526,Chair Professor/Professor/Associate Professor/Assistant Professor,Professor,CityU,City University of Hong Kong,Department of Mechanical Engineering,,Open until filled,FALSE,2026-07-11,,uac-r19526,Full-time,,,https://www.cityu.edu.hk/hro/en/job/current/academic.asp?ref=uac-r19526
CITYU-uac-r20726,Professor/Associate Professor/Assistant Professor,Associate Professor,CityU,City University of Hong Kong,Department of Information Systems,,Open until filled,FALSE,2026-06-27,,uac-r20726,Full-time,,,https://www.cityu.edu.hk/hro/en/job/current/academic.asp?ref=uac-r20726
CITYU-uac-t12226,Teaching Consultant,Senior Lecturer/Lecturer,CityU,City University of Hong Kong,Department of Public and International Affairs,,Open until filled,FALSE,2026-06-27,,uac-t12226,Full-time,,,https://www.cityu.edu.hk/hro/en/job/current/academic.asp?ref=uac-t12226
CITYU-uac-r18726,Professor in Cattle Medicine/Associate Professor in Cattle Medicine/Assistant Professor in Cattle Medicine,Associate Professor,CityU,City University of Hong Kong,Department of Veterinary Clinical Sciences,,Open until filled,FALSE,2026-06-13,,uac-r18726,Full-time,,,https://www.cityu.edu.hk/hro/en/job/current/academic.asp?ref=uac-r18726
CITYU-uac-r16826,Professor/Associate Professor/Assistant Professor (Poultry Health),Associate Professor,CityU,City University of Hong Kong,Department of Infectious Diseases and Public Health,,Open until filled,FALSE,2026-05-30,,uac-r16826,Full-time,,,https://www.cityu.edu.hk/hro/en/job/current/academic.asp?ref=uac-r16826
CITYU-uac-r17126,Chair Professor/Professor/Associate Professor/Assistant Professor (Social Work and Counselling),Professor,CityU,City University of Hong Kong,Department of Social and Behavioural Sciences,,Open until filled,FALSE,2026-05-30,,uac-r17126,Full-time,,,https://www.cityu.edu.hk/hro/en/job/current/academic.asp?ref=uac-r17126
CITYU-uac-t09726,Visiting Professor/Visiting Associate Professor/Visiting Assistant Professor/Visiting Fellow (Finance),Associate Professor,CityU,City University of Hong Kong,Department of Economics and Finance,,Open until filled,FALSE,2026-05-14,,uac-t09726,Full-time,,,https://www.cityu.edu.hk/hro/en/job/current/academic.asp?ref=uac-t09726
CITYU-uac-t08326,Teaching Consultant (Social Work and Counselling),Senior Lecturer/Lecturer,CityU,City University of Hong Kong,Department of Social and Behavioural Sciences,,Open until filled,FALSE,2026-04-30,,uac-t08326,Full-time,,On or before August 2026,https://www.cityu.edu.hk/hro/en/job/current/academic.asp?ref=uac-t08326
CITYU-uac-t07326,Professor of Practice/Associate Professor of Practice,Associate Professor,CityU,City University of Hong Kong,Department of Management,,Open until filled,FALSE,2026-04-11,,uac-t07326,Full-time,,,https://www.cityu.edu.hk/hro/en/job/current/academic.asp?ref=uac-t07326
CITYU-uac-r07926,Chair Professor/Professor/Associate Professor/Assistant Professor (Crime Science),Professor,CityU,City University of Hong Kong,Department of Social and Behavioural Sciences,,Open until filled,FALSE,2026-03-21,,uac-r07926,Full-time,,,https://www.cityu.edu.hk/hro/en/job/current/academic.asp?ref=uac-r07926
CITYU-uac-t04226,Teaching Consultant (Crime Science/Criminology & Sociology),Senior Lecturer/Lecturer,CityU,City University of Hong Kong,Department of Social and Behavioural Sciences,,Open until filled,FALSE,2026-03-21,,uac-t04226,Full-time,,,https://www.cityu.edu.hk/hro/en/job/current/academic.asp?ref=uac-t04226
CITYU-uac-t04126,Teaching Consultant (Psychology),Senior Lecturer/Lecturer,CityU,City University of Hong Kong,Department of Social and Behavioural Sciences,,Open until filled,FALSE,2026-03-21,,uac-t04126,Full-time,,,https://www.cityu.edu.hk/hro/en/job/current/academic.asp?ref=uac-t04126
CITYU-uac-t05626,Consultants,Non-Academic,CityU,City University of Hong Kong,School of Law,,Open until filled,FALSE,2026-03-21,,uac-t05626,Full-time,,,https://www.cityu.edu.hk/hro/en/job/current/academic.asp?ref=uac-t05626
CITYU-uac-t05526,Part-time Lecturers,Senior Lecturer/Lecturer,CityU,City University of Hong Kong,School of Law,,Open until filled,FALSE,2026-03-21,,uac-t05526,Part-time,,,https://www.cityu.edu.hk/hro/en/job/current/academic.asp?ref=uac-t05526
CITYU-uac-t03626,Part-time Lecturers (Social Work/Counselling),Senior Lecturer/Lecturer,CityU,City University of Hong Kong,Department of Social and Behavioural Sciences,,Open until filled,FALSE,2026-03-06,,uac-t03626,Part-time,,,https://www.cityu.edu.hk/hro/en/job/current/academic.asp?ref=uac-t03626
CITYU-uac-r05626,Chair Professor/Professor/Associate Professor/Assistant Professor,Professor,CityU,City University of Hong Kong,School of Law,,Open until filled,FALSE,2026-02-22,,uac-r05626,Full-time,,,https://www.cityu.edu.hk/hro/en/job/current/academic.asp?ref=uac-r05626
CITYU-uac-t02126,Teaching Consultant,Senior Lecturer/Lecturer,CityU,City University of Hong Kong,Department of Public and International Affairs,,Open until filled,FALSE,2026-02-22,,uac-t02126,Full-time,,,https://www.cityu.edu.hk/hro/en/job/current/academic.asp?ref=uac-t02126
CITYU-uac-r02126,Chair Professor/Professor/Associate Professor/Assistant Professor,Professor,CityU,City University of Hong Kong,Department of Biomedical Engineering,,Open until filled,FALSE,2026-02-22,,uac-r02126,Full-time,,,https://www.cityu.edu.hk/hro/en/job/current/academic.asp?ref=uac-r02126
CITYU-uac-t20225,Graduate Teaching Assistant,Teaching Assistant,CityU,City University of Hong Kong,Department of Public and International Affairs,,Open until filled,FALSE,2026-02-22,,uac-t20225,Full-time,,,https://www.cityu.edu.hk/hro/en/job/current/academic.asp?ref=uac-t20225
CITYU-uac-r34425,Chair Professor/Professor/Associate Professor/Assistant Professor (Comparative Politics/International Organisations),Professor,CityU,City University of Hong Kong,Department of Public and International Affairs,,Open until filled,FALSE,2026-02-22,,uac-r34425,Full-time,,,https://www.cityu.edu.hk/hro/en/job/current/academic.asp?ref=uac-r34425
CITYU-uac-r31025,Professor/Associate Professor/Assistant Professor,Associate Professor,CityU,City University of Hong Kong,Department of Computer Science,,Open until filled,FALSE,2026-02-22,,uac-r31025,Full-time,,,https://www.cityu.edu.hk/hro/en/job/current/academic.asp?ref=uac-r31025
CITYU-uac-r29425,Chair Professor/Professor/Associate Professor,Professor,CityU,City University of Hong Kong,Department of Architecture and Civil Engineering,,Open until filled,FALSE,2026-02-22,,uac-r29425,Full-time,,,https://www.cityu.edu.hk/hro/en/job/current/academic.asp?ref=uac-r29425
CITYU-uac-r29325,Professor/Associate Professor/Assistant Professor,Associate Professor,CityU,City University of Hong Kong,Department of Architecture and Civil Engineering,,Open until filled,FALSE,2026-02-22,,uac-r29325,Full-time,,,https://www.cityu.edu.hk/hro/en/job/current/academic.asp?ref=uac-r29325
CITYU-uac-r26025,Professor/Associate Professor/Assistant Professor (Strategic Management/International Business/Organisational Behavior/Human Resources Management/Entrepreneurship),Associate Professor,CityU,City University of Hong Kong,Department of Management,,Open until filled,FALSE,2026-02-22,,uac-r26025,Full-time,,,https://www.cityu.edu.hk/hro/en/job/current/academic.asp?ref=uac-r26025
CITYU-uac-t11225,Part-time Lecturers,Senior Lecturer/Lecturer,CityU,City University of Hong Kong,Department of Media and Communication,,Open until filled,FALSE,2026-02-22,,uac-t11225,Part-time,,,https://www.cityu.edu.hk/hro/en/job/current/academic.asp?ref=uac-t11225
CITYU-uac-r21325,Senior Teaching Fellow/Teaching Fellow/Instructor I/Instructor II,Senior Lecturer/Lecturer,CityU,City University of Hong Kong,Department of Biomedical Engineering,,Open until filled,FALSE,2026-02-22,,uac-r21325,Full-time,,,https://www.cityu.edu.hk/hro/en/job/current/academic.asp?ref=uac-r21325
CITYU-uac-t09925,Part-time Lecturers,Senior Lecturer/Lecturer,CityU,City University of Hong Kong,Department of Data Science,,Open until filled,FALSE,2026-02-22,,uac-t09925,Part-time,,,https://www.cityu.edu.hk/hro/en/job/current/academic.asp?ref=uac-t09925
CITYU-uac-t07425,Part-time Lecturers,Senior Lecturer/Lecturer,CityU,City University of Hong Kong,Department of Media and Communication,,Open until filled,FALSE,2026-02-22,,uac-t07425,Part-time,,,https://www.cityu.edu.hk/hro/en/job/current/academic.asp?ref=uac-t07425
CITYU-uac-t03025,Part-time Lecturer,Senior Lecturer/Lecturer,CityU,City University of Hong Kong,Department of Management,,Open until filled,FALSE,2026-02-22,,uac-t03025,Part-time,,,https://www.cityu.edu.hk/hro/en/job/current/academic.asp?ref=uac-t03025
CITYU-uac-t03125,Teaching Consultant/Visiting Fellow,Senior Lecturer/Lecturer,CityU,City University of Hong Kong,Department of Management,,Open until filled,FALSE,2026-02-22,,uac-t03125,Full-time,,,https://www.cityu.edu.hk/hro/en/job/current/academic.asp?ref=uac-t03125
CITYU-uac-r02125,Chair Professor/Professor/Associate Professor/Assistant Professor,Professor,CityU,City University of Hong Kong,Department of Media and Communication,,Open until filled,FALSE,2026-02-22,,uac-r02125,Full-time,,,https://www.cityu.edu.hk/hro/en/job/current/academic.asp?ref=uac-r02125
CITYU-uac-r02325,Chair Professor/Professor/Associate Professor/Assistant Professor,Professor,CityU,City University of Hong Kong,Department of Chemistry,,Open until filled,FALSE,2026-02-22,,uac-r02325,Full-time,,,https://www.cityu.edu.hk/hro/en/job/current/academic.asp?ref=uac-r02325
CITYU-uac-r01125,Professor in Veterinary Pathology/Associate Professor in Veterinary Pathology/Assistant Professor in Veterinary Pathology (Anatomic or Clinical),Associate Professor,CityU,City University of Hong Kong,Department of Veterinary Clinical Sciences,,Open until filled,FALSE,2026-02-22,,uac-r01125,Full-time,,,https://www.cityu.edu.hk/hro/en/job/current/academic.asp?ref=uac-r01125
CITYU-uac-t06824,Teaching Consultant (Student Learning Advisor),Senior Lecturer/Lecturer,CityU,City University of Hong Kong,Department of Social and Behavioural Sciences,,Open until filled,FALSE,2026-02-22,,uac-t06824,Full-time,,,https://www.cityu.edu.hk/hro/en/job/current/research.asp?ref=uac-t06824
CITYU-uac-r09624,Professor/Associate Professor/Assistant Professor (Veterinary Clinical Pathology),Associate Professor,CityU,City University of Hong Kong,Department of Veterinary Clinical Sciences,,Open until filled,FALSE,2026-02-22,,uac-r09624,Full-time,,,https://www.cityu.edu.hk/hro/en/job/current/research.asp?ref=uac-r09624
CITYU-uac-r08424,Professor/Associate Professor/Assistant Professor (Equine Practice or Sports Medicine and Rehabilitation),Associate Professor,CityU,City University of Hong Kong,Department of Veterinary Clinical Sciences,,Open until filled,FALSE,2026-02-22,,uac-r08424,Full-time,,,https://www.cityu.edu.hk/hro/en/job/current/research.asp?ref=uac-r08424
CITYU-uac-r06024,Senior Teaching Fellow/Teaching Fellow (Social Work and Counselling),Senior Lecturer/Lecturer,CityU,City University of Hong Kong,Department of Social and Behavioural Sciences,,Open until filled,FALSE,2026-02-22,,uac-r06024,Full-time,,,https://www.cityu.edu.hk/hro/en/job/current/research.asp?ref=uac-r06024
CITYU-uac-r06624,Professor/Associate Professor/Assistant Professor (Small Animal Internal Medicine),Associate Professor,CityU,City University of Hong Kong,Department of Veterinary Clinical Sciences,,Open until filled,FALSE,2026-02-22,,uac-r06624,Full-time,,,https://www.cityu.edu.hk/hro/en/job/current/research.asp?ref=uac-r06624
CITYU-uac-r05424,Chair Professor/Professor/Associate Professor/Assistant Professor (Urban Planning/Urban Governance/Smart Cities),Professor,CityU,City University of Hong Kong,Department of Public and International Affairs,,Open until filled,FALSE,2026-02-22,,uac-r05424,Full-time,,,https://www.cityu.edu.hk/hro/en/job/current/research.asp?ref=uac-r05424
CITYU-uac-r03224,Chair Professor/Professor/Associate Professor/Assistant Professor,Professor,CityU,City University of Hong Kong,Department of Biomedical Sciences,,Open until filled,FALSE,2026-02-22,,uac-r03224,Full-time,,,https://www.cityu.edu.hk/hro/en/job/current/academic.asp?ref=uac-r03224
CITYU-uac-c926,Chair Professor/Professor/Associate Professor/Assistant Professor (Computational Linguistics/Natural Language Processing/Experimental Linguistics),Professor,CityU,City University of Hong Kong,Department of Linguistics and Translation,,Open until filled,FALSE,2026-02-22,,uac-c926,Full-time,,,https://www.cityu.edu.hk/hro/en/job/current/research.asp?ref=uac-c926
CITYU-uac-a817,Chair Professor/Professor/Associate Professor/Assistant Professor (Structural Materials),Professor,CityU,City University of Hong Kong,Department of Materials Science and Engineering,,Open until filled,FALSE,2026-02-22,,uac-a817,Full-time,,,https://www.cityu.edu.hk/hro/en/job/current/administrative.asp?ref=uac-a817
CITYU-uac-br1340,Teaching Consultant,Senior Lecturer/Lecturer,CityU,City University of Hong Kong,Department of Media and Communication,,Open until filled,FALSE,2026-02-22,,uac-br1340,Full-time,,,https://www.cityu.edu.hk/hro/en/job/current/research.asp?ref=uac-br1340
CITYU-uac-c903,Senior Teaching Fellow/Teaching Fellow (Criminology/Crime Sciences Discipline),Senior Lecturer/Lecturer,CityU,City University of Hong Kong,Department of Social and Behavioural Sciences,,Open until filled,FALSE,2026-02-22,,uac-c903,Full-time,,,https://www.cityu.edu.hk/hro/en/job/current/research.asp?ref=uac-c903
CITYU-ur-ar1279,Part-time Lecturers,Senior Lecturer/Lecturer,CityU,City University of Hong Kong,Department of Data Science,,Open until filled,FALSE,2026-02-24,,ur-ar1279,Part-time,,,https://www.cityu.edu.hk/hro/en/job/current/administrative.asp?ref=ur-ar1279
CITYU-uac-c896,Professor of Practice (Social Work Discipline),Professor,CityU,City University of Hong Kong,Department of Social and Behavioural Sciences,,Open until filled,FALSE,2026-02-22,,uac-c896,Full-time,,,https://www.cityu.edu.hk/hro/en/job/current/administrative.asp?ref=uac-c896
CITYU-uac-cr558,Teaching Consultant (Fieldwork Co-ordinator),Senior Lecturer/Lecturer,CityU,City University of Hong Kong,Department of Social and Behavioural Sciences,,Open until filled,FALSE,2026-02-22,,uac-cr558,Full-time,,,https://www.cityu.edu.hk/hro/en/job/current/administrative.asp?ref=uac-cr558
CITYU-uac-c879,Professor/Associate Professor/Assistant Professor (Psychology),Associate Professor,CityU,City University of Hong Kong,Department of Social and Behavioural Sciences,,Open until filled,FALSE,2026-02-22,,uac-c879,Full-time,,,https://www.cityu.edu.hk/hro/en/job/current/administrative.asp?ref=uac-c879
CITYU-uac-c789,Professor/Associate Professor/Assistant Professor (Diagnostic Imaging),Associate Professor,CityU,City University of Hong Kong,Department of Veterinary Clinical Sciences,,Open until filled,FALSE,2026-02-22,,uac-c789,Full-time,,,http://www.cityu.edu.hk/hro/en/job/current/academic.asp?ref=uac-c789
CITYU-uac-b624,Chair Professor/Professor/Associate Professor/Assistant Professor (Political Economy/Governance),Professor,CityU,City University of Hong Kong,Department of Public and International Affairs,,Open until filled,FALSE,2026-02-22,,uac-b624,Full-time,,,https://www.cityu.edu.hk/hro/en/job/current/academic.asp?ref=uac-b624
CITYU-uac-b623,Chair Professor/Professor/Associate Professor/Assistant Professor (Political Philosophy/Ethics),Professor,CityU,City University of Hong Kong,Department of Public and International Affairs,,Open until filled,FALSE,2026-02-22,,uac-b623,Full-time,,,https://www.cityu.edu.hk/hro/en/job/current/academic.asp?ref=uac-b623
CITYU-uac-b560,Professor/Associate Professor/Assistant Professor (Operations and Business Statistics),Associate Professor,CityU,City University of Hong Kong,Department of Decision Analytics and Operations,,Open until filled,FALSE,2026-02-22,,uac-b560,Full-time,,,https://www.cityu.edu.hk/hro/en/job/current/academic.asp?ref=uac-b560
CITYU-uac-a608,Chair Professor/Professor/Associate Professor/Assistant Professor,Professor,CityU,City University of Hong Kong,Department of Data Science,,Open until filled,FALSE,2026-02-22,,uac-a608,Full-time,,,https://www.cityu.edu.hk/hro/en/job/current/academic.asp?ref=uac-a608
CITYU-uac-a578,Chair Professor/Professor/Associate Professor/Assistant Professor,Professor,CityU,City University of Hong Kong,Department of Mathematics,,Open until filled,FALSE,2026-02-22,,uac-a578,Full-time,,,https://www.cityu.edu.hk/hro/en/job/current/academic.asp?ref=uac-a578
CITYU-uac-a566,Chair Professor/Professor/Associate Professor/Assistant Professor,Professor,CityU,City University of Hong Kong,Department of Architecture and Civil Engineering,,Open until filled,FALSE,2026-02-22,,uac-a566,Full-time,,,https://www.cityu.edu.hk/hro/en/job/current/academic.asp?ref=uac-a566
CITYU-uac-c707,Professor/Associate Professor/Assistant Professor,Associate Professor,CityU,City University of Hong Kong,Department of Social and Behavioural Sciences,,Open until filled,FALSE,2026-02-22,,uac-c707,Full-time,,,https://www.cityu.edu.hk/hro/en/job/current/academic.asp?ref=uac-c707
CITYU-uac-a496,Chair Professor/Professor/Associate Professor/Assistant Professor (Biostatistics),Professor,CityU,City University of Hong Kong,Department of Biostatistics,,Open until filled,FALSE,2026-02-22,,uac-a496,Full-time,,,http://www.cityu.edu.hk/hro/en/job/current/academic.asp?ref=uac-a496
CITYU-uac-b425,Professor/Associate Professor/Assistant Professor,Associate Professor,CityU,City University of Hong Kong,Department of Marketing,,Open until filled,FALSE,2026-02-22,,uac-b425,Full-time,,,http://www.cityu.edu.hk/hro/en/job/current/academic.asp?ref=uac-b425
CITYU-uac-c634,Professor/Associate Professor/Assistant Professor (Ophthalmology),Associate Professor,CityU,City University of Hong Kong,Department of Veterinary Clinical Sciences,,Open until filled,FALSE,2026-02-22,,uac-c634,Full-time,,,http://www.cityu.edu.hk/hro/en/job/current/academic.asp?ref=uac-c634
CITYU-uac-a460,Chair Professor/Professor/Associate Professor/Assistant Professor,Professor,CityU,City University of Hong Kong,Department of Physics,,Open until filled,FALSE,2026-02-22,,uac-a460,Full-time,,,http://www.cityu.edu.hk/hro/en/job/current/academic.asp?ref=uac-a460
CITYU-uac-c623,Chair Professor/Professor/Associate Professor/Assistant Professor,Professor,CityU,City University of Hong Kong,Department of Neuroscience,,Open until filled,FALSE,2026-02-22,,uac-c623,Full-time,,,http://www.cityu.edu.hk/hro/en/job/current/academic.asp?ref=uac-c623
CITYU-uac-c605,Professor/Associate Professor/Assistant Professor (Small Animal Surgery),Associate Professor,CityU,City University of Hong Kong,Department of Veterinary Clinical Sciences,,Open until filled,FALSE,2026-02-22,,uac-c605,Full-time,,,http://www.cityu.edu.hk/hro/en/job/current/academic.asp?ref=uac-c605
CITYU-uac-a411,Chair Professor/Professor/Associate Professor/Assistant Professor,Professor,CityU,City University of Hong Kong,Department of Electrical Engineering,,Open until filled,FALSE,2026-02-22,,uac-a411,Full-time,,,http://www.cityu.edu.hk/hro/en/job/current/academic.asp?ref=uac-a411
CITYU-uac-a237,Chair Professor/Professor/Associate Professor/Assistant Professor,Professor,CityU,City University of Hong Kong,Department of Materials Science and Engineering,,Open until filled,FALSE,2026-02-22,,uac-a237,Full-time,,,http://www.cityu.edu.hk/hro/en/job/current/academic.asp?ref=uac-a237
CITYU-ur-t18026,Research Assistant,Research Assistant/Associate,CityU,City University of Hong Kong,School of Law,2026-10-02,,FALSE,2026-09-19,,ur-t18026,Full-time,,,https://www.cityu.edu.hk/hro/en/job/current/research.asp?ref=ur-t18026
CITYU-ur-t15626,Senior Research Assistant/Research Assistant,Research Assistant/Associate,CityU,City University of Hong Kong,Department of English,,Open until filled,FALSE,2026-09-19,,ur-t15626,Full-time,,,https://www.cityu.edu.hk/hro/en/job/current/research.asp?ref=ur-t15626
CITYU-ur-t17526,Postdoctoral Fellow (Full-time)/Senior Research Assistant (Full-time)/Research Assistant (Full-time)/Technical Assistant (Full-time)/Postdoctoral Fellow (Part-time)/Senior Research Assistant (Part-time)/Research Assistant (Part-time)/Technical Assistant (Part-time),Postdoctoral,CityU,City University of Hong Kong,Department of Social and Behavioural Sciences,,Open until filled,FALSE,2026-09-19,,ur-t17526,Part-time,,,https://www.cityu.edu.hk/hro/en/job/current/research.asp?ref=ur-t17526
CITYU-ur-t17626,Research Assistant,Research Assistant/Associate,CityU,City University of Hong Kong,KeySteps@JC Phase Two,,Open until filled,FALSE,2026-09-19,,ur-t17626,Full-time,,,https://www.cityu.edu.hk/hro/en/job/current/research.asp?ref=ur-t17626
CITYU-ur-t16426,Postdoctoral Fellow,Postdoctoral,CityU,City University of Hong Kong,Department of Biomedical Sciences,2026-09-30,,FALSE,2026-09-18,,ur-t16426,Full-time,,,https://www.cityu.edu.hk/hro/en/job/current/research.asp?ref=ur-t16426
CITYU-ur-t17126,Part-time Research Assistant,Research Assistant/Associate,CityU,City University of Hong Kong,Department of Information Systems,2026-10-10,,FALSE,2026-09-12,,ur-t17126,Part-time,,,https://www.cityu.edu.hk/hro/en/job/current/research.asp?ref=ur-t17126
CITYU-ur-t16126,Postdoctoral Fellow/Senior Research Assistant,Postdoctoral,CityU,City University of Hong Kong,Department of Data Science,,Open until filled,FALSE,2026-09-12,,ur-t16126,Full-time,,,https://www.cityu.edu.hk/hro/en/job/current/research.asp?ref=ur-t16126
CITYU-ur-t16226,Research Assistant (Full-time)/Research Assistant (Part-time),Research Assistant/Associate,CityU,City University of Hong Kong,Department of Data Science,,Open until filled,FALSE,2026-09-12,,ur-t16226,Part-time,,,https://www.cityu.edu.hk/hro/en/job/current/research.asp?ref=ur-t16226
CITYU-ur-t16526,Senior Research Assistant/Research Assistant,Research Assistant/Associate,CityU,City University of Hong Kong,Department of Management,,Open until filled,FALSE,2026-09-12,,ur-t16526,Full-time,,,https://www.cityu.edu.hk/hro/en/job/current/research.asp?ref=ur-t16526
CITYU-ur-t16326,Senior Research Assistant (Full-time)/Senior Research Assistant (Part-time)/Research Assistant (Full-time)/Research Assistant (Part-time),Research Assistant/Associate,CityU,City University of Hong Kong,Department of Social and Behavioural Sciences,,Open until filled,FALSE,2026-09-02,,ur-t16326,Part-time,,,https://www.cityu.edu.hk/hro/en/job/current/research.asp?ref=ur-t16326
CITYU-ur-t15426,Postdoctoral Fellow/Research Assistant,Postdoctoral,CityU,City University of Hong Kong,Department of Veterinary Clinical Sciences,,Open until filled,FALSE,2026-08-29,,ur-t15426,Full-time,,,https://www.cityu.edu.hk/hro/en/job/current/research.asp?ref=ur-t15426
CITYU-ur-t15726,Research Assistant,Research Assistant/Associate,CityU,City University of Hong Kong,Department of Information Systems,,Open until filled,FALSE,2026-08-28,,ur-t15726,Full-time,,,https://www.cityu.edu.hk/hro/en/job/current/research.asp?ref=ur-t15726
CITYU-ur-t15526,Part-time Research Assistant (Data Annotation and Corpus Construction)/Part-time Research Assistant (Behavioral Experiments),Research Assistant/Associate,CityU,City University of Hong Kong,Department of Linguistics and Translation,,Open until filled,FALSE,2026-08-28,,ur-t15526,Part-time,,1 December 2026,https://www.cityu.edu.hk/hro/en/job/current/research.asp?ref=ur-t15526
CITYU-ur-t15226,Part-time Postdoctoral Fellow/Part-time Senior Research Assistant/Part-time Research Assistant,Postdoctoral,CityU,City University of Hong Kong,Department of Social and Behavioural Sciences,,Open until filled,FALSE,2026-08-22,,ur-t15226,Part-time,,,https://www.cityu.edu.hk/hro/en/job/current/research.asp?ref=ur-t15226
CITYU-ur-t14226,Postdoctoral Fellow/Research Assistant,Postdoctoral,CityU,City University of Hong Kong,Department of Public and International Affairs,,Open until filled,FALSE,2026-08-08,,ur-t14226,Full-time,,,https://www.cityu.edu.hk/hro/en/job/current/research.asp?ref=ur-t14226
CITYU-ur-t13026,Part-time Technical Assistant,Other,CityU,City University of Hong Kong,Department of English,,Open until filled,FALSE,2026-08-01,,ur-t13026,Part-time,,,https://www.cityu.edu.hk/hro/en/job/current/research.asp?ref=ur-t13026
CITYU-ur-t13626,Part-time Research Assistant,Research Assistant/Associate,CityU,City University of Hong Kong,Department of Social and Behavioural Sciences,,Open until filled,FALSE,2026-07-18,,ur-t13626,Part-time,,,https://www.cityu.edu.hk/hro/en/job/current/research.asp?ref=ur-t13626
CITYU-ur-t11726,Senior Research Assistant/Research Assistant,Research Assistant/Associate,CityU,City University of Hong Kong,Department of Electrical Engineering,,Open until filled,FALSE,2026-07-10,,ur-t11726,Full-time,,,https://www.cityu.edu.hk/hro/en/job/current/research.asp?ref=ur-t11726
CITYU-ur-t12626,Research Assistant,Research Assistant/Associate,CityU,City University of Hong Kong,Department of Materials Science and Engineering,,Open until filled,FALSE,2026-07-04,,ur-t12626,Full-time,,,https://www.cityu.edu.hk/hro/en/job/current/research.asp?ref=ur-t12626
CITYU-ur-t12426,Postdoctoral Fellow,Postdoctoral,CityU,City University of Hong Kong,Department of Computer Science,,Open until filled,FALSE,2026-06-27,,ur-t12426,Full-time,,,https://www.cityu.edu.hk/hro/en/job/current/research.asp?ref=ur-t12426
CITYU-ur-t11926,Research Assistant,Research Assistant/Associate,CityU,City University of Hong Kong,Department of Social and Behavioural Sciences,,Open until filled,FALSE,2026-06-27,,ur-t11926,Full-time,,,https://www.cityu.edu.hk/hro/en/job/current/research.asp?ref=ur-t11926
CITYU-ur-t09526,Research Associate Professor/Research Assistant Professor,Associate Professor,CityU,City University of Hong Kong,Department of Infectious Diseases and Public Health,,Open until filled,FALSE,2026-05-22,,ur-t09526,Full-time,,,https://www.cityu.edu.hk/hro/en/job/current/research.asp?ref=ur-t09526
CITYU-ur-t09326,Part-time Research Assistant/Part-time Technical Assistant,Research Assistant/Associate,CityU,City University of Hong Kong,Department of Infectious Diseases and Public Health,,Open until filled,FALSE,2026-05-15,,ur-t09326,Part-time,,,https://www.cityu.edu.hk/hro/en/job/current/research.asp?ref=ur-t09326
CITYU-ur-t08826,Full-time Research Fellow/Full-time Postdoctoral Fellow/Full-time Senior Research Assistant/Full-time Research Assistant/Part-time Research Fellow/Part-time Postdoctoral Fellow/Part-time Senior Research Assistant/Part-time Research Assistant,Postdoctoral,CityU,City University of Hong Kong,Department of Infectious Diseases and Public Health,,Open until filled,FALSE,2026-05-09,,ur-t08826,Part-time,,,https://www.cityu.edu.hk/hro/en/job/current/research.asp?ref=ur-t08826
CITYU-ur-t08426,Postdoctoral Fellow,Postdoctoral,CityU,City University of Hong Kong,Department of Media and Communication,,Open until filled,FALSE,2026-05-08,,ur-t08426,Full-time,,,https://www.cityu.edu.hk/hro/en/job/current/research.asp?ref=ur-t08426
CITYU-ur-t06926,Research Assistant,Research Assistant/Associate,CityU,City University of Hong Kong,Department of Media and Communication,,Open until filled,FALSE,2026-05-08,,ur-t06926,Full-time,,,https://www.cityu.edu.hk/hro/en/job/current/research.asp?ref=ur-t06926
CITYU-ur-t08026,Postdoctoral Fellow,Postdoctoral,CityU,City University of Hong Kong,Department of Mechanical Engineering,,Open until filled,FALSE,2026-04-24,,ur-t08026,Full-time,,,https://www.cityu.edu.hk/hro/en/job/current/research.asp?ref=ur-t08026
CITYU-ur-t06826,Postdoctoral Fellow/Research Assistant,Postdoctoral,CityU,City University of Hong Kong,Department of Social and Behavioural Sciences,,Open until filled,FALSE,2026-04-18,,ur-t06826,Full-time,,,https://www.cityu.edu.hk/hro/en/job/current/research.asp?ref=ur-t06826
CITYU-ur-t06426,Part-time Research Assistant,Research Assistant/Associate,CityU,City University of Hong Kong,Department of Veterinary Clinical Sciences,,Open until filled,FALSE,2026-04-11,,ur-t06426,Part-time,,,https://www.cityu.edu.hk/hro/en/job/current/research.asp?ref=ur-t06426
CITYU-ur-t05026,Part-time Research Assistant/Part-time Technical Assistant,Research Assistant/Associate,CityU,City University of Hong Kong,Department of Veterinary Clinical Sciences,,Open until filled,FALSE,2026-03-21,,ur-t05026,Part-time,,,https://www.cityu.edu.hk/hro/en/job/current/research.asp?ref=ur-t05026
CITYU-ur-t05126,Part-time Research Assistant/Part-time Technical Assistant,Research Assistant/Associate,CityU,City University of Hong Kong,Department of Veterinary Clinical Sciences,,Open until filled,FALSE,2026-03-21,,ur-t05126,Part-time,,,https://www.cityu.edu.hk/hro/en/job/current/research.asp?ref=ur-t05126
CITYU-ur-t04826,Full-time Senior Research Fellow/Full-time Research Fellow/Full-time Postdoctoral Fellow/Full-time Senior Research Assistant/Full-time Research Assistant/Full-time Technical Assistant/Part-time Senior Research Fellow/Part-time Research Fellow/Part-time Postdoctoral Fellow/Part-time Senior Research Assistant/Part-time Research Assistant/Part-time Technical Assistant,Postdoctoral,CityU,City University of Hong Kong,Department of Data Science,,Open until filled,FALSE,2026-03-20,,ur-t04826,Part-time,,,https://www.cityu.edu.hk/hro/en/job/current/research.asp?ref=ur-t04826
CITYU-ur-t04726,Research Professor/Research Associate Professor/Research Assistant Professor,Associate Professor,CityU,City University of Hong Kong,Department of Data Science,,Open until filled,FALSE,2026-03-20,,ur-t04726,Full-time,,,https://www.cityu.edu.hk/hro/en/job/current/research.asp?ref=ur-t04726
CITYU-ur-t04526,Research Assistant,Research Assistant/Associate,CityU,City University of Hong Kong,State Key Laboratory of Marine Environmental Health (City University of Hong Kong),,Open until filled,FALSE,2026-03-14,,ur-t04526,Full-time,,,https://www.cityu.edu.hk/hro/en/job/current/research.asp?ref=ur-t04526
CITYU-ur-t03126,Research Assistant,Research Assistant/Associate,CityU,City University of Hong Kong,State Key Laboratory of Marine Environmental Health (City University of Hong Kong),,Open until filled,FALSE,2026-02-24,,ur-t03126,Full-time,,,https://www.cityu.edu.hk/hro/en/job/current/research.asp?ref=ur-t03126
CITYU-ur-t01526,Postdoctoral Fellow,Postdoctoral,CityU,City University of Hong Kong,Department of Media and Communication,,Open until filled,FALSE,2026-02-24,,ur-t01526,Full-time,,,https://www.cityu.edu.hk/hro/en/job/current/research.asp?ref=ur-t01526
CITYU-ur-t00826,Research Assistant,Research Assistant/Associate,CityU,City University of Hong Kong,State Key Laboratory of Marine Environmental Health (City University of Hong Kong),,Open until filled,FALSE,2026-02-24,,ur-t00826,Full-time,,,https://www.cityu.edu.hk/hro/en/job/current/research.asp?ref=ur-t00826
CITYU-ur-t00226,Full-time Research Fellow/Full-time Postdoctoral Fellow/Full-time Research Assistant/Part-time Research Fellow/Part-time Postdoctoral Fellow/Part-time Research Assistant,Postdoctoral,CityU,City University of Hong Kong,Department of Mechanical Engineering,,Open until filled,FALSE,2026-02-24,,ur-t00226,Part-time,,,https://www.cityu.edu.hk/hro/en/job/current/research.asp?ref=ur-t00226
CITYU-ur-t20125,Research Fellow/Postdoctoral Fellow/Senior Research Assistant/Research Assistant,Postdoctoral,CityU,City University of Hong Kong,Department of Chemistry,,Open until filled,FALSE,2026-02-24,,ur-t20125,Full-time,,,https://www.cityu.edu.hk/hro/en/job/current/research.asp?ref=ur-t20125
CITYU-ur-t20025,Research Fellow/Postdoctoral Fellow/Senior Research Assistant/Research Assistant,Postdoctoral,CityU,City University of Hong Kong,Department of Infectious Diseases and Public Health,,Open until filled,FALSE,2026-02-24,,ur-t20025,Full-time,,,https://www.cityu.edu.hk/hro/en/job/current/research.asp?ref=ur-t20025
CITYU-ur-t19325,Research Assistant Professor,Assistant Professor,CityU,City University of Hong Kong,Department of Physics,,Open until filled,FALSE,2026-02-24,,ur-t19325,Full-time,,,https://www.cityu.edu.hk/hro/en/job/current/research.asp?ref=ur-t19325
CITYU-ur-t19525,Research Assistant,Research Assistant/Associate,CityU,City University of Hong Kong,Department of Public and International Affairs,,Open until filled,FALSE,2026-02-24,,ur-t19525,Full-time,,,https://www.cityu.edu.hk/hro/en/job/current/research.asp?ref=ur-t19525
CITYU-ur-t18825,Research Assistant Professor,Assistant Professor,CityU,City University of Hong Kong,Department of Mathematics,,Open until filled,FALSE,2026-02-24,,ur-t18825,Full-time,,,https://www.cityu.edu.hk/hro/en/job/current/research.asp?ref=ur-t18825
CITYU-ur-t18525,Postdoctoral Fellow,Postdoctoral,CityU,City University of Hong Kong,Department of Public and International Affairs,,Open until filled,FALSE,2026-02-24,,ur-t18525,Full-time,,,https://www.cityu.edu.hk/hro/en/job/current/research.asp?ref=ur-t18525
CITYU-ur-t17625,Research Assistant Professor in Strategic Management/International Business/Organisational Behavior/Human Resources Management/Entrepreneurship,Assistant Professor,CityU,City University of Hong Kong,Department of Management,,Open until filled,FALSE,2026-02-24,,ur-t17625,Full-time,,,https://www.cityu.edu.hk/hro/en/job/current/research.asp?ref=ur-t17625
CITYU-ur-t17925,Research Assistant Professor,Assistant Professor,CityU,City University of Hong Kong,Department of Marketing,,Open until filled,FALSE,2026-02-24,,ur-t17925,Full-time,,,https://www.cityu.edu.hk/hro/en/job/current/research.asp?ref=ur-t17925
CITYU-ur-t16125,Full-Time Research Assistant/Part-Time Research Assistant,Research Assistant/Associate,CityU,City University of Hong Kong,Department of Infectious Diseases and Public Health,,Open until filled,FALSE,2026-02-24,,ur-t16125,Part-time,,,https://www.cityu.edu.hk/hro/en/job/current/research.asp?ref=ur-t16125
CITYU-ur-t13925,Research Assistant (Health Care Management and Health Policy),Research Assistant/Associate,CityU,City University of Hong Kong,Department of Social and Behavioural Sciences,,Open until filled,FALSE,2026-02-24,,ur-t13925,Full-time,,,https://www.cityu.edu.hk/hro/en/job/current/research.asp?ref=ur-t13925
CITYU-ur-t13525,Research Assistant,Research Assistant/Associate,CityU,City University of Hong Kong,Department of Veterinary Clinical Sciences,,Open until filled,FALSE,2026-02-24,,ur-t13525,Full-time,,,https://www.cityu.edu.hk/hro/en/job/current/research.asp?ref=ur-t13525
CITYU-ur-t11625,Postdoctoral Fellow/Research Assistant,Postdoctoral,CityU,City University of Hong Kong,Department of Social and Behavioural Sciences,,Open until filled,FALSE,2026-02-24,,ur-t11625,Full-time,,,https://www.cityu.edu.hk/hro/en/job/current/research.asp?ref=ur-t11625
CITYU-ur-t12025,Part-time Research Assistant,Research Assistant/Associate,CityU,City University of Hong Kong,School of Law,,Open until filled,FALSE,2026-02-24,,ur-t12025,Part-time,,,https://www.cityu.edu.hk/hro/en/job/current/research.asp?ref=ur-t12025
CITYU-ur-t09325,Research Assistant,Research Assistant/Associate,CityU,City University of Hong Kong,State Key Laboratory of Marine Environmental Health (City University of Hong Kong),,Open until filled,FALSE,2026-02-24,,ur-t09325,Full-time,,,https://www.cityu.edu.hk/hro/en/job/current/research.asp?ref=ur-t09325
CITYU-ur-t07825,Postdoctoral Fellow,Postdoctoral,CityU,City University of Hong Kong,Department of Materials Science and Engineering,,Open until filled,FALSE,2026-02-24,,ur-t07825,Full-time,,,https://www.cityu.edu.hk/hro/en/job/current/research.asp?ref=ur-t07825
CITYU-ur-t06125,Part-time Research Assistant,Research Assistant/Associate,CityU,City University of Hong Kong,Department of Veterinary Clinical Sciences,,Open until filled,FALSE,2026-02-24,,ur-t06125,Part-time,,,https://www.cityu.edu.hk/hro/en/job/current/research.asp?ref=ur-t06125
CITYU-ur-t05825,Postdoctoral Fellow,Postdoctoral,CityU,City University of Hong Kong,Department of Veterinary Clinical Sciences,,Open until filled,FALSE,2026-02-24,,ur-t05825,Full-time,,,https://www.cityu.edu.hk/hro/en/job/current/research.asp?ref=ur-t05825
CITYU-ur-t05025,Research Assistant (Digital Health Care for Healthy Ageing),Research Assistant/Associate,CityU,City University of Hong Kong,Department of Social and Behavioural Sciences,,Open until filled,FALSE,2026-02-24,,ur-t05025,Full-time,,,https://www.cityu.edu.hk/hro/en/job/current/research.asp?ref=ur-t05025
CITYU-ur-t04025,Part-time Technical Assistant,Other,CityU,City University of Hong Kong,Department of English,,Open until filled,FALSE,2026-02-24,,ur-t04025,Part-time,,,https://www.cityu.edu.hk/hro/en/job/current/research.asp?ref=ur-t04025
CITYU-ur-t02225,Postdoctoral Fellow,Postdoctoral,CityU,City University of Hong Kong,Department of Public and International Affairs,,Open until filled,FALSE,2026-02-24,,ur-t02225,Full-time,,,https://www.cityu.edu.hk/hro/en/job/current/research.asp?ref=ur-t02225
CITYU-ur-t04824,Postdoctoral Fellow,Postdoctoral,CityU,City University of Hong Kong,Department of Data Science,,Open until filled,FALSE,2026-02-24,,ur-t04824,Full-time,,,https://www.cityu.edu.hk/hro/en/job/current/research.asp?ref=ur-t04824
CITYU-ur-t04924,Research Assistant,Research Assistant/Associate,CityU,City University of Hong Kong,Department of Data Science,,Open until filled,FALSE,2026-02-24,,ur-t04924,Full-time,,,https://www.cityu.edu.hk/hro/en/job/current/research.asp?ref=ur-t04924
CITYU-uad-t01824,Postdoctoral Fellow,Postdoctoral,CityU,City University of Hong Kong,Department of Architecture and Civil Engineering,,Open until filled,FALSE,2026-02-24,,uad-t01824,Full-time,,,https://www.cityu.edu.hk/hro/en/job/current/research.asp?ref=uad-t01824
CITYU-ur-t01224,Research Assistant,Research Assistant/Associate,CityU,City University of Hong Kong,Centre for Animal Health and Welfare,,Open until filled,FALSE,2026-02-24,,ur-t01224,Full-time,,,https://www.cityu.edu.hk/hro/en/job/current/research.asp?ref=ur-t01224
CITYU-uac-b864,Research Assistant Professor,Assistant Professor,CityU,City University of Hong Kong,School of Law,,Open until filled,FALSE,2026-02-24,,uac-b864,Full-time,,,https://www.cityu.edu.hk/hro/en/job/current/research.asp?ref=uac-b864
CITYU-ur-cr557,Postdoctoral Fellow,Postdoctoral,CityU,City University of Hong Kong,Department of Neuroscience,,Open until filled,FALSE,2026-02-24,,ur-cr557,Full-time,,,https://www.cityu.edu.hk/hro/en/job/current/administrative.asp?ref=ur-cr557
CITYU-ur-cr543,Research Assistant,Research Assistant/Associate,CityU,City University of Hong Kong,Department of Social and Behavioural Sciences,,Open until filled,FALSE,2026-02-24,,ur-cr543,Full-time,,,https://www.cityu.edu.hk/hro/en/job/current/administrative.asp?ref=ur-cr543
CITYU-ur-ar1256,Postdoctoral Fellow/Research Assistant,Postdoctoral,CityU,City University of Hong Kong,Hong Kong Institute of AI for Science,,Open until filled,FALSE,2026-02-24,,ur-ar1256,Full-time,,,https://www.cityu.edu.hk/hro/en/job/current/administrative.asp?ref=ur-ar1256
CITYU-ur-ar1254,Postdoctoral Fellow,Postdoctoral,CityU,City University of Hong Kong,Department of Biomedical Engineering,,Open until filled,FALSE,2026-02-24,,ur-ar1254,Full-time,,,https://www.cityu.edu.hk/hro/en/job/current/administrative.asp?ref=ur-ar1254
CITYU-ur-cr512,Postdoctoral Fellow/Research Assistant,Postdoctoral,CityU,City University of Hong Kong,Department of Social and Behavioural Sciences,,Open until filled,FALSE,2026-02-24,,ur-cr512,Full-time,,,https://www.cityu.edu.hk/hro/en/job/current/administrative.asp?ref=ur-cr512
CITYU-ur-ar1213,Postdoctoral Fellow/Research Assistant,Postdoctoral,CityU,City University of Hong Kong,Department of Computer Science,,Open until filled,FALSE,2026-02-24,,ur-ar1213,Full-time,,,https://www.cityu.edu.hk/hro/en/job/current/administrative.asp?ref=ur-ar1213
CITYU-ur-ar1198,Research Fellow/Postdoctoral Fellow/Research Assistant,Postdoctoral,CityU,City University of Hong Kong,Department of Computer Science,,Open until filled,FALSE,2026-02-24,,ur-ar1198,Full-time,,,https://www.cityu.edu.hk/hro/en/job/current/administrative.asp?ref=ur-ar1198
CITYU-ur-ar1188,Postdoctoral Fellow,Postdoctoral,CityU,City University of Hong Kong,Department of Architecture and Civil Engineering,,Open until filled,FALSE,2026-02-24,,ur-ar1188,Full-time,,,https://www.cityu.edu.hk/hro/en/job/current/research.asp?ref=ur-ar1188
CITYU-ur-ar1189,Research Fellow/Postdoctoral Fellow,Postdoctoral,CityU,City University of Hong Kong,Department of Materials Science and Engineering,,Open until filled,FALSE,2026-02-24,,ur-ar1189,Full-time,,,https://www.cityu.edu.hk/hro/en/job/current/research.asp?ref=ur-ar1189
CITYU-ur-br1166,Postdoctoral Fellow,Postdoctoral,CityU,City University of Hong Kong,Centre for Chinese and Comparative Law,,Open until filled,FALSE,2026-02-24,,ur-br1166,Full-time,,,https://www.cityu.edu.hk/hro/en/job/current/research.asp?ref=ur-br1166
CITYU-ur-br1167,Postdoctoral Fellow,Postdoctoral,CityU,City University of Hong Kong,Centre for Chinese and Comparative Law,,Open until filled,FALSE,2026-02-24,,ur-br1167,Full-time,,,https://www.cityu.edu.hk/hro/en/job/current/research.asp?ref=ur-br1167
CITYU-ur-cr457,Research Assistant,Research Assistant/Associate,CityU,City University of Hong Kong,Department of Social and Behavioural Sciences,,Open until filled,FALSE,2026-02-24,,ur-cr457,Full-time,,,https://www.cityu.edu.hk/hro/en/job/current/research.asp?ref=ur-cr457
CITYU-ur-ar1178,Postdoctoral Fellow/Research Assistant,Postdoctoral,CityU,City University of Hong Kong,"Centre for Biosystems, Neuroscience, and Nanotechnology",,Open until filled,FALSE,2026-02-24,,ur-ar1178,Full-time,,,https://www.cityu.edu.hk/hro/en/job/current/research.asp?ref=ur-ar1178
CITYU-ur-cr431,Postdoctoral Fellow/Research Assistant,Postdoctoral,CityU,City University of Hong Kong,Department of Veterinary Clinical Sciences,,Open until filled,FALSE,2026-02-24,,ur-cr431,Full-time,,,https://www.cityu.edu.hk/hro/en/job/current/research.asp?ref=ur-cr431
CITYU-ur-cr425,Postdoctoral Fellow/Research Assistant,Postdoctoral,CityU,City University of Hong Kong,Department of Social and Behavioural Sciences,,Open until filled,FALSE,2026-02-24,,ur-cr425,Full-time,,,https://www.cityu.edu.hk/hro/en/job/current/research.asp?ref=ur-cr425
CITYU-ur-ar1158,Research Fellow/Research Assistant,Postdoctoral,CityU,City University of Hong Kong,Department of Computer Science,,Open until filled,FALSE,2026-02-24,,ur-ar1158,Full-time,,,https://www.cityu.edu.hk/hro/en/job/current/research.asp?ref=ur-ar1158
CITYU-ur-ar1115,Research Fellow/Postdoctoral Fellow,Postdoctoral,CityU,City University of Hong Kong,Department of Materials Science and Engineering,,Open until filled,FALSE,2026-02-24,,ur-ar1115,Full-time,,,https://www.cityu.edu.hk/hro/en/job/current/research.asp?ref=ur-ar1115
CITYU-ur-cr344,Postdoctoral Fellow/Research Assistant,Postdoctoral,CityU,City University of Hong Kong,Department of Veterinary Clinical Sciences,,Open until filled,FALSE,2026-02-24,,ur-cr344,Full-time,,,https://www.cityu.edu.hk/hro/en/job/current/administrative.asp?ref=ur-cr344
CITYU-ur-ar1085,Research Assistant,Research Assistant/Associate,CityU,City University of Hong Kong,State Key Laboratory of Terahertz and Millimeter Waves (City University of Hong Kong),,Open until filled,FALSE,2026-02-24,,ur-ar1085,Full-time,,,http://www.cityu.edu.hk/hro/en/job/current/research.asp?ref=ur-ar1085
CITYU-ur-cr268,Research Assistant,Research Assistant/Associate,CityU,City University of Hong Kong,Department of Neuroscience,,Open until filled,FALSE,2026-02-24,,ur-cr268,Full-time,,,http://www.cityu.edu.hk/hro/en/job/current/research.asp?ref=ur-cr268
CITYU-ur-cr267,Research Fellow/Postdoctoral Fellow,Postdoctoral,CityU,City University of Hong Kong,Department of Neuroscience,,Open until filled,FALSE,2026-02-24,,ur-cr267,Full-time,,,http://www.cityu.edu.hk/hro/en/job/current/research.asp?ref=ur-cr267
CITYU-ur-ar1067,Research Fellow/Postdoctoral Fellow/Research Assistant,Postdoctoral,CityU,City University of Hong Kong,Department of Computer Science,,Open until filled,FALSE,2026-02-24,,ur-ar1067,Full-time,,,http://www.cityu.edu.hk/hro/en/job/current/research.asp?ref=ur-ar1067
CITYU-ur-ar1002,Postdoctoral Fellow/Research Assistant,Postdoctoral,CityU,City University of Hong Kong,"Centre for Biosystems, Neuroscience, and Nanotechnology",,Open until filled,FALSE,2026-02-24,,ur-ar1002,Full-time,,,http://www.cityu.edu.hk/hro/en/job/current/research.asp?ref=ur-ar1002
HKBU-26270195,Assistant Academic Services Manager/ Senior Academic Services Officer,Non-Academic,HKBU,Hong Kong Baptist University,SCE,,,FALSE,2026-09-26,2026-09-25,26270195,Full-time,,,https://fa-ewqq-saasfaprod1.fa.ocs.oraclecloud.com/hcmUI/CandidateExperience/en/sites/hkbu/job/26270195
HKBU-26270213,Senior Manager,Non-Academic,HKBU,Hong Kong Baptist University,Academic Registry,,,FALSE,2026-09-26,2026-09-25,26270213,Full-time,,,https://fa-ewqq-saasfaprod1.fa.ocs.oraclecloud.com/hcmUI/CandidateExperience/en/sites/hkbu/job/26270213
HKBU-26270026,Senior Systems Analyst (Artificial Intelligence),Non-Academic,HKBU,Hong Kong Baptist University,Artificial Intelligence,,,FALSE,2026-07-11,2026-09-23,26270026,Full-time,,,https://fa-ewqq-saasfaprod1.fa.ocs.oraclecloud.com/hcmUI/CandidateExperience/en/sites/hkbu/job/26270026
HKBU-26270045,Assistant Director of Finance [Role: Head of Procurement],Senior Management,HKBU,Hong Kong Baptist University,Finance,,,FALSE,2026-07-25,2026-09-23,26270045,Full-time,,,https://fa-ewqq-saasfaprod1.fa.ocs.oraclecloud.com/hcmUI/CandidateExperience/en/sites/hkbu/job/26270045
HKBU-26270053,Systems Analyst (Infrastructure Engineer),Non-Academic,HKBU,Hong Kong Baptist University,School of Continuing Education,,,FALSE,2026-07-23,2026-09-23,26270053,Full-time,,,https://fa-ewqq-saasfaprod1.fa.ocs.oraclecloud.com/hcmUI/CandidateExperience/en/sites/hkbu/job/26270053
HKBU-26270073,Senior Purchasing Manager / Purchasing Manager (Purchasing and Support Services),Non-Academic,HKBU,Hong Kong Baptist University,Purchasing and Support Services,,,FALSE,2026-07-30,2026-09-23,26270073,Full-time,,,https://fa-ewqq-saasfaprod1.fa.ocs.oraclecloud.com/hcmUI/CandidateExperience/en/sites/hkbu/job/26270073
HKBU-26270171,Research Assistant Professor,Assistant Professor,HKBU,Hong Kong Baptist University,Department of Biology,,,FALSE,2026-09-24,2026-09-23,26270171,Full-time,,,https://fa-ewqq-saasfaprod1.fa.ocs.oraclecloud.com/hcmUI/CandidateExperience/en/sites/hkbu/job/26270171
HKBU-26270174,Research Assistant Professor,Assistant Professor,HKBU,Hong Kong Baptist University,Department of Mathematics,,,FALSE,2026-09-24,2026-09-23,26270174,Full-time,,,https://fa-ewqq-saasfaprod1.fa.ocs.oraclecloud.com/hcmUI/CandidateExperience/en/sites/hkbu/job/26270174
HKBU-26270199,Senior Scientific Officer,Non-Academic,HKBU,Hong Kong Baptist University,Centre for Exercise Science and Medicine,,,FALSE,2026-09-24,2026-09-23,26270199,Full-time,,,https://fa-ewqq-saasfaprod1.fa.ocs.oraclecloud.com/hcmUI/CandidateExperience/en/sites/hkbu/job/26270199
HKBU-26270210,Research Associate,Research Assistant/Associate,HKBU,Hong Kong Baptist University,Department of Computer Science,,,FALSE,2026-09-24,2026-09-23,26270210,Full-time,,,https://fa-ewqq-saasfaprod1.fa.ocs.oraclecloud.com/hcmUI/CandidateExperience/en/sites/hkbu/job/26270210
HKBU-26270211,Research Assistant,Research Assistant/Associate,HKBU,Hong Kong Baptist University,Department of Computer Science,,,FALSE,2026-09-24,2026-09-23,26270211,Full-time,,,https://fa-ewqq-saasfaprod1.fa.ocs.oraclecloud.com/hcmUI/CandidateExperience/en/sites/hkbu/job/26270211
HKBU-26270212,Research Assistant,Research Assistant/Associate,HKBU,Hong Kong Baptist University,Department of Biology,,,FALSE,2026-09-24,2026-09-23,26270212,Full-time,,,https://fa-ewqq-saasfaprod1.fa.ocs.oraclecloud.com/hcmUI/CandidateExperience/en/sites/hkbu/job/26270212
HKBU-26270214,Post-Doctoral Research Fellow,Postdoctoral,HKBU,Hong Kong Baptist University,Department of Biology,,,FALSE,2026-09-24,2026-09-23,26270214,Full-time,,,https://fa-ewqq-saasfaprod1.fa.ocs.oraclecloud.com/hcmUI/CandidateExperience/en/sites/hkbu/job/26270214
HKBU-26270215,Research Assistant,Research Assistant/Associate,HKBU,Hong Kong Baptist University,Centre for Quantitative Systems Biology,,,FALSE,2026-09-24,2026-09-23,26270215,Full-time,,,https://fa-ewqq-saasfaprod1.fa.ocs.oraclecloud.com/hcmUI/CandidateExperience/en/sites/hkbu/job/26270215
HKBU-26270217,Senior Executive Officer / Executive Officer,Non-Academic,HKBU,Hong Kong Baptist University,University Engagement Office,,,FALSE,2026-09-24,2026-09-23,26270217,Full-time,,,https://fa-ewqq-saasfaprod1.fa.ocs.oraclecloud.com/hcmUI/CandidateExperience/en/sites/hkbu/job/26270217
HKBU-26270056,Senior Officer/Officer,Non-Academic,HKBU,Hong Kong Baptist University,Communication and Public Relations Office,,,FALSE,2026-07-23,2026-09-21,26270056,Full-time,,,https://fa-ewqq-saasfaprod1.fa.ocs.oraclecloud.com/hcmUI/CandidateExperience/en/sites/hkbu/job/26270056
HKBU-26270205,Assistant Manager,Non-Academic,HKBU,Hong Kong Baptist University,Academic Registry,,,FALSE,2026-09-22,2026-09-21,26270205,Full-time,,,https://fa-ewqq-saasfaprod1.fa.ocs.oraclecloud.com/hcmUI/CandidateExperience/en/sites/hkbu/job/26270205
HKBU-26270208,Professor / Associate Professor / Assistant Professor (Computer Science),Associate Professor,HKBU,Hong Kong Baptist University,Computer Science,,,FALSE,2026-09-22,2026-09-21,26270208,Full-time,,,https://fa-ewqq-saasfaprod1.fa.ocs.oraclecloud.com/hcmUI/CandidateExperience/en/sites/hkbu/job/26270208
HKBU-25260421,Senior Information Technology Officer (Network Unit),Non-Academic,HKBU,Hong Kong Baptist University,Network Unit,,,FALSE,2026-02-23,2026-09-18,25260421,Full-time,,,https://fa-ewqq-saasfaprod1.fa.ocs.oraclecloud.com/hcmUI/CandidateExperience/en/sites/hkbu/job/25260421
HKBU-25260736,Senior Finance Manager / Finance Manager (Special Projects),Non-Academic,HKBU,Hong Kong Baptist University,Special Projects,,,FALSE,2026-05-16,2026-09-18,25260736,Full-time,,,https://fa-ewqq-saasfaprod1.fa.ocs.oraclecloud.com/hcmUI/CandidateExperience/en/sites/hkbu/job/25260736
HKBU-25260791,Senior Finance Manager / Finance Manager (Accounting and Budgeting),Non-Academic,HKBU,Hong Kong Baptist University,Accounting and Budgeting,,,FALSE,2026-07-25,2026-09-18,25260791,Full-time,,,https://fa-ewqq-saasfaprod1.fa.ocs.oraclecloud.com/hcmUI/CandidateExperience/en/sites/hkbu/job/25260791
HKBU-25260813,Assistant Director of Finance (Special Projects and Business Partnering),Non-Academic,HKBU,Hong Kong Baptist University,Finance,,,FALSE,2026-06-30,2026-09-18,25260813,Full-time,,,https://fa-ewqq-saasfaprod1.fa.ocs.oraclecloud.com/hcmUI/CandidateExperience/en/sites/hkbu/job/25260813
HKBU-26270041,Manager,Non-Academic,HKBU,Hong Kong Baptist University,Learning and Development,,,FALSE,2026-07-21,2026-09-18,26270041,Full-time,,,https://fa-ewqq-saasfaprod1.fa.ocs.oraclecloud.com/hcmUI/CandidateExperience/en/sites/hkbu/job/26270041
HKBU-26270126,Finance Officer (Accounting and Budgeting Section),Non-Academic,HKBU,Hong Kong Baptist University,Accounting and Budgeting Section,,,FALSE,2026-08-22,2026-09-18,26270126,Full-time,,,https://fa-ewqq-saasfaprod1.fa.ocs.oraclecloud.com/hcmUI/CandidateExperience/en/sites/hkbu/job/26270126
HKBU-26270149,Assistant Global Engagement Manager (Role: Global Engagement Manager),Non-Academic,HKBU,Hong Kong Baptist University,International Office,,,FALSE,2026-09-01,2026-09-18,26270149,Full-time,,,https://fa-ewqq-saasfaprod1.fa.ocs.oraclecloud.com/hcmUI/CandidateExperience/en/sites/hkbu/job/26270149
HKBU-26270189,Senior Executive Officer,Non-Academic,HKBU,Hong Kong Baptist University,Academic Registry,,,FALSE,2026-09-19,2026-09-18,26270189,Full-time,,,https://fa-ewqq-saasfaprod1.fa.ocs.oraclecloud.com/hcmUI/CandidateExperience/en/sites/hkbu/job/26270189
HKBU-26270201,Programme Officer,Non-Academic,HKBU,Hong Kong Baptist University,Undergraduate Studies Section,,,FALSE,2026-09-19,2026-09-18,26270201,Full-time,,,https://fa-ewqq-saasfaprod1.fa.ocs.oraclecloud.com/hcmUI/CandidateExperience/en/sites/hkbu/job/26270201
HKBU-25260299,Senior Manager (Administration and Accounting),Non-Academic,HKBU,Hong Kong Baptist University,Estates Office,,,FALSE,2026-02-23,2026-09-16,25260299,Full-time,,,https://fa-ewqq-saasfaprod1.fa.ocs.oraclecloud.com/hcmUI/CandidateExperience/en/sites/hkbu/job/25260299
HKBU-26270190,Assistant Programme Officer,Non-Academic,HKBU,Hong Kong Baptist University,School of Continuing Education,,,FALSE,2026-09-17,2026-09-16,26270190,Full-time,,,https://fa-ewqq-saasfaprod1.fa.ocs.oraclecloud.com/hcmUI/CandidateExperience/en/sites/hkbu/job/26270190
HKBU-26270191,Programme Officer,Non-Academic,HKBU,Hong Kong Baptist University,School of Continuing Education,,,FALSE,2026-09-17,2026-09-16,26270191,Full-time,,,https://fa-ewqq-saasfaprod1.fa.ocs.oraclecloud.com/hcmUI/CandidateExperience/en/sites/hkbu/job/26270191
HKBU-26270193,Information Technology Manager (Cybersecurity and Network),Non-Academic,HKBU,Hong Kong Baptist University,School of Continuing Education,,,FALSE,2026-09-17,2026-09-16,26270193,Full-time,,,https://fa-ewqq-saasfaprod1.fa.ocs.oraclecloud.com/hcmUI/CandidateExperience/en/sites/hkbu/job/26270193
HKBU-26270196,Project Assistant,Non-Academic,HKBU,Hong Kong Baptist University,Academy of Wellness and Human Development,,,FALSE,2026-09-17,2026-09-16,26270196,Full-time,,,https://fa-ewqq-saasfaprod1.fa.ocs.oraclecloud.com/hcmUI/CandidateExperience/en/sites/hkbu/job/26270196
HKBU-26270197,Senior Research Assistant,Research Assistant/Associate,HKBU,Hong Kong Baptist University,Academy of Wellness and Human Development,,,FALSE,2026-09-17,2026-09-16,26270197,Full-time,,Early November 2026,https://fa-ewqq-saasfaprod1.fa.ocs.oraclecloud.com/hcmUI/CandidateExperience/en/sites/hkbu/job/26270197
HKBU-25260702,Administrative Executive,Non-Academic,HKBU,Hong Kong Baptist University,Office of Information Technology,,,FALSE,2026-05-05,2026-09-14,25260702,Full-time,,,https://fa-ewqq-saasfaprod1.fa.ocs.oraclecloud.com/hcmUI/CandidateExperience/en/sites/hkbu/job/25260702
HKBU-26270111,Part-time Lecturer,Senior Lecturer/Lecturer,HKBU,Hong Kong Baptist University,School of Communication,,,FALSE,2026-09-15,2026-09-14,26270111,Part-time,,Semester 2 of the 2026–27 academic year,https://fa-ewqq-saasfaprod1.fa.ocs.oraclecloud.com/hcmUI/CandidateExperience/en/sites/hkbu/job/26270111
HKBU-26270112,Part-time Lecturer(s),Senior Lecturer/Lecturer,HKBU,Hong Kong Baptist University,School of Communication,,,FALSE,2026-09-15,2026-09-14,26270112,Part-time,,2026–27 academic year.,https://fa-ewqq-saasfaprod1.fa.ocs.oraclecloud.com/hcmUI/CandidateExperience/en/sites/hkbu/job/26270112
HKBU-26270139,Part-time Lecturer,Senior Lecturer/Lecturer,HKBU,Hong Kong Baptist University,School of Communication,,,TRUE,2026-09-28,2026-09-14,26270139,Part-time,,,https://fa-ewqq-saasfaprod1.fa.ocs.oraclecloud.com/hcmUI/CandidateExperience/en/sites/hkbu/job/26270139
HKBU-26270150,Research Assistant (Full time),Research Assistant/Associate,HKBU,Hong Kong Baptist University,Department of Interactive Media,,,FALSE,2026-09-15,2026-09-14,26270150,Full-time,,,https://fa-ewqq-saasfaprod1.fa.ocs.oraclecloud.com/hcmUI/CandidateExperience/en/sites/hkbu/job/26270150
HKBU-26270161,兼職體育設施助理 Part-time Sports Facilities Assistant,Other,HKBU,Hong Kong Baptist University,Hong Kong Baptist University,,,FALSE,2026-09-08,2026-09-14,26270161,Part-time,,,https://fa-ewqq-saasfaprod1.fa.ocs.oraclecloud.com/hcmUI/CandidateExperience/en/sites/hkbu/job/26270161
HKBU-26270169,Senior Scientist (Clinical Research),Senior Lecturer/Lecturer,HKBU,Hong Kong Baptist University,Clinical Research,,,FALSE,2026-09-15,2026-09-14,26270169,Full-time,,,https://fa-ewqq-saasfaprod1.fa.ocs.oraclecloud.com/hcmUI/CandidateExperience/en/sites/hkbu/job/26270169
HKBU-25260752,運動設施助理 Sports Facilities Assistant,Other,HKBU,Hong Kong Baptist University,Hong Kong Baptist University,,,FALSE,2026-08-11,2026-09-11,25260752,Full-time,,,https://fa-ewqq-saasfaprod1.fa.ocs.oraclecloud.com/hcmUI/CandidateExperience/en/sites/hkbu/job/25260752
HKBU-26270166,Research Assistant/Research Associate,Research Assistant/Associate,HKBU,Hong Kong Baptist University,Department of Biology,,,FALSE,2026-09-12,2026-09-11,26270166,Full-time,,,https://fa-ewqq-saasfaprod1.fa.ocs.oraclecloud.com/hcmUI/CandidateExperience/en/sites/hkbu/job/26270166
HKBU-26270172,Associate Professor / Assistant Professor,Associate Professor,HKBU,Hong Kong Baptist University,Department of Chemistry,,,FALSE,2026-09-12,2026-09-11,26270172,Full-time,,,https://fa-ewqq-saasfaprod1.fa.ocs.oraclecloud.com/hcmUI/CandidateExperience/en/sites/hkbu/job/26270172
HKBU-26270177,Cleaner,Other,HKBU,Hong Kong Baptist University,School of Chinese Medicine,,,FALSE,2026-09-12,2026-09-11,26270177,Full-time,,,https://fa-ewqq-saasfaprod1.fa.ocs.oraclecloud.com/hcmUI/CandidateExperience/en/sites/hkbu/job/26270177
HKBU-26270179,Senior Research Assistant (carrying a functional title of Project Coordinator),Research Assistant/Associate,HKBU,Hong Kong Baptist University,Project Coordinator,,,FALSE,2026-09-12,2026-09-11,26270179,Full-time,,,https://fa-ewqq-saasfaprod1.fa.ocs.oraclecloud.com/hcmUI/CandidateExperience/en/sites/hkbu/job/26270179
HKBU-26270186,Library Officer,Non-Academic,HKBU,Hong Kong Baptist University,Library Office,,,FALSE,2026-09-12,2026-09-11,26270186,Full-time,,,https://fa-ewqq-saasfaprod1.fa.ocs.oraclecloud.com/hcmUI/CandidateExperience/en/sites/hkbu/job/26270186
HKBU-26270187,Assistant Manager (Data and Impact),Non-Academic,HKBU,Hong Kong Baptist University,Data and Impact,,,FALSE,2026-09-12,2026-09-11,26270187,Full-time,,,https://fa-ewqq-saasfaprod1.fa.ocs.oraclecloud.com/hcmUI/CandidateExperience/en/sites/hkbu/job/26270187
HKBU-26270185,Assistant Information Technology Manager,Non-Academic,HKBU,Hong Kong Baptist University,School of Continuing Education,,,FALSE,2026-09-11,2026-09-10,26270185,Full-time,,,https://fa-ewqq-saasfaprod1.fa.ocs.oraclecloud.com/hcmUI/CandidateExperience/en/sites/hkbu/job/26270185
HKBU-25260534,Senior Research Assistant/Research Assistant,Research Assistant/Associate,HKBU,Hong Kong Baptist University,Faculty of Arts and Social Sciences,,,FALSE,2026-02-23,2026-09-09,25260534,Full-time,,,https://fa-ewqq-saasfaprod1.fa.ocs.oraclecloud.com/hcmUI/CandidateExperience/en/sites/hkbu/job/25260534
HKBU-26270044,Digital Experience Specialist,Other,HKBU,Hong Kong Baptist University,Office of Information Technology,,,FALSE,2026-07-16,2026-09-09,26270044,Full-time,,,https://fa-ewqq-saasfaprod1.fa.ocs.oraclecloud.com/hcmUI/CandidateExperience/en/sites/hkbu/job/26270044
HKBU-26270060,Senior Digital Experience Specialist,Other,HKBU,Hong Kong Baptist University,Office of Information Technology,,,FALSE,2026-07-23,2026-09-09,26270060,Full-time,,,https://fa-ewqq-saasfaprod1.fa.ocs.oraclecloud.com/hcmUI/CandidateExperience/en/sites/hkbu/job/26270060
HKBU-26270133,Assistant Manager,Non-Academic,HKBU,Hong Kong Baptist University,Project Management and Development Planning Section,,,FALSE,2026-09-10,2026-09-09,26270133,Full-time,,,https://fa-ewqq-saasfaprod1.fa.ocs.oraclecloud.com/hcmUI/CandidateExperience/en/sites/hkbu/job/26270133
HKBU-26270147,Post-Doctoral Research Fellow / Research Associate,Postdoctoral,HKBU,Hong Kong Baptist University,Academy of Music,,,FALSE,2026-09-10,2026-09-09,26270147,Full-time,,,https://fa-ewqq-saasfaprod1.fa.ocs.oraclecloud.com/hcmUI/CandidateExperience/en/sites/hkbu/job/26270147
HKBU-26270175,Executive Officer,Non-Academic,HKBU,Hong Kong Baptist University,School of Continuing Education,,,FALSE,2026-09-10,2026-09-09,26270175,Full-time,,,https://fa-ewqq-saasfaprod1.fa.ocs.oraclecloud.com/hcmUI/CandidateExperience/en/sites/hkbu/job/26270175
HKBU-26270178,Senior Systems Analyst (Student Information Systems),Non-Academic,HKBU,Hong Kong Baptist University,Student Information Systems,,,FALSE,2026-09-10,2026-09-09,26270178,Full-time,,,https://fa-ewqq-saasfaprod1.fa.ocs.oraclecloud.com/hcmUI/CandidateExperience/en/sites/hkbu/job/26270178
HKBU-26270180,Project Assistant,Non-Academic,HKBU,Hong Kong Baptist University,Office of the Dean of Arts and Social Sciences,,,FALSE,2026-09-10,2026-09-09,26270180,Full-time,,,https://fa-ewqq-saasfaprod1.fa.ocs.oraclecloud.com/hcmUI/CandidateExperience/en/sites/hkbu/job/26270180
HKBU-26270181,Project Assistant,Non-Academic,HKBU,Hong Kong Baptist University,Academy of Wellness and Human Development,,,FALSE,2026-09-10,2026-09-09,26270181,Full-time,,,https://fa-ewqq-saasfaprod1.fa.ocs.oraclecloud.com/hcmUI/CandidateExperience/en/sites/hkbu/job/26270181
HKBU-26270182,Scientific Officer,Non-Academic,HKBU,Hong Kong Baptist University,Advanced Life Sciences and Mass Spectrometry Laboratory,,,FALSE,2026-09-10,2026-09-09,26270182,Full-time,,,https://fa-ewqq-saasfaprod1.fa.ocs.oraclecloud.com/hcmUI/CandidateExperience/en/sites/hkbu/job/26270182
HKBU-26270184,Senior Systems Analyst (Digital Experience Services),Non-Academic,HKBU,Hong Kong Baptist University,Digital Experience Services,,,FALSE,2026-09-10,2026-09-09,26270184,Full-time,,,https://fa-ewqq-saasfaprod1.fa.ocs.oraclecloud.com/hcmUI/CandidateExperience/en/sites/hkbu/job/26270184
HKBU-25260796,Professor / Associate Professor / Assistant Professor (Social Work),Associate Professor,HKBU,Hong Kong Baptist University,Social Work,,,FALSE,2026-06-13,2026-09-07,25260796,Full-time,,January 2027,https://fa-ewqq-saasfaprod1.fa.ocs.oraclecloud.com/hcmUI/CandidateExperience/en/sites/hkbu/job/25260796
HKBU-25260797,Senior Lecturer / Lecturer I / Lecturer II (Social Work),Senior Lecturer/Lecturer,HKBU,Hong Kong Baptist University,Social Work,,,FALSE,2026-06-13,2026-09-07,25260797,Full-time,,,https://fa-ewqq-saasfaprod1.fa.ocs.oraclecloud.com/hcmUI/CandidateExperience/en/sites/hkbu/job/25260797
HKBU-26270156,Senior Academic Services Officer (Academic and Student Affairs Section),Non-Academic,HKBU,Hong Kong Baptist University,SCE,,,FALSE,2026-09-08,2026-09-07,26270156,Full-time,,,https://fa-ewqq-saasfaprod1.fa.ocs.oraclecloud.com/hcmUI/CandidateExperience/en/sites/hkbu/job/26270156
HKBU-26270163,Assistant to Dean,Senior Management,HKBU,Hong Kong Baptist University,Office of the Dean of Creative Arts,,,FALSE,2026-09-08,2026-09-07,26270163,Full-time,,,https://fa-ewqq-saasfaprod1.fa.ocs.oraclecloud.com/hcmUI/CandidateExperience/en/sites/hkbu/job/26270163
HKBU-26270167,Manager (Mainland Research Funding),Non-Academic,HKBU,Hong Kong Baptist University,Mainland Research Funding,,,FALSE,2026-09-08,2026-09-07,26270167,Full-time,,,https://fa-ewqq-saasfaprod1.fa.ocs.oraclecloud.com/hcmUI/CandidateExperience/en/sites/hkbu/job/26270167
HKBU-26270176,Senior Manager (Internal Grants and Secretariat Services),Non-Academic,HKBU,Hong Kong Baptist University,Internal Grants and Secretariat Services,,,FALSE,2026-09-08,2026-09-07,26270176,Full-time,,,https://fa-ewqq-saasfaprod1.fa.ocs.oraclecloud.com/hcmUI/CandidateExperience/en/sites/hkbu/job/26270176
HKBU-26270144,Senior Research Assistant / Research Assistant,Research Assistant/Associate,HKBU,Hong Kong Baptist University,TMRI,,,FALSE,2026-09-05,2026-09-04,26270144,Full-time,,,https://fa-ewqq-saasfaprod1.fa.ocs.oraclecloud.com/hcmUI/CandidateExperience/en/sites/hkbu/job/26270144
HKBU-26270152,Research Fellow / Research Associate,Postdoctoral,HKBU,Hong Kong Baptist University,Academy of Music,,,FALSE,2026-09-05,2026-09-04,26270152,Full-time,,,https://fa-ewqq-saasfaprod1.fa.ocs.oraclecloud.com/hcmUI/CandidateExperience/en/sites/hkbu/job/26270152
HKBU-26270154,Information Technology Manager (Workflow / Cloud / AI),Non-Academic,HKBU,Hong Kong Baptist University,Workflow / Cloud / AI,,,FALSE,2026-09-05,2026-09-04,26270154,Full-time,,,https://fa-ewqq-saasfaprod1.fa.ocs.oraclecloud.com/hcmUI/CandidateExperience/en/sites/hkbu/job/26270154
HKBU-26270155,Information Technology Manager (Workflow and RPA),Non-Academic,HKBU,Hong Kong Baptist University,Workflow and RPA,,,FALSE,2026-09-05,2026-09-04,26270155,Full-time,,,https://fa-ewqq-saasfaprod1.fa.ocs.oraclecloud.com/hcmUI/CandidateExperience/en/sites/hkbu/job/26270155
HKBU-26270162,Officer [Role: Project Management / Building Surveyor],Non-Academic,HKBU,Hong Kong Baptist University,Estates Office,,,FALSE,2026-09-05,2026-09-04,26270162,Full-time,,,https://fa-ewqq-saasfaprod1.fa.ocs.oraclecloud.com/hcmUI/CandidateExperience/en/sites/hkbu/job/26270162
HKBU-26270164,Manager (Research Impact and Assessment),Non-Academic,HKBU,Hong Kong Baptist University,Research Office,,,FALSE,2026-09-05,2026-09-04,26270164,Full-time,,,https://fa-ewqq-saasfaprod1.fa.ocs.oraclecloud.com/hcmUI/CandidateExperience/en/sites/hkbu/job/26270164
HKBU-26270165,Senior Manager (External Grants),Non-Academic,HKBU,Hong Kong Baptist University,Research Office,,,FALSE,2026-09-05,2026-09-04,26270165,Full-time,,,https://fa-ewqq-saasfaprod1.fa.ocs.oraclecloud.com/hcmUI/CandidateExperience/en/sites/hkbu/job/26270165
HKBU-26270168,Assistant Manager,Non-Academic,HKBU,Hong Kong Baptist University,Research Postgraduate Programme (PhD),,,FALSE,2026-09-05,2026-09-04,26270168,Full-time,,,https://fa-ewqq-saasfaprod1.fa.ocs.oraclecloud.com/hcmUI/CandidateExperience/en/sites/hkbu/job/26270168
HKBU-25260597,Assistant Manager (Procurement & Contract Management),Non-Academic,HKBU,Hong Kong Baptist University,Procurement & Contract Management,,,FALSE,2026-03-31,2026-09-02,25260597,Full-time,,,https://fa-ewqq-saasfaprod1.fa.ocs.oraclecloud.com/hcmUI/CandidateExperience/en/sites/hkbu/job/25260597
HKBU-26270012,Senior IT Manager (Student Information System Modernization and Cloud Migration),Non-Academic,HKBU,Hong Kong Baptist University,Student Information System Modernization and Cloud Migration,,,FALSE,2026-07-07,2026-09-02,26270012,Full-time,,,https://fa-ewqq-saasfaprod1.fa.ocs.oraclecloud.com/hcmUI/CandidateExperience/en/sites/hkbu/job/26270012
HKBU-26270153,Senior Systems Analyst (Special Project),Non-Academic,HKBU,Hong Kong Baptist University,Office of Information Technology,,,FALSE,2026-09-03,2026-09-02,26270153,Full-time,,,https://fa-ewqq-saasfaprod1.fa.ocs.oraclecloud.com/hcmUI/CandidateExperience/en/sites/hkbu/job/26270153
HKBU-26270143,"Executive Officer, Department of Accountancy",Non-Academic,HKBU,Hong Kong Baptist University,Economics and Finance,,,FALSE,2026-09-01,2026-08-31,26270143,Full-time,,,https://fa-ewqq-saasfaprod1.fa.ocs.oraclecloud.com/hcmUI/CandidateExperience/en/sites/hkbu/job/26270143
HKBU-25260805,Executive Officer,Non-Academic,HKBU,Hong Kong Baptist University,School of Continuing Education,,,FALSE,2026-06-26,2026-08-28,25260805,Full-time,,,https://fa-ewqq-saasfaprod1.fa.ocs.oraclecloud.com/hcmUI/CandidateExperience/en/sites/hkbu/job/25260805
HKBU-26270050,Senior Analyst Programmer (Student Information Systems),Non-Academic,HKBU,Hong Kong Baptist University,Student Information Systems,,,FALSE,2026-07-21,2026-08-28,26270050,Full-time,,,https://fa-ewqq-saasfaprod1.fa.ocs.oraclecloud.com/hcmUI/CandidateExperience/en/sites/hkbu/job/26270050
HKBU-26270118,Executive Officer (Creative Hub),Non-Academic,HKBU,Hong Kong Baptist University,Creative Hub,,,FALSE,2026-08-29,2026-08-28,26270118,Full-time,,,https://fa-ewqq-saasfaprod1.fa.ocs.oraclecloud.com/hcmUI/CandidateExperience/en/sites/hkbu/job/26270118
HKBU-26270122,Assistant Programme Manager/ Senior Programme Officer,Non-Academic,HKBU,Hong Kong Baptist University,School of Continuing Education at the Shek Mun (Shatin),,,FALSE,2026-08-29,2026-08-28,26270122,Full-time,,,https://fa-ewqq-saasfaprod1.fa.ocs.oraclecloud.com/hcmUI/CandidateExperience/en/sites/hkbu/job/26270122
HKBU-25260203,高級技術員 (維修及保養)，物業處,Other,HKBU,Hong Kong Baptist University,Hong Kong Baptist University,,,FALSE,2026-02-23,2026-08-26,25260203,Full-time,,,https://fa-ewqq-saasfaprod1.fa.ocs.oraclecloud.com/hcmUI/CandidateExperience/en/sites/hkbu/job/25260203
HKBU-26270087,Research Assistant Professor,Assistant Professor,HKBU,Hong Kong Baptist University,Centre for Chinese Herbal Medicine Drug Development,,,FALSE,2026-08-27,2026-08-26,26270087,Full-time,,,https://fa-ewqq-saasfaprod1.fa.ocs.oraclecloud.com/hcmUI/CandidateExperience/en/sites/hkbu/job/26270087
HKBU-26270125,Senior Technical Officer / Technical Officer,Non-Academic,HKBU,Hong Kong Baptist University,Academy of Music,,,FALSE,2026-08-27,2026-08-26,26270125,Full-time,,,https://fa-ewqq-saasfaprod1.fa.ocs.oraclecloud.com/hcmUI/CandidateExperience/en/sites/hkbu/job/26270125
HKBU-26270128,Student Development Assistant,Other,HKBU,Hong Kong Baptist University,School of Continuing Education,,,FALSE,2026-08-25,2026-08-24,26270128,Full-time,,,https://fa-ewqq-saasfaprod1.fa.ocs.oraclecloud.com/hcmUI/CandidateExperience/en/sites/hkbu/job/26270128
HKBU-26270049,Human Resources Manager,Non-Academic,HKBU,Hong Kong Baptist University,School of Continuing Education,,,FALSE,2026-07-18,2026-08-21,26270049,Full-time,,,https://fa-ewqq-saasfaprod1.fa.ocs.oraclecloud.com/hcmUI/CandidateExperience/en/sites/hkbu/job/26270049
HKBU-26270113,Executive Officer / Assistant Executive Officer,Non-Academic,HKBU,Hong Kong Baptist University,Entrepreneurship and Innovation Centre,,,FALSE,2026-08-22,2026-08-21,26270113,Full-time,,,https://fa-ewqq-saasfaprod1.fa.ocs.oraclecloud.com/hcmUI/CandidateExperience/en/sites/hkbu/job/26270113
HKBU-26270123,Senior Analyst Programmer / Analyst Programmer (Financial Information System),Non-Academic,HKBU,Hong Kong Baptist University,Financial Information System,,,FALSE,2026-08-22,2026-08-21,26270123,Full-time,,,https://fa-ewqq-saasfaprod1.fa.ocs.oraclecloud.com/hcmUI/CandidateExperience/en/sites/hkbu/job/26270123
HKBU-26270129,"Research Assistant, Academy of Geography",Research Assistant/Associate,HKBU,Hong Kong Baptist University,Sociology and International Studies,,,FALSE,2026-08-22,2026-08-21,26270129,Full-time,,,https://fa-ewqq-saasfaprod1.fa.ocs.oraclecloud.com/hcmUI/CandidateExperience/en/sites/hkbu/job/26270129
HKBU-25260354,運動設施助理 Sports Facilities Assistant,Other,HKBU,Hong Kong Baptist University,Hong Kong Baptist University,,,FALSE,2026-08-20,2026-08-19,25260354,Full-time,,,https://fa-ewqq-saasfaprod1.fa.ocs.oraclecloud.com/hcmUI/CandidateExperience/en/sites/hkbu/job/25260354
HKBU-25260531,Engineer,Other,HKBU,Hong Kong Baptist University,Estates Office,,,FALSE,2026-03-14,2026-08-19,25260531,Full-time,,,https://fa-ewqq-saasfaprod1.fa.ocs.oraclecloud.com/hcmUI/CandidateExperience/en/sites/hkbu/job/25260531
HKBU-26270115,Systems Analyst (Application Development & Support),Non-Academic,HKBU,Hong Kong Baptist University,School of Continuing Education,,,FALSE,2026-08-19,2026-08-18,26270115,Full-time,,,https://fa-ewqq-saasfaprod1.fa.ocs.oraclecloud.com/hcmUI/CandidateExperience/en/sites/hkbu/job/26270115
HKBU-26270097,Senior Programme Officer / Programme Officer,Non-Academic,HKBU,Hong Kong Baptist University,Academy of Visual Arts,,,FALSE,2026-08-18,2026-08-17,26270097,Full-time,,,https://fa-ewqq-saasfaprod1.fa.ocs.oraclecloud.com/hcmUI/CandidateExperience/en/sites/hkbu/job/26270097
HKBU-26270100,Communication Manager (Creative Hub),Non-Academic,HKBU,Hong Kong Baptist University,Academy of Music,,,FALSE,2026-08-18,2026-08-17,26270100,Full-time,,,https://fa-ewqq-saasfaprod1.fa.ocs.oraclecloud.com/hcmUI/CandidateExperience/en/sites/hkbu/job/26270100
HKBU-26270101,Finance Manager (Creative Hub),Non-Academic,HKBU,Hong Kong Baptist University,Academy of Music,,,FALSE,2026-08-18,2026-08-17,26270101,Full-time,,,https://fa-ewqq-saasfaprod1.fa.ocs.oraclecloud.com/hcmUI/CandidateExperience/en/sites/hkbu/job/26270101
HKBU-26270109,Library Assistant,Other,HKBU,Hong Kong Baptist University,Library,,,FALSE,2026-08-18,2026-08-17,26270109,Full-time,,,https://fa-ewqq-saasfaprod1.fa.ocs.oraclecloud.com/hcmUI/CandidateExperience/en/sites/hkbu/job/26270109
HKBU-25260821,Information Technology Manager (Digital Services Support),Non-Academic,HKBU,Hong Kong Baptist University,Digital Services Support,,,FALSE,2026-07-04,2026-08-14,25260821,Full-time,,,https://fa-ewqq-saasfaprod1.fa.ocs.oraclecloud.com/hcmUI/CandidateExperience/en/sites/hkbu/job/25260821
HKBU-26270092,Technical Manager (Creative Hub),Non-Academic,HKBU,Hong Kong Baptist University,Academy of Music,,,FALSE,2026-08-15,2026-08-14,26270092,Full-time,,,https://fa-ewqq-saasfaprod1.fa.ocs.oraclecloud.com/hcmUI/CandidateExperience/en/sites/hkbu/job/26270092
HKBU-26270098,Library Officer,Non-Academic,HKBU,Hong Kong Baptist University,Library,,,FALSE,2026-08-15,2026-08-14,26270098,Full-time,,,https://fa-ewqq-saasfaprod1.fa.ocs.oraclecloud.com/hcmUI/CandidateExperience/en/sites/hkbu/job/26270098
HKBU-26270107,Research Assistant,Research Assistant/Associate,HKBU,Hong Kong Baptist University,Academy of Geography,,,FALSE,2026-08-15,2026-08-14,26270107,Full-time,,,https://fa-ewqq-saasfaprod1.fa.ocs.oraclecloud.com/hcmUI/CandidateExperience/en/sites/hkbu/job/26270107
HKBU-26270108,Senior Research Assistant / Research Assistant,Research Assistant/Associate,HKBU,Hong Kong Baptist University,Asian Energy Studies Centre,,,FALSE,2026-08-15,2026-08-14,26270108,Full-time,,,https://fa-ewqq-saasfaprod1.fa.ocs.oraclecloud.com/hcmUI/CandidateExperience/en/sites/hkbu/job/26270108
HKBU-25260561,Accounting Manager (Income and Project),Non-Academic,HKBU,Hong Kong Baptist University,School of Continuing Education,,,FALSE,2026-03-14,2026-08-12,25260561,Full-time,,,https://fa-ewqq-saasfaprod1.fa.ocs.oraclecloud.com/hcmUI/CandidateExperience/en/sites/hkbu/job/25260561
HKBU-26270093,Manager,Non-Academic,HKBU,Hong Kong Baptist University,School of Creative Arts,,,FALSE,2026-08-11,2026-08-10,26270093,Full-time,,,https://fa-ewqq-saasfaprod1.fa.ocs.oraclecloud.com/hcmUI/CandidateExperience/en/sites/hkbu/job/26270093
HKBU-26270020,Senior Officer (Role: Assistant Global Engagement Manager),Non-Academic,HKBU,Hong Kong Baptist University,International Office,,,FALSE,2026-08-08,2026-08-07,26270020,Full-time,,,https://fa-ewqq-saasfaprod1.fa.ocs.oraclecloud.com/hcmUI/CandidateExperience/en/sites/hkbu/job/26270020
HKBU-26270090,Assistant Officer/Administrative Assistant,Non-Academic,HKBU,Hong Kong Baptist University,Estates Office,,,FALSE,2026-08-08,2026-08-07,26270090,Full-time,,,https://fa-ewqq-saasfaprod1.fa.ocs.oraclecloud.com/hcmUI/CandidateExperience/en/sites/hkbu/job/26270090
HKBU-26270096,Manager (Employee Experience and Engagement),Non-Academic,HKBU,Hong Kong Baptist University,Employee Experience and Engagement,,,FALSE,2026-08-08,2026-08-07,26270096,Full-time,,,https://fa-ewqq-saasfaprod1.fa.ocs.oraclecloud.com/hcmUI/CandidateExperience/en/sites/hkbu/job/26270096
HKBU-26270083,Manager,Non-Academic,HKBU,Hong Kong Baptist University,Language Centre,,,FALSE,2026-08-06,2026-08-05,26270083,Full-time,,,https://fa-ewqq-saasfaprod1.fa.ocs.oraclecloud.com/hcmUI/CandidateExperience/en/sites/hkbu/job/26270083
HKBU-26270047,Associate Professor / Assistant Professor,Associate Professor,HKBU,Hong Kong Baptist University,School of Chinese Medicine,,,FALSE,2026-08-04,2026-08-03,26270047,Full-time,,,https://fa-ewqq-saasfaprod1.fa.ocs.oraclecloud.com/hcmUI/CandidateExperience/en/sites/hkbu/job/26270047
HKBU-26270084,Manager,Non-Academic,HKBU,Hong Kong Baptist University,Office of Council and Court Secretariat and Legal,,,FALSE,2026-08-01,2026-07-31,26270084,Full-time,,,https://fa-ewqq-saasfaprod1.fa.ocs.oraclecloud.com/hcmUI/CandidateExperience/en/sites/hkbu/job/26270084
HKBU-26270063,Technical Officer / Assistant Technical Officer,Non-Academic,HKBU,Hong Kong Baptist University,Institute for Innovation and Translation,,,FALSE,2026-07-28,2026-07-27,26270063,Full-time,,,https://fa-ewqq-saasfaprod1.fa.ocs.oraclecloud.com/hcmUI/CandidateExperience/en/sites/hkbu/job/26270063
HKBU-25260686,Senior Information Technology Manager (Applications & Integration),Non-Academic,HKBU,Hong Kong Baptist University,Applications & Integration,,,FALSE,2026-04-28,2026-07-24,25260686,Full-time,,,https://fa-ewqq-saasfaprod1.fa.ocs.oraclecloud.com/hcmUI/CandidateExperience/en/sites/hkbu/job/25260686
HKBU-25260774,Senior Accounting Officer,Non-Academic,HKBU,Hong Kong Baptist University,School of Continuing Education,,,FALSE,2026-06-11,2026-07-24,25260774,Full-time,,,https://fa-ewqq-saasfaprod1.fa.ocs.oraclecloud.com/hcmUI/CandidateExperience/en/sites/hkbu/job/25260774
HKBU-26270059,Executive Officer,Non-Academic,HKBU,Hong Kong Baptist University,Language Centre,,,FALSE,2026-07-25,2026-07-24,26270059,Full-time,,,https://fa-ewqq-saasfaprod1.fa.ocs.oraclecloud.com/hcmUI/CandidateExperience/en/sites/hkbu/job/26270059
HKBU-26270054,Human Resources Officer,Non-Academic,HKBU,Hong Kong Baptist University,School of Continuing Education,,,FALSE,2026-07-23,2026-07-22,26270054,Full-time,,,https://fa-ewqq-saasfaprod1.fa.ocs.oraclecloud.com/hcmUI/CandidateExperience/en/sites/hkbu/job/26270054
HKBU-26270039,General Manager (Nursing and Training (Nursing)),Non-Academic,HKBU,Hong Kong Baptist University,The Chinese Medicine Hospital of Hong Kong,,,FALSE,2026-07-16,2026-07-15,26270039,Full-time,,,https://fa-ewqq-saasfaprod1.fa.ocs.oraclecloud.com/hcmUI/CandidateExperience/en/sites/hkbu/job/26270039
HKBU-26270043,Senior Student Development Officer/Student Development Officer,Non-Academic,HKBU,Hong Kong Baptist University,School of Continuing Education,,,FALSE,2026-07-16,2026-07-15,26270043,Full-time,,,https://fa-ewqq-saasfaprod1.fa.ocs.oraclecloud.com/hcmUI/CandidateExperience/en/sites/hkbu/job/26270043
HKBU-25260546,Assistant Project Manager / Senior Executive Officer,Non-Academic,HKBU,Hong Kong Baptist University,School of Continuing Education,,,FALSE,2026-02-26,2026-07-10,25260546,Full-time,,,https://fa-ewqq-saasfaprod1.fa.ocs.oraclecloud.com/hcmUI/CandidateExperience/en/sites/hkbu/job/25260546
HKBU-26270022,Senior Human Resources Officer,Non-Academic,HKBU,Hong Kong Baptist University,School of Continuing Education,,,FALSE,2026-07-11,2026-07-10,26270022,Full-time,,,https://fa-ewqq-saasfaprod1.fa.ocs.oraclecloud.com/hcmUI/CandidateExperience/en/sites/hkbu/job/26270022
HKBU-25260807,Senior Executive Officer,Non-Academic,HKBU,Hong Kong Baptist University,School of Continuing Education,,,FALSE,2026-07-04,2026-07-03,25260807,Full-time,,,https://fa-ewqq-saasfaprod1.fa.ocs.oraclecloud.com/hcmUI/CandidateExperience/en/sites/hkbu/job/25260807
HKBU-25260816,Professor/Associate Professor/Assistant Professor in Government and International Studies,Associate Professor,HKBU,Hong Kong Baptist University,Government and International Studies,,,FALSE,2026-07-04,2026-07-03,25260816,Full-time,,as early as possible or January/August-September 2027.,https://fa-ewqq-saasfaprod1.fa.ocs.oraclecloud.com/hcmUI/CandidateExperience/en/sites/hkbu/job/25260816
HKBU-25260775,Lecturer I / Lecturer II / Assistant Lecturer (Accounting),Senior Lecturer/Lecturer,HKBU,Hong Kong Baptist University,Accounting,,,FALSE,2026-06-18,2026-06-17,25260775,Full-time,,,https://fa-ewqq-saasfaprod1.fa.ocs.oraclecloud.com/hcmUI/CandidateExperience/en/sites/hkbu/job/25260775
HKBU-25260780,Senior Lecturer/ Lecturer I / Lecturer II,Senior Lecturer/Lecturer,HKBU,Hong Kong Baptist University,School of Chinese Medicine,,,FALSE,2026-06-13,2026-06-12,25260780,Full-time,,,https://fa-ewqq-saasfaprod1.fa.ocs.oraclecloud.com/hcmUI/CandidateExperience/en/sites/hkbu/job/25260780
HKBU-25260781,Assistant Lecturer,Senior Lecturer/Lecturer,HKBU,Hong Kong Baptist University,School of Chinese Medicine,,,FALSE,2026-06-13,2026-06-12,25260781,Full-time,,,https://fa-ewqq-saasfaprod1.fa.ocs.oraclecloud.com/hcmUI/CandidateExperience/en/sites/hkbu/job/25260781
HKBU-25260763,Assistant Manager/Senior Programme Officer/Programme Officer,Non-Academic,HKBU,Hong Kong Baptist University,School of Business,,,FALSE,2026-06-11,2026-06-10,25260763,Full-time,,,https://fa-ewqq-saasfaprod1.fa.ocs.oraclecloud.com/hcmUI/CandidateExperience/en/sites/hkbu/job/25260763
HKBU-25260765,Senior Manager (Entrepreneurship and Funding),Non-Academic,HKBU,Hong Kong Baptist University,Knowledge Transfer Office,,,FALSE,2026-06-04,2026-06-03,25260765,Full-time,,,https://fa-ewqq-saasfaprod1.fa.ocs.oraclecloud.com/hcmUI/CandidateExperience/en/sites/hkbu/job/25260765
HKBU-25260573,Officer,Non-Academic,HKBU,Hong Kong Baptist University,Estates Office,,,FALSE,2026-03-11,2026-06-01,25260573,Full-time,,,https://fa-ewqq-saasfaprod1.fa.ocs.oraclecloud.com/hcmUI/CandidateExperience/en/sites/hkbu/job/25260573
HKBU-25260745,Assistant Programme Officer,Non-Academic,HKBU,Hong Kong Baptist University,School of Continuing Education,,,FALSE,2026-05-30,2026-05-29,25260745,Full-time,,,https://fa-ewqq-saasfaprod1.fa.ocs.oraclecloud.com/hcmUI/CandidateExperience/en/sites/hkbu/job/25260745
HKBU-25260754,Research Assistant (TCM-driven mental wellness hub),Research Assistant/Associate,HKBU,Hong Kong Baptist University,TCM-driven mental wellness hub,,,FALSE,2026-05-23,2026-05-22,25260754,Full-time,,,https://fa-ewqq-saasfaprod1.fa.ocs.oraclecloud.com/hcmUI/CandidateExperience/en/sites/hkbu/job/25260754
HKBU-25260733,Associate Professor / Assistant Professor,Associate Professor,HKBU,Hong Kong Baptist University,School of Chinese Medicine,,,FALSE,2026-05-16,2026-05-15,25260733,Full-time,,,https://fa-ewqq-saasfaprod1.fa.ocs.oraclecloud.com/hcmUI/CandidateExperience/en/sites/hkbu/job/25260733
HKBU-25260469,Senior Information Technology Manager (System Modernisation and Cloud Migration),Non-Academic,HKBU,Hong Kong Baptist University,System Modernisation and Cloud Migration,,,FALSE,2026-05-09,2026-05-08,25260469,Full-time,,,https://fa-ewqq-saasfaprod1.fa.ocs.oraclecloud.com/hcmUI/CandidateExperience/en/sites/hkbu/job/25260469
HKBU-25260680,Senior / Research Assistant,Research Assistant/Associate,HKBU,Hong Kong Baptist University,School of Chinese Medicine,,,FALSE,2026-05-05,2026-05-04,25260680,Full-time,,,https://fa-ewqq-saasfaprod1.fa.ocs.oraclecloud.com/hcmUI/CandidateExperience/en/sites/hkbu/job/25260680
HKBU-25260681,Post-Doctoral Research Fellow,Postdoctoral,HKBU,Hong Kong Baptist University,School of Chinese Medicine,,,FALSE,2026-05-05,2026-05-04,25260681,Full-time,,,https://fa-ewqq-saasfaprod1.fa.ocs.oraclecloud.com/hcmUI/CandidateExperience/en/sites/hkbu/job/25260681
HKBU-25260691,Associate Professor / Professor,Associate Professor,HKBU,Hong Kong Baptist University,Department of Journalism,,,FALSE,2026-05-05,2026-05-04,25260691,Full-time,,September 2026 (or mutually agreed date),https://fa-ewqq-saasfaprod1.fa.ocs.oraclecloud.com/hcmUI/CandidateExperience/en/sites/hkbu/job/25260691
HKBU-25260692,Professor of Practice/ Associate Professor of Practice,Associate Professor,HKBU,Hong Kong Baptist University,Department of Journalism,,,FALSE,2026-05-05,2026-05-04,25260692,Full-time,,September 2026 (or mutually agreed date).,https://fa-ewqq-saasfaprod1.fa.ocs.oraclecloud.com/hcmUI/CandidateExperience/en/sites/hkbu/job/25260692
HKBU-25260697,Research Assistant Professor,Assistant Professor,HKBU,Hong Kong Baptist University,Department of Computer Science,,,FALSE,2026-05-05,2026-05-04,25260697,Full-time,,,https://fa-ewqq-saasfaprod1.fa.ocs.oraclecloud.com/hcmUI/CandidateExperience/en/sites/hkbu/job/25260697
HKBU-25260689,Professor / Associate Professor / Assistant Professor in Sports Science,Associate Professor,HKBU,Hong Kong Baptist University,Sports Science,,,FALSE,2026-04-30,2026-04-29,25260689,Full-time,,January or August/September 2027,https://fa-ewqq-saasfaprod1.fa.ocs.oraclecloud.com/hcmUI/CandidateExperience/en/sites/hkbu/job/25260689
HKBU-24250409,Chair Professor/ Professor/ Associate Professor in OBHRM / Strategic Management,Professor,HKBU,Hong Kong Baptist University,OBHRM / Strategic Management,,,FALSE,2026-02-23,2026-04-10,24250409,Full-time,,September 2026 or earliest available date.,https://fa-ewqq-saasfaprod1.fa.ocs.oraclecloud.com/hcmUI/CandidateExperience/en/sites/hkbu/job/24250409
HKBU-25260634,Senior Research Assistant (Clinical Research),Research Assistant/Associate,HKBU,Hong Kong Baptist University,Clinical Research,,,FALSE,2026-04-11,2026-04-10,25260634,Full-time,,,https://fa-ewqq-saasfaprod1.fa.ocs.oraclecloud.com/hcmUI/CandidateExperience/en/sites/hkbu/job/25260634
HKBU-25260628,Senior Research Assistant / Research Assistant,Research Assistant/Associate,HKBU,Hong Kong Baptist University,Faculty of Arts and Social Sciences,,,FALSE,2026-04-02,2026-04-01,25260628,Full-time,,April 2026,https://fa-ewqq-saasfaprod1.fa.ocs.oraclecloud.com/hcmUI/CandidateExperience/en/sites/hkbu/job/25260628
HKBU-25260536,Chair Professor/ Professor/ Professor of Practice and Director,Professor,HKBU,Hong Kong Baptist University,Academy of Film,,,FALSE,2026-03-06,2026-03-06,25260536,Full-time,,,https://fa-ewqq-saasfaprod1.fa.ocs.oraclecloud.com/hcmUI/CandidateExperience/en/sites/hkbu/job/25260536
HKBU-25260473,Research Assistant Professor,Assistant Professor,HKBU,Hong Kong Baptist University,Department of Computer Science,,,TRUE,2026-09-28,2026-02-27,25260473,Full-time,,,https://fa-ewqq-saasfaprod1.fa.ocs.oraclecloud.com/hcmUI/CandidateExperience/en/sites/hkbu/job/25260473
HKBU-25260539,"Senior Lecturer / Lecturer I / Lecturer II in Translation, Intercultural Studies",Senior Lecturer/Lecturer,HKBU,Hong Kong Baptist University,Digital Humanities and Transdisciplinary Teaching & General Education,,,FALSE,2026-02-24,2026-02-23,25260539,Full-time,,,https://fa-ewqq-saasfaprod1.fa.ocs.oraclecloud.com/hcmUI/CandidateExperience/en/sites/hkbu/job/25260539
HKBU-25260541,Professor / Associate Professor / Assistant Professor in Language and Culture,Associate Professor,HKBU,Hong Kong Baptist University,Language and Culture,,,FALSE,2026-02-24,2026-02-23,25260541,Full-time,,,https://fa-ewqq-saasfaprod1.fa.ocs.oraclecloud.com/hcmUI/CandidateExperience/en/sites/hkbu/job/25260541
HKBU-25260500,Professor / Associate Professor / Assistant Professor in Management Information Systems,Associate Professor,HKBU,Hong Kong Baptist University,Management Information Systems,,,FALSE,2026-02-23,2026-02-11,25260500,Full-time,,2026,https://fa-ewqq-saasfaprod1.fa.ocs.oraclecloud.com/hcmUI/CandidateExperience/en/sites/hkbu/job/25260500
HKBU-25260440,Lecturer in Psychology and/or Education,Senior Lecturer/Lecturer,HKBU,Hong Kong Baptist University,Psychology and/or Education,,,FALSE,2026-02-23,2026-01-02,25260440,Full-time,,,https://fa-ewqq-saasfaprod1.fa.ocs.oraclecloud.com/hcmUI/CandidateExperience/en/sites/hkbu/job/25260440
HKBU-25260430,Professor / Associate Professor / Assistant Professor,Associate Professor,HKBU,Hong Kong Baptist University,Department of Biology,,,FALSE,2026-02-23,2025-12-29,25260430,Full-time,,,https://fa-ewqq-saasfaprod1.fa.ocs.oraclecloud.com/hcmUI/CandidateExperience/en/sites/hkbu/job/25260430
HKBU-25260418,Post-Doctoral Research Fellow (Sleep and Mental Health Research),Postdoctoral,HKBU,Hong Kong Baptist University,Sleep and Mental Health Research,,,FALSE,2026-02-23,2025-12-24,25260418,Full-time,,,https://fa-ewqq-saasfaprod1.fa.ocs.oraclecloud.com/hcmUI/CandidateExperience/en/sites/hkbu/job/25260418
HKBU-25260326,Director of Internal Audit,Non-Academic,HKBU,Hong Kong Baptist University,Internal Audit,,,FALSE,2026-02-23,2025-12-12,25260326,Full-time,,,https://fa-ewqq-saasfaprod1.fa.ocs.oraclecloud.com/hcmUI/CandidateExperience/en/sites/hkbu/job/25260326
HKBU-25260330,Research Assistant/ Senior Research Assistant (Sleep and Mental Health Research),Research Assistant/Associate,HKBU,Hong Kong Baptist University,Sleep and Mental Health Research,,,FALSE,2026-02-23,2025-11-14,25260330,Full-time,,,https://fa-ewqq-saasfaprod1.fa.ocs.oraclecloud.com/hcmUI/CandidateExperience/en/sites/hkbu/job/25260330
HKBU-25260319,Lecturer II / Assistant Lecturer in Communication,Senior Lecturer/Lecturer,HKBU,Hong Kong Baptist University,Communication,,,FALSE,2026-02-23,2025-11-07,25260319,Full-time,,,https://fa-ewqq-saasfaprod1.fa.ocs.oraclecloud.com/hcmUI/CandidateExperience/en/sites/hkbu/job/25260319
HKBU-25260134,"Research Assistant, Department of Accountancy",Research Assistant/Associate,HKBU,Hong Kong Baptist University,Economics and Finance,,,FALSE,2026-02-23,2025-08-20,25260134,Full-time,,,https://fa-ewqq-saasfaprod1.fa.ocs.oraclecloud.com/hcmUI/CandidateExperience/en/sites/hkbu/job/25260134
HKBU-25260132,"Research Assistant, Department of Management",Research Assistant/Associate,HKBU,Hong Kong Baptist University,Marketing and Information Systems,,,FALSE,2026-02-23,2025-08-18,25260132,Full-time,,,https://fa-ewqq-saasfaprod1.fa.ocs.oraclecloud.com/hcmUI/CandidateExperience/en/sites/hkbu/job/25260132
HKBU-25260023,Post-doctoral Fellow / Senior Research Assistant / Research Assistant,Postdoctoral,HKBU,Hong Kong Baptist University,School of Chinese Medicine,,,FALSE,2026-02-23,2025-07-23,25260023,Full-time,,,https://fa-ewqq-saasfaprod1.fa.ocs.oraclecloud.com/hcmUI/CandidateExperience/en/sites/hkbu/job/25260023
HKBU-24250306,Lecturer I / Lecturer II in English,Senior Lecturer/Lecturer,HKBU,Hong Kong Baptist University,College of International Education,,,FALSE,2026-02-23,2025-06-13,24250306,Full-time,,,https://fa-ewqq-saasfaprod1.fa.ocs.oraclecloud.com/hcmUI/CandidateExperience/en/sites/hkbu/job/24250306
CUHK-fcdc6dcddf,Professor / Associate Professor / Assistant Professor (Embedded and Physical AI),Associate Professor,CUHK,Chinese University of Hong Kong,Department of Information Engineering,,,FALSE,2026-09-25,,,Full-time,,,https://cuhk.taleo.net/careersection/cu_career_teach/jobdetail.ftl?job=260001MB&tz=GMT%2B00%3A00&tzname=UTC
CUHK-5fcf1ba6ec,"Professor / Associate Professor / Assistant Professor (Optical Communication, Quantum Computing and Wireless Systems)",Associate Professor,CUHK,Chinese University of Hong Kong,Department of Information Engineering,,,FALSE,2026-09-25,,,Full-time,,,https://cuhk.taleo.net/careersection/cu_career_teach/jobdetail.ftl?job=260001MC&tz=GMT%2B00%3A00&tzname=UTC
CUHK-64b6deba05,Professor / Associate Professor / Assistant Professor (AI for Health and Science),Associate Professor,CUHK,Chinese University of Hong Kong,Department of Information Engineering,,,FALSE,2026-09-25,,,Full-time,,,https://cuhk.taleo.net/careersection/cu_career_teach/jobdetail.ftl?job=260001M9&tz=GMT%2B00%3A00&tzname=UTC
CUHK-d662bb180c,Part-time Lecturer(s),Senior Lecturer/Lecturer,CUHK,Chinese University of Hong Kong,Office of University General Education,2026-10-15,,FALSE,2026-09-25,,,Part-time,,January 2027,https://cuhk.taleo.net/careersection/cu_career_teach/jobdetail.ftl?job=260001NO&tz=GMT%2B00%3A00&tzname=UTC
CUHK-929bb1df4b,Professor/ Associate Professor/ Assistant Professor in Mathematics Education,Associate Professor,CUHK,Chinese University of Hong Kong,Department of Curriculum and Instruction,,,FALSE,2026-09-25,,,Full-time,,,https://cuhk.taleo.net/careersection/cu_career_teach/jobdetail.ftl?job=260001N9&tz=GMT%2B00%3A00&tzname=UTC
CUHK-6c05e0363e,Professor(s)/ Associate Professor(s) in Quantitative Marketing,Associate Professor,CUHK,Chinese University of Hong Kong,Department of Marketing,2026-10-31,,FALSE,2026-09-25,,,Full-time,,,https://cuhk.taleo.net/careersection/cu_career_teach/jobdetail.ftl?job=260001NU&tz=GMT%2B00%3A00&tzname=UTC
CUHK-f202133164,Professor/ Associate Professor/ Assistant Professor in Education,Associate Professor,CUHK,Chinese University of Hong Kong,Department of Educational Administration and Policy,,,FALSE,2026-09-25,,,Full-time,,,https://cuhk.taleo.net/careersection/cu_career_teach/jobdetail.ftl?job=260001L4&tz=GMT%2B00%3A00&tzname=UTC
CUHK-09cbaf65b0,Research Assistant Professors,Assistant Professor,CUHK,Chinese University of Hong Kong,Department of Mechanical and Automation Engineering,,,FALSE,2026-02-24,,,Full-time,,,https://cuhk.taleo.net/careersection/cu_career_teach/jobdetail.ftl?job=260001JS&tz=GMT%2B00%3A00&tzname=UTC
CUHK-5b2b7c408b,Research Assistant Professor(s),Assistant Professor,CUHK,Chinese University of Hong Kong,Department of Medicine and Therapeutics,,,FALSE,2026-09-18,,,Full-time,,,https://cuhk.taleo.net/careersection/cu_career_teach/jobdetail.ftl?job=260001LE&tz=GMT%2B00%3A00&tzname=UTC
CUHK-fc07560dbb,Part-time Instructors (Full-time – Higher Diploma and Diploma Programmes),Senior Lecturer/Lecturer,CUHK,Chinese University of Hong Kong,School of Continuing and Professional Studies,2026-10-01,,FALSE,2026-03-06,,,Part-time,,January 2027,https://cuhk.taleo.net/careersection/cu_career_teach/jobdetail.ftl?job=260001L7&tz=GMT%2B00%3A00&tzname=UTC
CUHK-4bbce635a9,Part-time Instructors (Part-time Programmes – General Courses and other Professional Continuing Education Programmes),Senior Lecturer/Lecturer,CUHK,Chinese University of Hong Kong,School of Continuing and Professional Studies,2026-10-01,,FALSE,2026-09-18,,,Part-time,,,https://cuhk.taleo.net/careersection/cu_career_teach/jobdetail.ftl?job=260001L8&tz=GMT%2B00%3A00&tzname=UTC
CUHK-c85cf55bbc,Assistant Professor,Assistant Professor,CUHK,Chinese University of Hong Kong,Department of Statistics and Data Science,,,FALSE,2026-09-18,,,Full-time,,Fall 2027 or thereafter,https://cuhk.taleo.net/careersection/cu_career_teach/jobdetail.ftl?job=260001N2&tz=GMT%2B00%3A00&tzname=UTC
CUHK-8db0695222,Research Assistant Professor,Assistant Professor,CUHK,Chinese University of Hong Kong,School of Biomedical Sciences,2026-10-01,,FALSE,2026-07-24,,,Full-time,,Fourth quarter of 2026,https://cuhk.taleo.net/careersection/cu_career_teach/jobdetail.ftl?job=260001LP&tz=GMT%2B00%3A00&tzname=UTC
CUHK-519ab8253f,Assistant Professor (Clinical),Assistant Professor,CUHK,Chinese University of Hong Kong,Accident and Emergency Medicine Academic Unit,2026-10-09,,FALSE,2026-09-17,,,Full-time,,August 2027,https://cuhk.taleo.net/careersection/cu_career_teach/jobdetail.ftl?job=260001LY&tz=GMT%2B00%3A00&tzname=UTC
CUHK-ee37edcfe4,Clinical Professional Consultant,Senior Lecturer/Lecturer,CUHK,Chinese University of Hong Kong,Accident and Emergency Medicine Academic Unit,2026-10-09,,FALSE,2026-09-17,,,Full-time,,Early 2027,https://cuhk.taleo.net/careersection/cu_career_teach/jobdetail.ftl?job=260001M3&tz=GMT%2B00%3A00&tzname=UTC
CUHK-7179dc401e,Research Assistant Professor,Assistant Professor,CUHK,Chinese University of Hong Kong,School of Architecture,,,FALSE,2026-05-01,,,Full-time,,,https://cuhk.taleo.net/careersection/cu_career_teach/jobdetail.ftl?job=260001GL&tz=GMT%2B00%3A00&tzname=UTC
CUHK-e50ea9acf6,Associate/ Assistant Professor in English Literary Studies,Assistant Professor,CUHK,Chinese University of Hong Kong,Department of English,2026-10-31,,FALSE,2026-09-11,,,Full-time,,August 2027,https://cuhk.taleo.net/careersection/cu_career_teach/jobdetail.ftl?job=260001I6&tz=GMT%2B00%3A00&tzname=UTC
CUHK-2e1a342769,Professional Consultant,Non-Academic,CUHK,Chinese University of Hong Kong,Department of Anatomical and Cellular Pathology,,,FALSE,2026-09-11,,,Full-time,,,https://cuhk.taleo.net/careersection/cu_career_teach/jobdetail.ftl?job=260001KV&tz=GMT%2B00%3A00&tzname=UTC
CUHK-f1678971d9,Lecturer,Senior Lecturer/Lecturer,CUHK,Chinese University of Hong Kong,Department of Translation,2026-09-30,,FALSE,2026-09-11,,,Full-time,,January 2027,https://cuhk.taleo.net/careersection/cu_career_teach/jobdetail.ftl?job=260001L2&tz=GMT%2B00%3A00&tzname=UTC
CUHK-a2141a22d0,Research Assistant Professor,Assistant Professor,CUHK,Chinese University of Hong Kong,Institute of Space and Earth Information Science,2026-12-11,,FALSE,2026-09-11,,,Full-time,,,https://cuhk.taleo.net/careersection/cu_career_teach/jobdetail.ftl?job=260001HX&tz=GMT%2B00%3A00&tzname=UTC
CUHK-543a05425e,Clinical Lecturer,Senior Lecturer/Lecturer,CUHK,Chinese University of Hong Kong,Department of Obstetrics and Gynaecology,2026-10-11,,FALSE,2026-09-11,,,Full-time,,,https://cuhk.taleo.net/careersection/cu_career_teach/jobdetail.ftl?job=260001JR&tz=GMT%2B00%3A00&tzname=UTC
CUHK-3719c4606e,Professors / Associate Professors / Assistant Professors,Associate Professor,CUHK,Chinese University of Hong Kong,Department of Mechanical and Automation Engineering,,,FALSE,2026-02-24,,,Full-time,,August 2027,https://cuhk.taleo.net/careersection/cu_career_teach/jobdetail.ftl?job=260001HM&tz=GMT%2B00%3A00&tzname=UTC
CUHK-2e94a2ffe6,Professor(s) / Associate Professor(s) / Assistant Professor(s),Associate Professor,CUHK,Chinese University of Hong Kong,Department of Systems Engineering and Engineering Management,,,FALSE,2026-02-24,,,Full-time,,August 2026 (exact date negotiable),https://cuhk.taleo.net/careersection/cu_career_teach/jobdetail.ftl?job=260001KF&tz=GMT%2B00%3A00&tzname=UTC
CUHK-9dd824fa4c,Assistant Professor(s),Assistant Professor,CUHK,Chinese University of Hong Kong,Gerald Choa Neuroscience Institute,,,FALSE,2026-09-10,,,Full-time,,,https://cuhk.taleo.net/careersection/cu_career_teach/jobdetail.ftl?job=260001IV&tz=GMT%2B00%3A00&tzname=UTC
CUHK-3e3ea8f7a8,Research Assistant Professor(s),Assistant Professor,CUHK,Chinese University of Hong Kong,Department of Ophthalmology and Visual Sciences,,,FALSE,2026-02-24,,,Full-time,,,https://cuhk.taleo.net/careersection/cu_career_teach/jobdetail.ftl?job=260001I7&tz=GMT%2B00%3A00&tzname=UTC
CUHK-393fb625b7,Research Assistant Professor,Assistant Professor,CUHK,Chinese University of Hong Kong,Department of Electronic Engineering,,,FALSE,2026-08-21,,,Full-time,,,https://cuhk.taleo.net/careersection/cu_career_teach/jobdetail.ftl?job=260001HL&tz=GMT%2B00%3A00&tzname=UTC
CUHK-a1c05c6f9d,Professor(s) / Associate Professor(s) / Assistant Professor(s),Associate Professor,CUHK,Chinese University of Hong Kong,Department of Physics,,,FALSE,2026-08-29,,,Full-time,,Academic year 2026-27,https://cuhk.taleo.net/careersection/cu_career_teach/jobdetail.ftl?job=260001F9&tz=GMT%2B00%3A00&tzname=UTC
CUHK-aae2147257,Research Assistant Professor,Assistant Professor,CUHK,Chinese University of Hong Kong,School of Life Sciences,2026-10-31,,FALSE,2026-07-10,,,Full-time,,,https://cuhk.taleo.net/careersection/cu_career_teach/jobdetail.ftl?job=2600012C&tz=GMT%2B00%3A00&tzname=UTC
CUHK-a043d0a6ab,Clinical Lecturer,Senior Lecturer/Lecturer,CUHK,Chinese University of Hong Kong,Department of Orthopaedics and Traumatology,,,FALSE,2026-08-15,,,Full-time,,January 2027 or as soon as possible.,https://cuhk.taleo.net/careersection/cu_career_teach/jobdetail.ftl?job=260001DJ&tz=GMT%2B00%3A00&tzname=UTC
CUHK-4646df3056,Teaching Assistant,Teaching Assistant,CUHK,Chinese University of Hong Kong,School of Hotel and Tourism Management,,,FALSE,2026-04-10,,,Full-time,,October 2026,https://cuhk.taleo.net/careersection/cu_career_teach/jobdetail.ftl?job=260001AO&tz=GMT%2B00%3A00&tzname=UTC
CUHK-263b66d18b,Professor/ Associate Professor/ Assistant Professor (AI and Computational Communication),Associate Professor,CUHK,Chinese University of Hong Kong,School of Journalism and Communication,,,FALSE,2026-08-07,,,Full-time,,August 2027,https://cuhk.taleo.net/careersection/cu_career_teach/jobdetail.ftl?job=260001AA&tz=GMT%2B00%3A00&tzname=UTC
CUHK-56819abe14,Associate Professor(s)/ Assistant Professor(s),Associate Professor,CUHK,Chinese University of Hong Kong,Department of Translation,2026-10-31,,FALSE,2026-08-07,,,Full-time,,,https://cuhk.taleo.net/careersection/cu_career_teach/jobdetail.ftl?job=260001AM&tz=GMT%2B00%3A00&tzname=UTC
CUHK-64f6b71514,Professor / Associate Professor / Assistant Professor (Business Economics),Associate Professor,CUHK,Chinese University of Hong Kong,"Department of Decisions, Operations and Technology",2026-12-31,,FALSE,2026-08-07,,,Full-time,,Fall 2027,https://cuhk.taleo.net/careersection/cu_career_teach/jobdetail.ftl?job=2600015R&tz=GMT%2B00%3A00&tzname=UTC
CUHK-5414f4c2f3,Professor / Associate Professor / Assistant Professor (Operations Management),Associate Professor,CUHK,Chinese University of Hong Kong,"Department of Decisions, Operations and Technology",2026-12-31,,FALSE,2026-08-07,,,Full-time,,,https://cuhk.taleo.net/careersection/cu_career_teach/jobdetail.ftl?job=2600015Q&tz=GMT%2B00%3A00&tzname=UTC
CUHK-9fa7115e59,Research Assistant Professor,Assistant Professor,CUHK,Chinese University of Hong Kong,Institute of Chinese Medicine,,,FALSE,2026-08-07,,,Full-time,,,https://cuhk.taleo.net/careersection/cu_career_teach/jobdetail.ftl?job=260001C1&tz=GMT%2B00%3A00&tzname=UTC
CUHK-ca8f8cfd26,Assistant Professor (Public History),Assistant Professor,CUHK,Chinese University of Hong Kong,Department of History,2026-10-01,,FALSE,2026-07-31,,,Full-time,,"August 2, 2027",https://cuhk.taleo.net/careersection/cu_career_teach/jobdetail.ftl?job=260001AK&tz=GMT%2B00%3A00&tzname=UTC
CUHK-54740ef479,Assistant Professor (Ancient World History),Assistant Professor,CUHK,Chinese University of Hong Kong,Department of History,2026-10-01,,FALSE,2026-07-31,,,Full-time,,"August 2, 2027",https://cuhk.taleo.net/careersection/cu_career_teach/jobdetail.ftl?job=260001AJ&tz=GMT%2B00%3A00&tzname=UTC
CUHK-c6d870a574,Research Assistant Professor(s),Assistant Professor,CUHK,Chinese University of Hong Kong,Department of Physics,,,FALSE,2026-02-24,,,Full-time,,,https://cuhk.taleo.net/careersection/cu_career_teach/jobdetail.ftl?job=2600018U&tz=GMT%2B00%3A00&tzname=UTC
CUHK-a72a4f09e5,Research Assistant Professor,Assistant Professor,CUHK,Chinese University of Hong Kong,Department of Biomedical Engineering,2027-06-01,,FALSE,2026-02-24,,,Full-time,,,https://cuhk.taleo.net/careersection/cu_career_teach/jobdetail.ftl?job=2600016K&tz=GMT%2B00%3A00&tzname=UTC
CUHK-a426f326ce,Clinical Professional Consultant,Senior Lecturer/Lecturer,CUHK,Chinese University of Hong Kong,The Jockey Club School of Public Health and Primary Care,,,FALSE,2026-07-10,,,Full-time,,,https://cuhk.taleo.net/careersection/cu_career_teach/jobdetail.ftl?job=2600014W&tz=GMT%2B00%3A00&tzname=UTC
CUHK-8073195396,Assistant Professor,Assistant Professor,CUHK,Chinese University of Hong Kong,School of Hotel and Tourism Management,2027-01-15,,FALSE,2026-07-10,,,Full-time,,August 2027,https://cuhk.taleo.net/careersection/cu_career_teach/jobdetail.ftl?job=2600011N&tz=GMT%2B00%3A00&tzname=UTC
CUHK-599448ce04,Professor / Associate Professor / Assistant Professor,Associate Professor,CUHK,Chinese University of Hong Kong,School of Hotel and Tourism Management,,,FALSE,2026-07-10,,,Full-time,,August 2027,https://cuhk.taleo.net/careersection/cu_career_teach/jobdetail.ftl?job=2600011M&tz=GMT%2B00%3A00&tzname=UTC
CUHK-0f928abd2b,Teaching Assistant,Teaching Assistant,CUHK,Chinese University of Hong Kong,Department of Mathematics,,,FALSE,2026-02-24,,,Full-time,,,https://cuhk.taleo.net/careersection/cu_career_teach/jobdetail.ftl?job=2600014Z&tz=GMT%2B00%3A00&tzname=UTC
CUHK-31fd921793,Professor(s) / Associate Professor(s) / Assistant Professor(s) (Management Information Systems),Associate Professor,CUHK,Chinese University of Hong Kong,"Department of Decisions, Operations and Technology",2027-02-28,,FALSE,2026-02-24,,,Full-time,,Fall 2027,https://cuhk.taleo.net/careersection/cu_career_teach/jobdetail.ftl?job=2600011X&tz=GMT%2B00%3A00&tzname=UTC
CUHK-08a7aea7d4,Professor / Associate Professor / Assistant Professor,Associate Professor,CUHK,Chinese University of Hong Kong,Department of Psychology,,,FALSE,2026-07-03,,,Full-time,,August 2027,https://cuhk.taleo.net/careersection/cu_career_teach/jobdetail.ftl?job=2600013K&tz=GMT%2B00%3A00&tzname=UTC
CUHK-56d330c3e8,Professors / Associate Professors / Assistant Professors,Associate Professor,CUHK,Chinese University of Hong Kong,School of Accountancy,,,FALSE,2026-02-24,,,Full-time,,July-August 2027,https://cuhk.taleo.net/careersection/cu_career_teach/jobdetail.ftl?job=260000YI&tz=GMT%2B00%3A00&tzname=UTC
CUHK-c3368c5d13,Professor(s) / Associate Professor(s),Associate Professor,CUHK,Chinese University of Hong Kong,Department of Management,,,FALSE,2026-02-24,,,Full-time,,2027,https://cuhk.taleo.net/careersection/cu_career_teach/jobdetail.ftl?job=260000X9&tz=GMT%2B00%3A00&tzname=UTC
CUHK-eea21a993c,Assistant Professor(s),Assistant Professor,CUHK,Chinese University of Hong Kong,Department of Management,,,FALSE,2026-02-24,,,Full-time,,2027,https://cuhk.taleo.net/careersection/cu_career_teach/jobdetail.ftl?job=260000XA&tz=GMT%2B00%3A00&tzname=UTC
CUHK-ec32c7b57a,Professor(s),Professor,CUHK,Chinese University of Hong Kong,Department of Microbiology,,,FALSE,2026-06-12,,,Full-time,,,https://cuhk.taleo.net/careersection/cu_career_teach/jobdetail.ftl?job=260000Z0&tz=GMT%2B00%3A00&tzname=UTC
CUHK-2645bc43bd,Teaching Assistant(s),Teaching Assistant,CUHK,Chinese University of Hong Kong,School of Accountancy,,,FALSE,2026-05-29,,,Full-time,,,https://cuhk.taleo.net/careersection/cu_career_teach/jobdetail.ftl?job=260000W0&tz=GMT%2B00%3A00&tzname=UTC
CUHK-77e0217a57,Professional Consultant(s),Non-Academic,CUHK,Chinese University of Hong Kong,Faculty of Law,,,FALSE,2026-05-15,,,Full-time,,,https://cuhk.taleo.net/careersection/cu_career_teach/jobdetail.ftl?job=260000S0&tz=GMT%2B00%3A00&tzname=UTC
CUHK-def45d5161,Professor,Professor,CUHK,Chinese University of Hong Kong,Faculty of Social Science,,,FALSE,2026-05-15,,,Full-time,,,https://cuhk.taleo.net/careersection/cu_career_teach/jobdetail.ftl?job=260000RI&tz=GMT%2B00%3A00&tzname=UTC
CUHK-16c451fe59,Lecturer,Senior Lecturer/Lecturer,CUHK,Chinese University of Hong Kong,Faculty of Social Science,,,FALSE,2026-05-15,,,Full-time,,August 2026 or as soon as practicable thereafter.,https://cuhk.taleo.net/careersection/cu_career_teach/jobdetail.ftl?job=260000RK&tz=GMT%2B00%3A00&tzname=UTC
CUHK-34704e10ac,Teaching Assistant,Teaching Assistant,CUHK,Chinese University of Hong Kong,Department of Sports Science and Physical Education,,,FALSE,2026-05-15,,,Full-time,,,https://cuhk.taleo.net/careersection/cu_career_teach/jobdetail.ftl?job=260000SF&tz=GMT%2B00%3A00&tzname=UTC
CUHK-c45b242c1f,Part-time Instructor(s) (Cantonese),Senior Lecturer/Lecturer,CUHK,Chinese University of Hong Kong,Yale-China Chinese Language Centre,,,FALSE,2026-02-24,,,Part-time,,,https://cuhk.taleo.net/careersection/cu_career_teach/jobdetail.ftl?job=260000PY&tz=GMT%2B00%3A00&tzname=UTC
CUHK-75242d8883,Professional Consultant(s) (Full-time/ Fractional-time),Non-Academic,CUHK,Chinese University of Hong Kong,Department of Management,,,FALSE,2026-05-08,,,Full-time,,,https://cuhk.taleo.net/careersection/cu_career_teach/jobdetail.ftl?job=260000RT&tz=GMT%2B00%3A00&tzname=UTC
CUHK-4411ee4ff8,Professor/ Associate Professor/ Assistant Professor (Sustainable and Environmental Design),Associate Professor,CUHK,Chinese University of Hong Kong,School of Architecture,,,FALSE,2026-04-10,,,Full-time,,July/August 2027,https://cuhk.taleo.net/careersection/cu_career_teach/jobdetail.ftl?job=260000I9&tz=GMT%2B00%3A00&tzname=UTC
CUHK-467aa9aa1e,Research Assistant Professor(s) / Assistant Professor(s) / Associate Professor(s) / Professor(s),Associate Professor,CUHK,Chinese University of Hong Kong,Faculty of Medicine,,,FALSE,2026-03-27,,,Full-time,,,https://cuhk.taleo.net/careersection/cu_career_teach/jobdetail.ftl?job=260000I1&tz=GMT%2B00%3A00&tzname=UTC
CUHK-04160ad72c,Professor/ Associate Professor,Associate Professor,CUHK,Chinese University of Hong Kong,School of Architecture,,,FALSE,2026-02-24,,,Full-time,,July/August 2024,https://cuhk.taleo.net/careersection/cu_career_teach/jobdetail.ftl?job=230001J4&tz=GMT%2B00%3A00&tzname=UTC
CUHK-5d08948811,Clinical Professional Consultant,Senior Lecturer/Lecturer,CUHK,Chinese University of Hong Kong,Department of Obstetrics and Gynaecology,,,FALSE,2026-02-24,,,Full-time,,,https://cuhk.taleo.net/careersection/cu_career_teach/jobdetail.ftl?job=260000DJ&tz=GMT%2B00%3A00&tzname=UTC
CUHK-83eaf37026,Professor(s) / Associate Professor(s) / Assistant Professor(s),Associate Professor,CUHK,Chinese University of Hong Kong,Department of Electronic Engineering,,,FALSE,2026-02-24,,,Full-time,,,https://cuhk.taleo.net/careersection/cu_career_teach/jobdetail.ftl?job=260000BX&tz=GMT%2B00%3A00&tzname=UTC
CUHK-f0c2ffaf90,Teaching Assistant,Teaching Assistant,CUHK,Chinese University of Hong Kong,Department of Psychology,,,FALSE,2026-03-06,,,Full-time,,August.,https://cuhk.taleo.net/careersection/cu_career_teach/jobdetail.ftl?job=260000C5&tz=GMT%2B00%3A00&tzname=UTC
CUHK-504d4d9c7d,Assistant Professor,Assistant Professor,CUHK,Chinese University of Hong Kong,School of Pharmacy,,,FALSE,2026-02-24,,,Full-time,,,https://cuhk.taleo.net/careersection/cu_career_teach/jobdetail.ftl?job=2600006V&tz=GMT%2B00%3A00&tzname=UTC
CUHK-8cfed41464,Professor(s) / Associate Professor(s) / Assistant Professor(s) (Clinical),Associate Professor,CUHK,Chinese University of Hong Kong,Department of Anaesthesia and Intensive Care,2026-12-31,,FALSE,2026-02-24,,,Full-time,,,https://cuhk.taleo.net/careersection/cu_career_teach/jobdetail.ftl?job=2600007E&tz=GMT%2B00%3A00&tzname=UTC
CUHK-d142119067,Associate Professor/ Assistant Professor in Curriculum Studies,Associate Professor,CUHK,Chinese University of Hong Kong,Department of Curriculum and Instruction,,,FALSE,2026-02-24,,,Full-time,,,https://cuhk.taleo.net/careersection/cu_career_teach/jobdetail.ftl?job=2600004S&tz=GMT%2B00%3A00&tzname=UTC
CUHK-6e98711add,Senior Lecturer/ Lecturer in Curriculum Studies,Senior Lecturer/Lecturer,CUHK,Chinese University of Hong Kong,Department of Curriculum and Instruction,,,FALSE,2026-02-24,,,Full-time,,,https://cuhk.taleo.net/careersection/cu_career_teach/jobdetail.ftl?job=2600004T&tz=GMT%2B00%3A00&tzname=UTC
CUHK-172d516b1c,Professor(s) / Associate Professor(s) / Assistant Professor(s) (Clinical),Associate Professor,CUHK,Chinese University of Hong Kong,Department of Surgery,,,FALSE,2026-02-24,,,Full-time,,,https://cuhk.taleo.net/careersection/cu_career_teach/jobdetail.ftl?job=26000010&tz=GMT%2B00%3A00&tzname=UTC
CUHK-175fc69f85,Professor(s) / Associate Professor(s) / Assistant Professor(s) / Research Assistant Professor(s) (Non-clinical),Associate Professor,CUHK,Chinese University of Hong Kong,Department of Surgery,,,FALSE,2026-02-24,,,Full-time,,,https://cuhk.taleo.net/careersection/cu_career_teach/jobdetail.ftl?job=26000011&tz=GMT%2B00%3A00&tzname=UTC
CUHK-682a68cb49,Assistant Professor,Assistant Professor,CUHK,Chinese University of Hong Kong,Faculty of Social Science,,,FALSE,2026-02-24,,,Full-time,,Academic year 2026-27 or as soon as possible.,https://cuhk.taleo.net/careersection/cu_career_teach/jobdetail.ftl?job=26000004&tz=GMT%2B00%3A00&tzname=UTC
CUHK-3aa5839a37,Senior Lecturer/ Lecturer in Science Education,Senior Lecturer/Lecturer,CUHK,Chinese University of Hong Kong,Department of Curriculum and Instruction,,,FALSE,2026-02-24,,,Full-time,,,https://cuhk.taleo.net/careersection/cu_career_teach/jobdetail.ftl?job=2500024B&tz=GMT%2B00%3A00&tzname=UTC
CUHK-2d8abd6966,Associate Professor/ Assistant Professor in Science Education,Associate Professor,CUHK,Chinese University of Hong Kong,Department of Curriculum and Instruction,,,FALSE,2026-02-24,,,Full-time,,,https://cuhk.taleo.net/careersection/cu_career_teach/jobdetail.ftl?job=2500024A&tz=GMT%2B00%3A00&tzname=UTC
CUHK-bd8ca7a24f,"Professor/ Associate Professor and Chairperson, Department of Educational Administration and Policy",Associate Professor,CUHK,Chinese University of Hong Kong,Department of Educational Administration and Policy,,,FALSE,2026-02-24,,,Full-time,,,https://cuhk.taleo.net/careersection/cu_career_teach/jobdetail.ftl?job=25000216&tz=GMT%2B00%3A00&tzname=UTC
CUHK-f003195ab4,Associate Professor,Associate Professor,CUHK,Chinese University of Hong Kong,Department of Social Work,,,FALSE,2026-02-24,,,Full-time,,,https://cuhk.taleo.net/careersection/cu_career_teach/jobdetail.ftl?job=250000U3&tz=GMT%2B00%3A00&tzname=UTC
CUHK-1180d92454,Professor/ Associate Professor/ Assistant Professor,Associate Professor,CUHK,Chinese University of Hong Kong,Department of Sociology,,,FALSE,2026-02-24,,,Full-time,,,https://cuhk.taleo.net/careersection/cu_career_teach/jobdetail.ftl?job=250001W2&tz=GMT%2B00%3A00&tzname=UTC
CUHK-dc5d7d593e,Assistant Professor(s),Assistant Professor,CUHK,Chinese University of Hong Kong,Department of Physics,,,FALSE,2026-02-24,,,Full-time,,,https://cuhk.taleo.net/careersection/cu_career_teach/jobdetail.ftl?job=250001UP&tz=GMT%2B00%3A00&tzname=UTC
CUHK-1d1d9fd79a,Professors/ Associate Professors/ Assistant Professors,Associate Professor,CUHK,Chinese University of Hong Kong,Department of Mathematics,,,FALSE,2026-02-24,,,Full-time,,August 2026,https://cuhk.taleo.net/careersection/cu_career_teach/jobdetail.ftl?job=250001SJ&tz=GMT%2B00%3A00&tzname=UTC
CUHK-200186797b,Professor(s)/ Associate Professor(s),Associate Professor,CUHK,Chinese University of Hong Kong,Department of Finance,,,FALSE,2026-02-24,,,Full-time,,,https://cuhk.taleo.net/careersection/cu_career_teach/jobdetail.ftl?job=250001TJ&tz=GMT%2B00%3A00&tzname=UTC
CUHK-abd38b1f44,Research Assistant Professors,Assistant Professor,CUHK,Chinese University of Hong Kong,Department of Mathematics,,,FALSE,2026-02-24,,,Full-time,,,https://cuhk.taleo.net/careersection/cu_career_teach/jobdetail.ftl?job=250001SK&tz=GMT%2B00%3A00&tzname=UTC
CUHK-200c4d3dfb,Lecturer,Senior Lecturer/Lecturer,CUHK,Chinese University of Hong Kong,Department of Sociology,,,FALSE,2026-02-24,,,Full-time,,August 2026 or as soon as practicable thereafter.,https://cuhk.taleo.net/careersection/cu_career_teach/jobdetail.ftl?job=250001RA&tz=GMT%2B00%3A00&tzname=UTC
CUHK-68826c0f02,Professor / Associate Professor / Assistant Professor (Clinical),Associate Professor,CUHK,Chinese University of Hong Kong,Department of Anatomical and Cellular Pathology,,,FALSE,2026-02-24,,,Full-time,,,https://cuhk.taleo.net/careersection/cu_career_teach/jobdetail.ftl?job=250001QO&tz=GMT%2B00%3A00&tzname=UTC
CUHK-b525d93109,Clinical Professional Consultant(s),Senior Lecturer/Lecturer,CUHK,Chinese University of Hong Kong,Department of Anatomical and Cellular Pathology,,,FALSE,2026-02-24,,,Full-time,,,https://cuhk.taleo.net/careersection/cu_career_teach/jobdetail.ftl?job=250001QP&tz=GMT%2B00%3A00&tzname=UTC
CUHK-1a21e261a2,Professor / Associate Professor / Assistant Professor,Associate Professor,CUHK,Chinese University of Hong Kong,Department of Anatomical and Cellular Pathology,,,FALSE,2026-02-24,,,Full-time,,,https://cuhk.taleo.net/careersection/cu_career_teach/jobdetail.ftl?job=250001QM&tz=GMT%2B00%3A00&tzname=UTC
CUHK-594f9c0d2f,Research Assistant Professor,Assistant Professor,CUHK,Chinese University of Hong Kong,Chow Yuk Ho Technology Centre for Innovative Medicine,,,FALSE,2026-02-24,,,Full-time,,,https://cuhk.taleo.net/careersection/cu_career_teach/jobdetail.ftl?job=250001HM&tz=GMT%2B00%3A00&tzname=UTC
CUHK-e4956aa6f8,Professor(s) / Associate Professor(s) / Assistant Professor(s) (Educational Leadership and Administration),Associate Professor,CUHK,Chinese University of Hong Kong,Department of Educational Administration and Policy,,,FALSE,2026-02-24,,,Full-time,,,https://cuhk.taleo.net/careersection/cu_career_teach/jobdetail.ftl?job=2500012D&tz=GMT%2B00%3A00&tzname=UTC
CUHK-c04c0dd8a2,Professor(s) / Associate Professor(s) / Assistant Professor(s) (Foundation in Education and Policy Studies in Education),Associate Professor,CUHK,Chinese University of Hong Kong,Department of Educational Administration and Policy,,,FALSE,2026-02-24,,,Full-time,,,https://cuhk.taleo.net/careersection/cu_career_teach/jobdetail.ftl?job=2500012E&tz=GMT%2B00%3A00&tzname=UTC
CUHK-e5a0f55564,Clinical Professor (Teaching) / Associate Clinical Professor (Teaching),Professor,CUHK,Chinese University of Hong Kong,Department of Anatomical and Cellular Pathology,,,FALSE,2026-02-24,,,Full-time,,,https://cuhk.taleo.net/careersection/cu_career_teach/jobdetail.ftl?job=2500012N&tz=GMT%2B00%3A00&tzname=UTC
CUHK-585f413433,Professors/ Associate Professors/ Assistant Professors,Associate Professor,CUHK,Chinese University of Hong Kong,Zhizhen School of Interdisciplinary Mathematical Sciences,,,FALSE,2026-02-24,,,Full-time,,,https://cuhk.taleo.net/careersection/cu_career_teach/jobdetail.ftl?job=250000QR&tz=GMT%2B00%3A00&tzname=UTC
CUHK-1db9507283,Teaching Assistant(s),Teaching Assistant,CUHK,Chinese University of Hong Kong,"Department of Decisions, Operations and Technology",,,FALSE,2026-02-24,,,Full-time,,August 2026,https://cuhk.taleo.net/careersection/cu_career_teach/jobdetail.ftl?job=250000L7&tz=GMT%2B00%3A00&tzname=UTC
CUHK-aefc05f199,Professor(s) / Associate Professor(s) / Assistant Professor(s),Associate Professor,CUHK,Chinese University of Hong Kong,School of Biomedical Sciences,,,FALSE,2026-02-24,,,Full-time,,,https://cuhk.taleo.net/careersection/cu_career_teach/jobdetail.ftl?job=200000QG&tz=GMT%2B00%3A00&tzname=UTC
CUHK-f97c8c8772,Research Assistant Professor,Assistant Professor,CUHK,Chinese University of Hong Kong,Department of Information Engineering,,,FALSE,2026-02-24,,,Full-time,,,https://cuhk.taleo.net/careersection/cu_career_teach/jobdetail.ftl?job=250000JG&tz=GMT%2B00%3A00&tzname=UTC
CUHK-78f84de80d,Professor (Clinical),Professor,CUHK,Chinese University of Hong Kong,"Department of Otorhinolaryngology, Head and Neck Surgery",,,FALSE,2026-02-24,,,Full-time,,,https://cuhk.taleo.net/careersection/cu_career_teach/jobdetail.ftl?job=250000JB&tz=GMT%2B00%3A00&tzname=UTC
CUHK-fe358ee04e,Part-time Lecturer(s),Senior Lecturer/Lecturer,CUHK,Chinese University of Hong Kong,Department of Marketing,,,FALSE,2026-02-24,,,Part-time,,August 2025 (Term 1) or December 2025 (Term 2),https://cuhk.taleo.net/careersection/cu_career_teach/jobdetail.ftl?job=250000I0&tz=GMT%2B00%3A00&tzname=UTC
CUHK-dc43afcf30,Professor(s)/ Associate Professor(s)/ Assistant Professor(s),Associate Professor,CUHK,Chinese University of Hong Kong,Department of Sports Science and Physical Education,,,FALSE,2026-02-24,,,Full-time,,,https://cuhk.taleo.net/careersection/cu_career_teach/jobdetail.ftl?job=250000GT&tz=GMT%2B00%3A00&tzname=UTC
CUHK-cf024ef8d2,Senior Lecturer(s)/Lecturer(s)/Assistant Lecturer(s),Senior Lecturer/Lecturer,CUHK,Chinese University of Hong Kong,Department of Social Work,,,FALSE,2026-02-24,,,Full-time,,August 2025.,https://cuhk.taleo.net/careersection/cu_career_teach/jobdetail.ftl?job=2500009K&tz=GMT%2B00%3A00&tzname=UTC
CUHK-4d0399b959,Lecturer(s),Senior Lecturer/Lecturer,CUHK,Chinese University of Hong Kong,The Nethersole School of Nursing,,,FALSE,2026-02-24,,,Full-time,,,https://cuhk.taleo.net/careersection/cu_career_teach/jobdetail.ftl?job=2500004G&tz=GMT%2B00%3A00&tzname=UTC
CUHK-50d36b81d5,Clinical Professional Consultant(s),Senior Lecturer/Lecturer,CUHK,Chinese University of Hong Kong,Department of Anaesthesia and Intensive Care,,,FALSE,2026-02-24,,,Full-time,,,https://cuhk.taleo.net/careersection/cu_career_teach/jobdetail.ftl?job=2400031I&tz=GMT%2B00%3A00&tzname=UTC
CUHK-7a5ce15bc5,Teaching Assistant,Teaching Assistant,CUHK,Chinese University of Hong Kong,Department of Marketing,,,FALSE,2026-02-24,,,Full-time,,,https://cuhk.taleo.net/careersection/cu_career_teach/jobdetail.ftl?job=240002T4&tz=GMT%2B00%3A00&tzname=UTC
CUHK-55c1509f97,Professor,Professor,CUHK,Chinese University of Hong Kong,Department of Social Work,,,FALSE,2026-02-24,,,Full-time,,,https://cuhk.taleo.net/careersection/cu_career_teach/jobdetail.ftl?job=240002SJ&tz=GMT%2B00%3A00&tzname=UTC
CUHK-014ce03715,Clinical Professional Consultant,Senior Lecturer/Lecturer,CUHK,Chinese University of Hong Kong,Faculty of Medicine,,,FALSE,2026-02-24,,,Full-time,,,https://cuhk.taleo.net/careersection/cu_career_teach/jobdetail.ftl?job=240002E8&tz=GMT%2B00%3A00&tzname=UTC
CUHK-ef532d9d82,Assistant Lecturer(s) / Lecturer(s) (Full-time / Part-time),Senior Lecturer/Lecturer,CUHK,Chinese University of Hong Kong,School of Chinese Medicine,,,FALSE,2026-02-24,,,Part-time,,,https://cuhk.taleo.net/careersection/cu_career_teach/jobdetail.ftl?job=240001OZ&tz=GMT%2B00%3A00&tzname=UTC
CUHK-4c74a02977,Professor / Associate Professor (Landscape Architecture),Associate Professor,CUHK,Chinese University of Hong Kong,School of Architecture,,,FALSE,2026-02-24,,,Full-time,,August 2025,https://cuhk.taleo.net/careersection/cu_career_teach/jobdetail.ftl?job=240001HB&tz=GMT%2B00%3A00&tzname=UTC
CUHK-581c72db9f,Professional Consultant(s) (Full-time / Fractional-time),Non-Academic,CUHK,Chinese University of Hong Kong,School of Chinese Medicine,,,FALSE,2026-02-24,,,Full-time,,,https://cuhk.taleo.net/careersection/cu_career_teach/jobdetail.ftl?job=240001P1&tz=GMT%2B00%3A00&tzname=UTC
CUHK-6e0b877a0a,Professor(s) / Associate Professor(s) / Assistant Professor(s),Associate Professor,CUHK,Chinese University of Hong Kong,The Chinese University of Hong Kong Interdisciplinary Artificial Intelligence Research Institute,,,FALSE,2026-02-24,,,Full-time,,,https://cuhk.taleo.net/careersection/cu_career_teach/jobdetail.ftl?job=240001GL&tz=GMT%2B00%3A00&tzname=UTC
CUHK-9d602d09c0,Assistant / Associate Professor in Digital Technology and Computational Design,Associate Professor,CUHK,Chinese University of Hong Kong,School of Architecture,,,FALSE,2026-02-24,,,Full-time,,,https://cuhk.taleo.net/careersection/cu_career_teach/jobdetail.ftl?job=240000KD&tz=GMT%2B00%3A00&tzname=UTC
CUHK-b22f99ab73,Teaching Assistant(s),Teaching Assistant,CUHK,Chinese University of Hong Kong,Department of Finance,,,FALSE,2026-02-24,,,Full-time,,,https://cuhk.taleo.net/careersection/cu_career_teach/jobdetail.ftl?job=2300034O&tz=GMT%2B00%3A00&tzname=UTC
CUHK-c60fc46b24,Research Assistant Professor(s) / Assistant Professor(s) (non-clinical),Assistant Professor,CUHK,Chinese University of Hong Kong,Department of Psychiatry,,,FALSE,2026-02-24,,,Full-time,,,https://cuhk.taleo.net/careersection/cu_career_teach/jobdetail.ftl?job=230001B4&tz=GMT%2B00%3A00&tzname=UTC
CUHK-f26c141750,"Director, School of Hotel & Tourism Management, CUHK Business School",Non-Academic,CUHK,Chinese University of Hong Kong,School of Hotel and Tourism Management,,,FALSE,2026-02-24,,,Full-time,,,https://cuhk.taleo.net/careersection/cu_career_teach/jobdetail.ftl?job=220002Z2&tz=GMT%2B00%3A00&tzname=UTC
CUHK-eaaf5485ad,Clinical Lecturer(s),Senior Lecturer/Lecturer,CUHK,Chinese University of Hong Kong,Department of Anaesthesia and Intensive Care,,,FALSE,2026-02-24,,,Full-time,,,https://cuhk.taleo.net/careersection/cu_career_teach/jobdetail.ftl?job=220000DH&tz=GMT%2B00%3A00&tzname=UTC
CUHK-f386099c53,Assistant Professor,Assistant Professor,CUHK,Chinese University of Hong Kong,Department of Social Work,,,FALSE,2026-02-24,,,Full-time,,,https://cuhk.taleo.net/careersection/cu_career_teach/jobdetail.ftl?job=210000LA&tz=GMT%2B00%3A00&tzname=UTC
CUHK-b3a3fdfeaa,Assistant Computer Officer,Non-Academic,CUHK,Chinese University of Hong Kong,Faculty of Medicine,,,FALSE,2026-08-28,,,Full-time,,,https://cuhk.taleo.net/careersection/cu_career_non_teach/jobdetail.ftl?job=260001N4&tz=GMT%2B00%3A00&tzname=UTC
CUHK-c0f5e80774,Technician,Non-Academic,CUHK,Chinese University of Hong Kong,Estates Management Office,,,FALSE,2026-03-27,,,Full-time,,,https://cuhk.taleo.net/careersection/cu_career_non_teach/jobdetail.ftl?job=260001MR&tz=GMT%2B00%3A00&tzname=UTC
CUHK-356463879c,Technician,Non-Academic,CUHK,Chinese University of Hong Kong,School of Pharmacy,,,FALSE,2026-09-25,,,Full-time,,,https://cuhk.taleo.net/careersection/cu_career_non_teach/jobdetail.ftl?job=260001NE&tz=GMT%2B00%3A00&tzname=UTC
CUHK-8bad7224c9,Part-time Project Assistant II,Non-Academic,CUHK,Chinese University of Hong Kong,Department of Marketing,,,FALSE,2026-09-25,,,Part-time,,As soon as possible.,https://cuhk.taleo.net/careersection/cu_career_non_teach/jobdetail.ftl?job=260001N8&tz=GMT%2B00%3A00&tzname=UTC
CUHK-a1141861de,Project Co-ordinator II (carrying the job title of ‘Programme Administrator’),Non-Academic,CUHK,Chinese University of Hong Kong,The Nethersole School of Nursing,,,FALSE,2026-07-24,,,Full-time,,,https://cuhk.taleo.net/careersection/cu_career_non_teach/jobdetail.ftl?job=260001NQ&tz=GMT%2B00%3A00&tzname=UTC
CUHK-0e0c6d5b14,School Development Officer(s) I / II,Non-Academic,CUHK,Chinese University of Hong Kong,Hong Kong Institute of Educational Research,,,FALSE,2026-03-27,,,Full-time,,,https://cuhk.taleo.net/careersection/cu_career_non_teach/jobdetail.ftl?job=260001NG&tz=GMT%2B00%3A00&tzname=UTC
CUHK-1398c40508,Full-time/Part-time Computer Technician II (carrying the job title of ‘Software Developer’),Non-Academic,CUHK,Chinese University of Hong Kong,Department of Computer Science and Engineering,,,FALSE,2026-09-25,,,Part-time,,,https://cuhk.taleo.net/careersection/cu_career_non_teach/jobdetail.ftl?job=260001N3&tz=GMT%2B00%3A00&tzname=UTC
CUHK-c9367630c1,Project Co-ordinator II,Other,CUHK,Chinese University of Hong Kong,Centre for Financial Engineering,,,FALSE,2026-09-25,,,Full-time,,,https://cuhk.taleo.net/careersection/cu_career_non_teach/jobdetail.ftl?job=260001LK&tz=GMT%2B00%3A00&tzname=UTC
CUHK-dbbe6d8e8d,"Executive Officer II (carrying the job title of 'Digital Communications Manager'), Marketing and Communications Office",Non-Academic,CUHK,Chinese University of Hong Kong,Faculty of Business Administration,,,FALSE,2026-05-15,,,Full-time,,,https://cuhk.taleo.net/careersection/cu_career_non_teach/jobdetail.ftl?job=260001N5&tz=GMT%2B00%3A00&tzname=UTC
CUHK-d67de1dacb,Clerical Assistant (Patient Care) (Work Location: Wan Chai),Non-Academic,CUHK,Chinese University of Hong Kong,School of Chinese Medicine,,,FALSE,2026-09-25,,,Full-time,,,https://cuhk.taleo.net/careersection/cu_career_non_teach/jobdetail.ftl?job=260001O0&tz=GMT%2B00%3A00&tzname=UTC
CUHK-090af3a2dd,Research Assistant,Research Assistant/Associate,CUHK,Chinese University of Hong Kong,Centre for Learning Enhancement And Research,,,FALSE,2026-06-26,,,Full-time,,,https://cuhk.taleo.net/careersection/cu_career_non_teach/jobdetail.ftl?job=260001NC&tz=GMT%2B00%3A00&tzname=UTC
CUHK-6a25cac4eb,Research Assistant / Junior Research Assistant,Research Assistant/Associate,CUHK,Chinese University of Hong Kong,Department of Anatomical and Cellular Pathology,,,FALSE,2026-02-24,,,Full-time,,,https://cuhk.taleo.net/careersection/cu_career_non_teach/jobdetail.ftl?job=260001LR&tz=GMT%2B00%3A00&tzname=UTC
CUHK-3b97f8996f,Project Co-ordinator II [carrying the job title of ‘Executive (Events)’],Non-Academic,CUHK,Chinese University of Hong Kong,Communications and Public Relations Office,,,FALSE,2026-09-25,,,Full-time,,,https://cuhk.taleo.net/careersection/cu_career_non_teach/jobdetail.ftl?job=260001MH&tz=GMT%2B00%3A00&tzname=UTC
CUHK-0febe8131a,Dental Surgery Assistant,Non-Academic,CUHK,Chinese University of Hong Kong,University Medical Service Office,,,FALSE,2026-09-05,,,Full-time,,,https://cuhk.taleo.net/careersection/cu_career_non_teach/jobdetail.ftl?job=260001NS&tz=GMT%2B00%3A00&tzname=UTC
CUHK-16fa1e5ad9,Executive Officer II (carrying the job title of ‘Assistant Manager – Media and Public Relations’),Non-Academic,CUHK,Chinese University of Hong Kong,Communications and Public Relations Office,,,FALSE,2026-09-25,,,Full-time,,,https://cuhk.taleo.net/careersection/cu_career_non_teach/jobdetail.ftl?job=260001NH&tz=GMT%2B00%3A00&tzname=UTC
CUHK-e24e887f02,Works Supervisor I/II (Housekeeping),Other,CUHK,Chinese University of Hong Kong,Estates Management Office,,,FALSE,2026-05-22,,,Full-time,,,https://cuhk.taleo.net/careersection/cu_career_non_teach/jobdetail.ftl?job=260001MY&tz=GMT%2B00%3A00&tzname=UTC
CUHK-3b44ca1dea,Dental Hygienist,Non-Academic,CUHK,Chinese University of Hong Kong,University Medical Service Office,,,FALSE,2026-05-22,,,Full-time,,,https://cuhk.taleo.net/careersection/cu_career_non_teach/jobdetail.ftl?job=260001NT&tz=GMT%2B00%3A00&tzname=UTC
CUHK-f3649c410c,Estate Manager I (Buildings & Grounds Maintenance),Non-Academic,CUHK,Chinese University of Hong Kong,Estates Management Office,,,FALSE,2026-09-11,,,Full-time,,,https://cuhk.taleo.net/careersection/cu_career_non_teach/jobdetail.ftl?job=260001MI&tz=GMT%2B00%3A00&tzname=UTC
CUHK-7b2f915a4a,Works Supervisor I/II (Building Services – Electrical) (carrying the job title of ‘Maintenance Officer’),Non-Academic,CUHK,Chinese University of Hong Kong,Estates Management Office,,,FALSE,2026-05-08,,,Full-time,,,https://cuhk.taleo.net/careersection/cu_career_non_teach/jobdetail.ftl?job=260001MU&tz=GMT%2B00%3A00&tzname=UTC
CUHK-32978895ce,Executive Officer I (Event Management and Partnership Development),Non-Academic,CUHK,Chinese University of Hong Kong,Knowledge Transfer Office,,,FALSE,2026-09-25,,,Full-time,,,https://cuhk.taleo.net/careersection/cu_career_non_teach/jobdetail.ftl?job=260001NF&tz=GMT%2B00%3A00&tzname=UTC
CUHK-1a55b5ba25,Project Co-ordinator II,Other,CUHK,Chinese University of Hong Kong,Department of Sports Science and Physical Education,,,FALSE,2026-09-25,,,Full-time,,,https://cuhk.taleo.net/careersection/cu_career_non_teach/jobdetail.ftl?job=260001N6&tz=GMT%2B00%3A00&tzname=UTC
CUHK-6e9f1f5014,"Part-time Project Co-ordinator II (carrying the job title of ‘Assistant Administrative Manager’), Office of Taught Postgraduate Programmes",Non-Academic,CUHK,Chinese University of Hong Kong,Faculty of Business Administration,,,FALSE,2026-09-18,,,Part-time,,,https://cuhk.taleo.net/careersection/cu_career_non_teach/jobdetail.ftl?job=260001NV&tz=GMT%2B00%3A00&tzname=UTC
CUHK-a0a17180e7,Executive Officer II,Non-Academic,CUHK,Chinese University of Hong Kong,Accident and Emergency Medicine Academic Unit,,,FALSE,2026-09-25,,,Full-time,,,https://cuhk.taleo.net/careersection/cu_career_non_teach/jobdetail.ftl?job=260001NK&tz=GMT%2B00%3A00&tzname=UTC
CUHK-5a2d38d2f1,Student Counsellor,Non-Academic,CUHK,Chinese University of Hong Kong,Office of Student Affairs,,,FALSE,2026-09-18,,,Full-time,,,https://cuhk.taleo.net/careersection/cu_career_non_teach/jobdetail.ftl?job=260001MF&tz=GMT%2B00%3A00&tzname=UTC
CUHK-7df17edcd7,Assistant Computer Officer,Non-Academic,CUHK,Chinese University of Hong Kong,Information Technology Services Centre,,,FALSE,2026-03-06,,,Full-time,,,https://cuhk.taleo.net/careersection/cu_career_non_teach/jobdetail.ftl?job=260001LI&tz=GMT%2B00%3A00&tzname=UTC
CUHK-a5b10f2a44,Audio-Visual Assistant,Other,CUHK,Chinese University of Hong Kong,Registry,,,FALSE,2026-03-27,,,Full-time,,,https://cuhk.taleo.net/careersection/cu_career_non_teach/jobdetail.ftl?job=260001JD&tz=GMT%2B00%3A00&tzname=UTC
CUHK-91865e6c24,Clerical Assistant,Non-Academic,CUHK,Chinese University of Hong Kong,Shaw College,,,FALSE,2026-04-24,,,Full-time,,,https://cuhk.taleo.net/careersection/cu_career_non_teach/jobdetail.ftl?job=260001LH&tz=GMT%2B00%3A00&tzname=UTC
CUHK-70801570a5,Project Assistant II,Non-Academic,CUHK,Chinese University of Hong Kong,Transport Office,,,FALSE,2026-06-12,,,Full-time,,,https://cuhk.taleo.net/careersection/cu_career_non_teach/jobdetail.ftl?job=260001LO&tz=GMT%2B00%3A00&tzname=UTC
CUHK-cd0d7a0b94,Transport Assistant II (carrying the job title of ‘Assistant Transport Operations Officer’),Non-Academic,CUHK,Chinese University of Hong Kong,Transport Office,,,FALSE,2026-07-17,,,Full-time,,,https://cuhk.taleo.net/careersection/cu_career_non_teach/jobdetail.ftl?job=260001LN&tz=GMT%2B00%3A00&tzname=UTC
CUHK-df6ad33ddb,Executive Officer II,Non-Academic,CUHK,Chinese University of Hong Kong,Office of Admissions and Financial Aid,,,FALSE,2026-08-15,,,Full-time,,,https://cuhk.taleo.net/careersection/cu_career_non_teach/jobdetail.ftl?job=260001LF&tz=GMT%2B00%3A00&tzname=UTC
CUHK-efa56a27d1,Project Co-ordinator II,Other,CUHK,Chinese University of Hong Kong,Office of Admissions and Financial Aid,,,FALSE,2026-03-20,,,Full-time,,,https://cuhk.taleo.net/careersection/cu_career_non_teach/jobdetail.ftl?job=260001M1&tz=GMT%2B00%3A00&tzname=UTC
CUHK-c74b6bdfca,Part-time Project Co-ordinator II,Other,CUHK,Chinese University of Hong Kong,Divinity School of Chung Chi College,,,FALSE,2026-09-18,,,Part-time,,,https://cuhk.taleo.net/careersection/cu_career_non_teach/jobdetail.ftl?job=260001L5&tz=GMT%2B00%3A00&tzname=UTC
CUHK-de423a1dab,Executive Officer II,Non-Academic,CUHK,Chinese University of Hong Kong,Faculty of Medicine,,,FALSE,2026-03-27,,,Full-time,,,https://cuhk.taleo.net/careersection/cu_career_non_teach/jobdetail.ftl?job=260001L9&tz=GMT%2B00%3A00&tzname=UTC
CUHK-d2f4d52a76,Marketing Assistant II (carrying the title of ‘Sales & Marketing Assistant’),Other,CUHK,Chinese University of Hong Kong,The Chinese University of Hong Kong Press,,,FALSE,2026-09-18,,,Full-time,,,https://cuhk.taleo.net/careersection/cu_career_non_teach/jobdetail.ftl?job=260001MA&tz=GMT%2B00%3A00&tzname=UTC
CUHK-38a67b2e75,Technician,Non-Academic,CUHK,Chinese University of Hong Kong,Faculty of Medicine,,,FALSE,2026-07-17,,,Full-time,,,https://cuhk.taleo.net/careersection/cu_career_non_teach/jobdetail.ftl?job=260001LA&tz=GMT%2B00%3A00&tzname=UTC
CUHK-fbca915e9b,Project Co-ordinator II (carrying the job title of ‘Officer’),Non-Academic,CUHK,Chinese University of Hong Kong,Institute of Digestive Disease,,,FALSE,2026-09-18,,,Full-time,,,https://cuhk.taleo.net/careersection/cu_career_non_teach/jobdetail.ftl?job=260001K0&tz=GMT%2B00%3A00&tzname=UTC
CUHK-9977ecd92a,Medical Laboratory Technician II (Haematology Laboratory),Non-Academic,CUHK,Chinese University of Hong Kong,Department of Anatomical and Cellular Pathology,,,FALSE,2026-05-29,,,Full-time,,,https://cuhk.taleo.net/careersection/cu_career_non_teach/jobdetail.ftl?job=260001L0&tz=GMT%2B00%3A00&tzname=UTC
CUHK-81601a4b9d,Part-time Assistant Computer Officer,Non-Academic,CUHK,Chinese University of Hong Kong,Hong Kong Institute of Asia-Pacific Studies,,,FALSE,2026-09-18,,,Part-time,,,https://cuhk.taleo.net/careersection/cu_career_non_teach/jobdetail.ftl?job=260001KQ&tz=GMT%2B00%3A00&tzname=UTC
CUHK-bedf20be0e,Nursing Officer,Non-Academic,CUHK,Chinese University of Hong Kong,Department of Medicine and Therapeutics,,,FALSE,2026-09-18,,,Full-time,,,https://cuhk.taleo.net/careersection/cu_career_non_teach/jobdetail.ftl?job=260001L3&tz=GMT%2B00%3A00&tzname=UTC
CUHK-a5c4af5217,Executive Officer II (carrying the job title of ‘Product Team Lead’),Non-Academic,CUHK,Chinese University of Hong Kong,Department of Psychology,,,FALSE,2026-07-24,,,Full-time,,,https://cuhk.taleo.net/careersection/cu_career_non_teach/jobdetail.ftl?job=260001LT&tz=GMT%2B00%3A00&tzname=UTC
CUHK-4cf2f8b202,"Project Co-ordinator II, AI Hub for Business",Other,CUHK,Chinese University of Hong Kong,Faculty of Business Administration,,,FALSE,2026-09-18,,,Full-time,,,https://cuhk.taleo.net/careersection/cu_career_non_teach/jobdetail.ftl?job=260001ME&tz=GMT%2B00%3A00&tzname=UTC
CUHK-4e44ac12e1,Research Assistant / Junior Research Assistant,Research Assistant/Associate,CUHK,Chinese University of Hong Kong,Department of Clinical Oncology,,,FALSE,2026-09-18,,,Full-time,,,https://cuhk.taleo.net/careersection/cu_career_non_teach/jobdetail.ftl?job=260001LD&tz=GMT%2B00%3A00&tzname=UTC
CUHK-80791c35bf,Part-time Nurse,Non-Academic,CUHK,Chinese University of Hong Kong,The Nethersole School of Nursing,,,FALSE,2026-02-24,,,Part-time,,As soon as possible,https://cuhk.taleo.net/careersection/cu_career_non_teach/jobdetail.ftl?job=260001LX&tz=GMT%2B00%3A00&tzname=UTC
CUHK-5ef7d465e5,Research Assistant/ Junior Research Assistant,Research Assistant/Associate,CUHK,Chinese University of Hong Kong,Department of Psychiatry,,,FALSE,2026-09-18,,,Full-time,,,https://cuhk.taleo.net/careersection/cu_career_non_teach/jobdetail.ftl?job=260001L1&tz=GMT%2B00%3A00&tzname=UTC
CUHK-a8d8c83ba2,Part-time Project Co-ordinator II,Other,CUHK,Chinese University of Hong Kong,The Nethersole School of Nursing,,,FALSE,2026-04-10,,,Part-time,,,https://cuhk.taleo.net/careersection/cu_career_non_teach/jobdetail.ftl?job=260001LW&tz=GMT%2B00%3A00&tzname=UTC
CUHK-04e6648378,Research Assistant(s),Research Assistant/Associate,CUHK,Chinese University of Hong Kong,Department of Medicine and Therapeutics,,,FALSE,2026-03-27,,,Full-time,,,https://cuhk.taleo.net/careersection/cu_career_non_teach/jobdetail.ftl?job=260001LU&tz=GMT%2B00%3A00&tzname=UTC
CUHK-fc3ee184ed,Project Assistant II,Non-Academic,CUHK,Chinese University of Hong Kong,Department of Anatomical and Cellular Pathology,,,FALSE,2026-03-06,,,Full-time,,,https://cuhk.taleo.net/careersection/cu_career_non_teach/jobdetail.ftl?job=260001M6&tz=GMT%2B00%3A00&tzname=UTC
CUHK-fffb5f7a38,Postdoctoral Fellow,Postdoctoral,CUHK,Chinese University of Hong Kong,Department of Anatomical and Cellular Pathology,,,FALSE,2026-02-24,,,Full-time,,,https://cuhk.taleo.net/careersection/cu_career_non_teach/jobdetail.ftl?job=260001LS&tz=GMT%2B00%3A00&tzname=UTC
CUHK-6791575921,Project Co-ordinator II (carrying the job title of ‘Assistant Student Development Manager’),Non-Academic,CUHK,Chinese University of Hong Kong,Office of Student Affairs,,,FALSE,2026-09-18,,,Full-time,,,https://cuhk.taleo.net/careersection/cu_career_non_teach/jobdetail.ftl?job=260001MG&tz=GMT%2B00%3A00&tzname=UTC
CUHK-326d1a1101,Junior Research Assistant,Research Assistant/Associate,CUHK,Chinese University of Hong Kong,Department of English,,,FALSE,2026-07-31,,,Full-time,,,https://cuhk.taleo.net/careersection/cu_career_non_teach/jobdetail.ftl?job=260001M0&tz=GMT%2B00%3A00&tzname=UTC
CUHK-39dabd74b0,Project Co-ordinator II,Other,CUHK,Chinese University of Hong Kong,Department of Anatomical and Cellular Pathology,,,FALSE,2026-09-18,,,Full-time,,,https://cuhk.taleo.net/careersection/cu_career_non_teach/jobdetail.ftl?job=260001M7&tz=GMT%2B00%3A00&tzname=UTC
CUHK-e94240e3e6,Research Associate,Research Assistant/Associate,CUHK,Chinese University of Hong Kong,Faculty of Law,,,FALSE,2026-09-18,,,Full-time,,,https://cuhk.taleo.net/careersection/cu_career_non_teach/jobdetail.ftl?job=260001MD&tz=GMT%2B00%3A00&tzname=UTC
CUHK-2d2fbea188,"Project Co-ordinator II (carrying the job title of ‘Assistant Manager, Career Services’)",Non-Academic,CUHK,Chinese University of Hong Kong,Office of Co-operative Education Programme,,,FALSE,2026-09-18,,,Full-time,,,https://cuhk.taleo.net/careersection/cu_career_non_teach/jobdetail.ftl?job=260001LG&tz=GMT%2B00%3A00&tzname=UTC
CUHK-d0fe581666,Postdoctoral Fellow / Research Associate,Postdoctoral,CUHK,Chinese University of Hong Kong,Department of Anatomical and Cellular Pathology,,,FALSE,2026-02-24,,,Full-time,,,https://cuhk.taleo.net/careersection/cu_career_non_teach/jobdetail.ftl?job=260001K9&tz=GMT%2B00%3A00&tzname=UTC
CUHK-3c1bf5df25,Full-time/Part-time Postdoctoral Fellow,Postdoctoral,CUHK,Chinese University of Hong Kong,Department of Curriculum and Instruction,,,FALSE,2026-09-11,,,Part-time,,March 2027,https://cuhk.taleo.net/careersection/cu_career_non_teach/jobdetail.ftl?job=260001JA&tz=GMT%2B00%3A00&tzname=UTC
CUHK-3d17492425,Part time Research Assistant(s) / Junior Research Assistant(s),Research Assistant/Associate,CUHK,Chinese University of Hong Kong,Department of Psychiatry,,,FALSE,2026-06-26,,,Full-time,,,https://cuhk.taleo.net/careersection/cu_career_non_teach/jobdetail.ftl?job=260001KZ&tz=GMT%2B00%3A00&tzname=UTC
CUHK-2c14dbd142,Executive Officer II,Non-Academic,CUHK,Chinese University of Hong Kong,Department of Obstetrics and Gynaecology,,,FALSE,2026-04-24,,,Full-time,,,https://cuhk.taleo.net/careersection/cu_career_non_teach/jobdetail.ftl?job=260001JL&tz=GMT%2B00%3A00&tzname=UTC
CUHK-fad328c5ad,Research Associate / Research Assistant,Research Assistant/Associate,CUHK,Chinese University of Hong Kong,The Jockey Club School of Public Health and Primary Care,,,FALSE,2026-03-06,,,Full-time,,,https://cuhk.taleo.net/careersection/cu_career_non_teach/jobdetail.ftl?job=260001JC&tz=GMT%2B00%3A00&tzname=UTC
CUHK-732e5af901,Research Assistant,Research Assistant/Associate,CUHK,Chinese University of Hong Kong,School of Pharmacy,,,FALSE,2026-02-24,,,Full-time,,,https://cuhk.taleo.net/careersection/cu_career_non_teach/jobdetail.ftl?job=260001JB&tz=GMT%2B00%3A00&tzname=UTC
CUHK-6c9e9f4e64,Research Assistant,Research Assistant/Associate,CUHK,Chinese University of Hong Kong,Department of Psychiatry,,,FALSE,2026-09-11,,,Full-time,,,https://cuhk.taleo.net/careersection/cu_career_non_teach/jobdetail.ftl?job=260001JJ&tz=GMT%2B00%3A00&tzname=UTC
CUHK-1d9b10153e,Research Associate / Senior Research Assistant (External Fund),Research Assistant/Associate,CUHK,Chinese University of Hong Kong,The Chinese University of Hong Kong Clinical Trial Centre,,,FALSE,2026-09-11,,,Full-time,,,https://cuhk.taleo.net/careersection/cu_career_non_teach/jobdetail.ftl?job=260001JG&tz=GMT%2B00%3A00&tzname=UTC
CUHK-39dadbd6a3,Postdoctoral Fellow,Postdoctoral,CUHK,Chinese University of Hong Kong,School of Biomedical Sciences,,,FALSE,2026-02-24,,,Full-time,,,https://cuhk.taleo.net/careersection/cu_career_non_teach/jobdetail.ftl?job=260001K3&tz=GMT%2B00%3A00&tzname=UTC
CUHK-5c12cabd4f,Research Assistant,Research Assistant/Associate,CUHK,Chinese University of Hong Kong,School of Biomedical Sciences,,,FALSE,2026-02-24,,,Full-time,,,https://cuhk.taleo.net/careersection/cu_career_non_teach/jobdetail.ftl?job=260001K2&tz=GMT%2B00%3A00&tzname=UTC
CUHK-9af11bf3ba,Assistant Computer Officer (6 months),Non-Academic,CUHK,Chinese University of Hong Kong,Human Resources Office,,,FALSE,2026-09-11,,,Full-time,,As soon as possible,https://cuhk.taleo.net/careersection/cu_career_non_teach/jobdetail.ftl?job=260001L6&tz=GMT%2B00%3A00&tzname=UTC
CUHK-324a8c18c7,Nurse,Non-Academic,CUHK,Chinese University of Hong Kong,The Jockey Club School of Public Health and Primary Care,,,FALSE,2026-07-03,,,Full-time,,,https://cuhk.taleo.net/careersection/cu_career_non_teach/jobdetail.ftl?job=260001KT&tz=GMT%2B00%3A00&tzname=UTC
CUHK-7743aa91a4,Nurse (carrying the job title of ‘Research Nurse’),Non-Academic,CUHK,Chinese University of Hong Kong,CUHK Jockey Club Institute of Ageing,,,FALSE,2026-08-21,,,Full-time,,,https://cuhk.taleo.net/careersection/cu_career_non_teach/jobdetail.ftl?job=260001KW&tz=GMT%2B00%3A00&tzname=UTC
CUHK-97a0edc1cc,Part-time Optometrist II(s),Other,CUHK,Chinese University of Hong Kong,Department of Ophthalmology and Visual Sciences,,,FALSE,2026-08-07,,,Part-time,,,https://cuhk.taleo.net/careersection/cu_career_non_teach/jobdetail.ftl?job=260001HT&tz=GMT%2B00%3A00&tzname=UTC
CUHK-a06d8f0319,Postdoctoral Fellow,Postdoctoral,CUHK,Chinese University of Hong Kong,The Nethersole School of Nursing,,,FALSE,2026-03-06,,,Full-time,,,https://cuhk.taleo.net/careersection/cu_career_non_teach/jobdetail.ftl?job=260001J7&tz=GMT%2B00%3A00&tzname=UTC
CUHK-e29d30a2fe,Research Assistant,Research Assistant/Associate,CUHK,Chinese University of Hong Kong,Department of Anatomical and Cellular Pathology,,,FALSE,2026-09-04,,,Full-time,,,https://cuhk.taleo.net/careersection/cu_career_non_teach/jobdetail.ftl?job=260001HR&tz=GMT%2B00%3A00&tzname=UTC
CUHK-e6792d3308,Research Assistant / Junior Research Assistant,Research Assistant/Associate,CUHK,Chinese University of Hong Kong,School of Biomedical Sciences,,,FALSE,2026-02-24,,,Full-time,,,https://cuhk.taleo.net/careersection/cu_career_non_teach/jobdetail.ftl?job=260001H9&tz=GMT%2B00%3A00&tzname=UTC
CUHK-305d573923,Research Assistant(s) / Junior Research Assistant(s),Research Assistant/Associate,CUHK,Chinese University of Hong Kong,The Jockey Club School of Public Health and Primary Care,,,FALSE,2026-02-24,,,Full-time,,As soon as possible.,https://cuhk.taleo.net/careersection/cu_career_non_teach/jobdetail.ftl?job=260001H4&tz=GMT%2B00%3A00&tzname=UTC
CUHK-241796d8e0,Research Assistant (External Fund),Research Assistant/Associate,CUHK,Chinese University of Hong Kong,The Nethersole School of Nursing,,,FALSE,2026-06-05,,,Full-time,,,https://cuhk.taleo.net/careersection/cu_career_non_teach/jobdetail.ftl?job=260001FA&tz=GMT%2B00%3A00&tzname=UTC
CUHK-e07efe9ebe,Part-time Research Assistant,Research Assistant/Associate,CUHK,Chinese University of Hong Kong,Centre for Health Behaviours Research,,,FALSE,2026-08-21,,,Part-time,,As soon as possible,https://cuhk.taleo.net/careersection/cu_career_non_teach/jobdetail.ftl?job=260001FP&tz=GMT%2B00%3A00&tzname=UTC
CUHK-434005ee1a,Research Assistant,Research Assistant/Associate,CUHK,Chinese University of Hong Kong,The Nethersole School of Nursing,,,FALSE,2026-02-24,,,Full-time,,As soon as possible.,https://cuhk.taleo.net/careersection/cu_career_non_teach/jobdetail.ftl?job=260001GF&tz=GMT%2B00%3A00&tzname=UTC
CUHK-46cec6bb72,Postdoctoral Fellow,Postdoctoral,CUHK,Chinese University of Hong Kong,Faculty of Law,,,FALSE,2026-08-15,,,Full-time,,,https://cuhk.taleo.net/careersection/cu_career_non_teach/jobdetail.ftl?job=260001DQ&tz=GMT%2B00%3A00&tzname=UTC
CUHK-62dc7097e7,Full-time/Part-time Research Assistant(s) (AI research and development),Research Assistant/Associate,CUHK,Chinese University of Hong Kong,English Language Teaching Unit,,,FALSE,2026-08-15,,,Part-time,,,https://cuhk.taleo.net/careersection/cu_career_non_teach/jobdetail.ftl?job=260001E7&tz=GMT%2B00%3A00&tzname=UTC
CUHK-33b7c06c74,Postdoctoral Fellow,Postdoctoral,CUHK,Chinese University of Hong Kong,Department of Geography and Resource Management,,,FALSE,2026-02-24,,,Full-time,,,https://cuhk.taleo.net/careersection/cu_career_non_teach/jobdetail.ftl?job=260001E6&tz=GMT%2B00%3A00&tzname=UTC
CUHK-80cbc865df,Full-time/Part-time Research Assistant(s),Research Assistant/Associate,CUHK,Chinese University of Hong Kong,English Language Teaching Unit,,,FALSE,2026-07-24,,,Part-time,,,https://cuhk.taleo.net/careersection/cu_career_non_teach/jobdetail.ftl?job=260001E2&tz=GMT%2B00%3A00&tzname=UTC
CUHK-6a6ff840f2,Full-time/ Part-time Research Assistant(s),Research Assistant/Associate,CUHK,Chinese University of Hong Kong,Department of Ophthalmology and Visual Sciences,,,FALSE,2026-08-07,,,Part-time,,,https://cuhk.taleo.net/careersection/cu_career_non_teach/jobdetail.ftl?job=260001BE&tz=GMT%2B00%3A00&tzname=UTC
CUHK-ad9d717cf4,Postdoctoral Fellow,Postdoctoral,CUHK,Chinese University of Hong Kong,Department of Information Engineering,,,FALSE,2026-07-31,,,Full-time,,,https://cuhk.taleo.net/careersection/cu_career_non_teach/jobdetail.ftl?job=260001A1&tz=GMT%2B00%3A00&tzname=UTC
CUHK-df01e3d85f,Research Assistant,Research Assistant/Associate,CUHK,Chinese University of Hong Kong,School of Life Sciences,,,FALSE,2026-02-24,,,Full-time,,,https://cuhk.taleo.net/careersection/cu_career_non_teach/jobdetail.ftl?job=260001A9&tz=GMT%2B00%3A00&tzname=UTC
CUHK-ed2acd2dfc,Postdoctoral Fellow(s) (AI Infrastructure and Systems for Next-generation AI Chips),Postdoctoral,CUHK,Chinese University of Hong Kong,Department of Information Engineering,,,FALSE,2026-07-31,,,Full-time,,,https://cuhk.taleo.net/careersection/cu_career_non_teach/jobdetail.ftl?job=2600018Y&tz=GMT%2B00%3A00&tzname=UTC
CUHK-b8a86f01b1,Research Associate / Research Assistant,Research Assistant/Associate,CUHK,Chinese University of Hong Kong,School of Pharmacy,,,FALSE,2026-07-17,,,Full-time,,,https://cuhk.taleo.net/careersection/cu_career_non_teach/jobdetail.ftl?job=2600016P&tz=GMT%2B00%3A00&tzname=UTC
CUHK-fbd51621c4,Research Assistant,Research Assistant/Associate,CUHK,Chinese University of Hong Kong,Department of Finance,,,FALSE,2026-02-24,,,Full-time,,,https://cuhk.taleo.net/careersection/cu_career_non_teach/jobdetail.ftl?job=2600017D&tz=GMT%2B00%3A00&tzname=UTC
CUHK-da30c66108,Research Assistant,Research Assistant/Associate,CUHK,Chinese University of Hong Kong,Department of Orthopaedics and Traumatology,,,FALSE,2026-02-24,,,Full-time,,,https://cuhk.taleo.net/careersection/cu_career_non_teach/jobdetail.ftl?job=2600016W&tz=GMT%2B00%3A00&tzname=UTC
CUHK-4409246b21,Postdoctoral Fellow,Postdoctoral,CUHK,Chinese University of Hong Kong,Department of Sociology,,,FALSE,2026-07-17,,,Full-time,,2027-06-01,https://cuhk.taleo.net/careersection/cu_career_non_teach/jobdetail.ftl?job=26000175&tz=GMT%2B00%3A00&tzname=UTC
CUHK-458a1b4a89,Junior Research Assistant,Research Assistant/Associate,CUHK,Chinese University of Hong Kong,School of Architecture,,,FALSE,2026-07-10,,,Full-time,,,https://cuhk.taleo.net/careersection/cu_career_non_teach/jobdetail.ftl?job=2600013V&tz=GMT%2B00%3A00&tzname=UTC
CUHK-cb2d414080,Research Assistant(s),Research Assistant/Associate,CUHK,Chinese University of Hong Kong,Department of Surgery,,,FALSE,2026-02-24,,,Full-time,,,https://cuhk.taleo.net/careersection/cu_career_non_teach/jobdetail.ftl?job=26000139&tz=GMT%2B00%3A00&tzname=UTC
CUHK-7160c07184,"Functional Manager, Office of EMBA (Chinese) Programme",Non-Academic,CUHK,Chinese University of Hong Kong,Faculty of Business Administration,,,FALSE,2026-07-03,,,Full-time,,As soon as possible,https://cuhk.taleo.net/careersection/cu_career_non_teach/jobdetail.ftl?job=260000AD&tz=GMT%2B00%3A00&tzname=UTC
CUHK-a01e649202,Research Assistant(s) / Junior Research Assistant(s),Research Assistant/Associate,CUHK,Chinese University of Hong Kong,Department of Ophthalmology and Visual Sciences,,,FALSE,2026-02-24,,,Full-time,,,https://cuhk.taleo.net/careersection/cu_career_non_teach/jobdetail.ftl?job=2600010Y&tz=GMT%2B00%3A00&tzname=UTC
CUHK-a908839487,http://career.cuhk.edu.hk,Other,CUHK,Chinese University of Hong Kong,Chinese University of Hong Kong,,,FALSE,2026-07-31,,,Full-time,,,http://career.cuhk.edu.hk
HKMU-2600240,Senior Lecturer/ Lecturer (English for Academic Purposes) (A&SS),Senior Lecturer/Lecturer,HKMU,Hong Kong Metropolitan University,Wu Jieh Yee School of Arts and Social Sciences,2026-10-04,,FALSE,2026-09-26,,2600240,Full-time,,,https://hkmu.taleo.net/careersection/ex_full_time/jobdetail.ftl?job=2600240&tz=GMT%2B00%3A00&tzname=UTC
HKMU-260023K,Assistant Public Affairs Manager (PAO),Non-Academic,HKMU,Hong Kong Metropolitan University,Public Affairs Office,2026-10-07,,FALSE,2026-09-24,,260023K,Full-time,,,https://hkmu.taleo.net/careersection/ex_full_time/jobdetail.ftl?job=260023K&tz=GMT%2B00%3A00&tzname=UTC
HKMU-2600230,Systems Analyst (OPA),Non-Academic,HKMU,Hong Kong Metropolitan University,Office of Planning and Analysis,2026-10-01,,FALSE,2026-09-19,,2600230,Full-time,,,https://hkmu.taleo.net/careersection/ex_full_time/jobdetail.ftl?job=2600230&tz=GMT%2B00%3A00&tzname=UTC
HKMU-260022Y,Project Officer (OPA),Non-Academic,HKMU,Hong Kong Metropolitan University,Office of Planning and Analysis,2026-10-01,,FALSE,2026-09-19,,260022Y,Full-time,,,https://hkmu.taleo.net/careersection/ex_full_time/jobdetail.ftl?job=260022Y&tz=GMT%2B00%3A00&tzname=UTC
HKMU-260022Z,Assistant Facilities Manager (Building Services) (FMO),Non-Academic,HKMU,Hong Kong Metropolitan University,Facilities Management Office,2026-10-02,,FALSE,2026-09-19,,260022Z,Full-time,,,https://hkmu.taleo.net/careersection/ex_full_time/jobdetail.ftl?job=260022Z&tz=GMT%2B00%3A00&tzname=UTC
HKMU-260022X,Facilities Manager (Contract & Cost Management) (FMO),Non-Academic,HKMU,Hong Kong Metropolitan University,Facilities Management Office,2026-10-02,,FALSE,2026-09-19,,260022X,Full-time,,,https://hkmu.taleo.net/careersection/ex_full_time/jobdetail.ftl?job=260022X&tz=GMT%2B00%3A00&tzname=UTC
HKMU-260022O,"Manager, MIAO (International)",Non-Academic,HKMU,Hong Kong Metropolitan University,Mainland and International Affairs Office,2026-10-01,,FALSE,2026-09-18,,260022O,Full-time,,,https://hkmu.taleo.net/careersection/ex_full_time/jobdetail.ftl?job=260022O&tz=GMT%2B00%3A00&tzname=UTC
HKMU-260022K,Assistant Manager / Library Officer (Library Systems and Technology) (LIB),Non-Academic,HKMU,Hong Kong Metropolitan University,Library,2026-10-04,,FALSE,2026-09-18,,260022K,Full-time,,,https://hkmu.taleo.net/careersection/ex_full_time/jobdetail.ftl?job=260022K&tz=GMT%2B00%3A00&tzname=UTC
HKMU-260022B,Assistant Academic Support Officer (Human Resources) (N&HS),Non-Academic,HKMU,Hong Kong Metropolitan University,School of Nursing and Health Sciences,2026-09-30,,FALSE,2026-09-17,,260022B,Full-time,,,https://hkmu.taleo.net/careersection/ex_full_time/jobdetail.ftl?job=260022B&tz=GMT%2B00%3A00&tzname=UTC
HKMU-2600221,Teaching Assistant (Animation and Visual Effects) (A&SS),Teaching Assistant,HKMU,Hong Kong Metropolitan University,Wu Jieh Yee School of Arts and Social Sciences,2026-09-29,,FALSE,2026-09-16,,2600221,Full-time,,,https://hkmu.taleo.net/careersection/ex_full_time/jobdetail.ftl?job=2600221&tz=GMT%2B00%3A00&tzname=UTC
HKMU-260021X,Teaching Assistant (New Music and Interactive Entertainment Programme) (A&SS),Teaching Assistant,HKMU,Hong Kong Metropolitan University,Wu Jieh Yee School of Arts and Social Sciences,2026-09-29,,FALSE,2026-09-16,,260021X,Full-time,,,https://hkmu.taleo.net/careersection/ex_full_time/jobdetail.ftl?job=260021X&tz=GMT%2B00%3A00&tzname=UTC
HKMU-26001UB,Full-time Research Assistant II (R6A17) (A&SS),Research Assistant/Associate,HKMU,Hong Kong Metropolitan University,Wu Jieh Yee School of Arts and Social Sciences,2026-09-30,,FALSE,2026-08-20,,26001UB,Full-time,,,https://hkmu.taleo.net/careersection/ex_full_time/jobdetail.ftl?job=26001UB&tz=GMT%2B00%3A00&tzname=UTC
HKMU-26001HQ,Research Associate/Postdoc (N&HS),Postdoctoral,HKMU,Hong Kong Metropolitan University,School of Nursing and Health Sciences,2026-09-30,,FALSE,2026-07-08,,26001HQ,Full-time,,,https://hkmu.taleo.net/careersection/ex_full_time/jobdetail.ftl?job=26001HQ&tz=GMT%2B00%3A00&tzname=UTC
HKMU-260008U,Associate Professor / Assistant Professor (Nursing) (N&HS),Associate Professor,HKMU,Hong Kong Metropolitan University,School of Nursing and Health Sciences,,,FALSE,2026-03-02,,260008U,Full-time,,,https://hkmu.taleo.net/careersection/ex_full_time/jobdetail.ftl?job=260008U&tz=GMT%2B00%3A00&tzname=UTC
HKMU-260023P,Part-time Teaching Assistants of ENGL 3370EEF and ENGL 3373EEF (2026 Autumn Term),Teaching Assistant,HKMU,Hong Kong Metropolitan University,School of Education and Languages,2026-10-05,,FALSE,2026-09-26,,260023P,Part-time,,,https://hkmu.taleo.net/careersection/ex_non_full_time/jobdetail.ftl?job=260023P&tz=GMT%2B00%3A00&tzname=UTC
HKMU-260023U,Part-time Lecturers of ENGL 1202EEF (2027 Spring Term),Senior Lecturer/Lecturer,HKMU,Hong Kong Metropolitan University,School of Education and Languages,2026-10-09,,FALSE,2026-09-26,,260023U,Part-time,,January 2027,https://hkmu.taleo.net/careersection/ex_non_full_time/jobdetail.ftl?job=260023U&tz=GMT%2B00%3A00&tzname=UTC
HKMU-260023X,Temporary Lecturers of ENGL 1202EEF (2027 Spring Term) (E&L),Senior Lecturer/Lecturer,HKMU,Hong Kong Metropolitan University,School of Education and Languages,2026-10-09,,FALSE,2026-09-26,,260023X,Fixed-term,,January 2027,https://hkmu.taleo.net/careersection/ex_non_full_time/jobdetail.ftl?job=260023X&tz=GMT%2B00%3A00&tzname=UTC
HKMU-2600231,Part-time Teaching Assistant(s) (Construction and Quality Management) (2026 Autumn Term) (S&T),Teaching Assistant,HKMU,Hong Kong Metropolitan University,School of Science and Technology,2026-10-07,,FALSE,2026-09-24,,2600231,Part-time,,,https://hkmu.taleo.net/careersection/ex_non_full_time/jobdetail.ftl?job=2600231&tz=GMT%2B00%3A00&tzname=UTC
HKMU-260023I,Temporary Research Assistant II (Project Code: R6958) (A&SS),Research Assistant/Associate,HKMU,Hong Kong Metropolitan University,Wu Jieh Yee School of Arts and Social Sciences,2026-10-09,,FALSE,2026-09-24,,260023I,Fixed-term,,October 2026,https://hkmu.taleo.net/careersection/ex_non_full_time/jobdetail.ftl?job=260023I&tz=GMT%2B00%3A00&tzname=UTC
HKMU-2600238,Part-time Research Assistant(s) I/II (Project no.: R7068) (A&SS),Research Assistant/Associate,HKMU,Hong Kong Metropolitan University,Wu Jieh Yee School of Arts and Social Sciences,2026-10-04,,FALSE,2026-09-24,,2600238,Part-time,,,https://hkmu.taleo.net/careersection/ex_non_full_time/jobdetail.ftl?job=2600238&tz=GMT%2B00%3A00&tzname=UTC
HKMU-2600237,Temporary Research Assistant I (Project No: R6980) (E&L),Research Assistant/Associate,HKMU,Hong Kong Metropolitan University,School of Education and Languages,2026-09-30,,FALSE,2026-09-23,,2600237,Fixed-term,,,https://hkmu.taleo.net/careersection/ex_non_full_time/jobdetail.ftl?job=2600237&tz=GMT%2B00%3A00&tzname=UTC
HKMU-2600236,Part-time Teaching Assistant of GEN E143CF and GEN 1043ECF (2026 Autumn Term) (E&L),Teaching Assistant,HKMU,Hong Kong Metropolitan University,School of Education and Languages,2026-09-29,,FALSE,2026-09-22,,2600236,Part-time,,,https://hkmu.taleo.net/careersection/ex_non_full_time/jobdetail.ftl?job=2600236&tz=GMT%2B00%3A00&tzname=UTC
HKMU-260022M,Temporary Research Assistant II (N&HS),Research Assistant/Associate,HKMU,Hong Kong Metropolitan University,School of Nursing and Health Sciences,2026-10-01,,FALSE,2026-09-18,,260022M,Fixed-term,,,https://hkmu.taleo.net/careersection/ex_non_full_time/jobdetail.ftl?job=260022M&tz=GMT%2B00%3A00&tzname=UTC
HKMU-2600229,Temporary Research Assistant II (N&HS),Research Assistant/Associate,HKMU,Hong Kong Metropolitan University,School of Nursing and Health Sciences,2026-10-01,,FALSE,2026-09-18,,2600229,Fixed-term,,,https://hkmu.taleo.net/careersection/ex_non_full_time/jobdetail.ftl?job=2600229&tz=GMT%2B00%3A00&tzname=UTC
HKMU-260021E,Temporary Research Assistant I (Artificial Intelligence or Data Science) (N&HS),Research Assistant/Associate,HKMU,Hong Kong Metropolitan University,School of Nursing and Health Sciences,2026-10-10,,FALSE,2026-09-12,,260021E,Fixed-term,,,https://hkmu.taleo.net/careersection/ex_non_full_time/jobdetail.ftl?job=260021E&tz=GMT%2B00%3A00&tzname=UTC
HKMU-26001WK,Part-time Research Assistants (Project No.: 40025) (E&L),Research Assistant/Associate,HKMU,Hong Kong Metropolitan University,School of Education and Languages,2026-09-30,,FALSE,2026-08-26,,26001WK,Part-time,,,https://hkmu.taleo.net/careersection/ex_non_full_time/jobdetail.ftl?job=26001WK&tz=GMT%2B00%3A00&tzname=UTC
HKMU-26001WI,Part-time Technical Assistants (Project No.: 40025) (E&L),Other,HKMU,Hong Kong Metropolitan University,School of Education and Languages,2026-09-30,,FALSE,2026-08-26,,26001WI,Part-time,,,https://hkmu.taleo.net/careersection/ex_non_full_time/jobdetail.ftl?job=26001WI&tz=GMT%2B00%3A00&tzname=UTC
HSU-3850,Associate Professor(s) / Assistant Professor(s),Associate Professor,HSU,Hang Seng University of Hong Kong,Department of Accountancy,,,FALSE,2026-08-15,,3850,Full-time,,,https://recruit.hsu.edu.hk/opening/content.php?id=3850
HSU-3847,Assistant Professor,Assistant Professor,HSU,Hang Seng University of Hong Kong,Department of Computer Science,,,FALSE,2026-08-15,,3847,Full-time,,,https://recruit.hsu.edu.hk/opening/content.php?id=3847
HSU-3715,Associate Professor / Assistant Professor (Full-time),Associate Professor,HSU,Hang Seng University of Hong Kong,Department of Management,,,FALSE,2026-03-02,,3715,Full-time,,,https://recruit.hsu.edu.hk/opening/content.php?id=3715
HSU-3790,Assistant Professor,Assistant Professor,HSU,Hang Seng University of Hong Kong,"Department of Mathematics, Statistics and Insurance",,,FALSE,2026-06-06,,3790,Full-time,,,https://recruit.hsu.edu.hk/opening/content.php?id=3790
HSU-3875,Part-time Lecturer,Senior Lecturer/Lecturer,HSU,Hang Seng University of Hong Kong,"Department of Mathematics, Statistics and Insurance",2026-10-04,,FALSE,2026-09-19,,3875,Part-time,,January 2027,https://recruit.hsu.edu.hk/opening/content.php?id=3875
HSU-3858,Associate Professor / Assistant Professor (Full-time),Associate Professor,HSU,Hang Seng University of Hong Kong,Department of Supply Chain and Information Management,,,FALSE,2026-08-22,,3858,Full-time,,,https://recruit.hsu.edu.hk/opening/content.php?id=3858
HSU-3876,Senior Student Counsellor,Non-Academic,HSU,Hang Seng University of Hong Kong,Student Affairs Office,2026-10-04,,FALSE,2026-09-19,,3876,Full-time,,,https://recruit.hsu.edu.hk/opening/content.php?id=3876
HSU-3883,Executive Assistant,Non-Academic,HSU,Hang Seng University of Hong Kong,School of Translation and Foreign Languages,2026-10-11,,FALSE,2026-09-26,,3883,Full-time,,,https://recruit.hsu.edu.hk/opening/content.php?id=3883
HSU-3879,Assistant Manager / Senior Executive Officer,Non-Academic,HSU,Hang Seng University of Hong Kong,Institute of Knowledge Exchange,2026-10-11,,FALSE,2026-09-26,,3879,Full-time,,,https://recruit.hsu.edu.hk/opening/content.php?id=3879
HSU-3878,Technical Officer,Non-Academic,HSU,Hang Seng University of Hong Kong,Information Technology Services Centre,2026-10-11,,FALSE,2026-09-26,,3878,Full-time,,,https://recruit.hsu.edu.hk/opening/content.php?id=3878
HSU-3877,Executive Officer / Assistant Officer,Non-Academic,HSU,Hang Seng University of Hong Kong,Department of Marketing,2026-10-11,,FALSE,2026-09-26,,3877,Full-time,,,https://recruit.hsu.edu.hk/opening/content.php?id=3877
HSU-3873,Procurement Assistant,Non-Academic,HSU,Hang Seng University of Hong Kong,Finance Office,2026-10-04,,FALSE,2026-09-19,,3873,Full-time,,,https://recruit.hsu.edu.hk/opening/content.php?id=3873
HSU-3874,Executive Officer,Non-Academic,HSU,Hang Seng University of Hong Kong,Global Affairs Office,2026-10-04,,FALSE,2026-09-19,,3874,Full-time,,,https://recruit.hsu.edu.hk/opening/content.php?id=3874
HSU-3882,Department of Supply Chain and Information Management,Other,HSU,Hang Seng University of Hong Kong,Senior Research Assistant,2026-10-04,,FALSE,2026-09-26,,3882,Full-time,,,https://recruit.hsu.edu.hk/opening/content.php?id=3882
HSU-3881,Department of Supply Chain and Information Management,Other,HSU,Hang Seng University of Hong Kong,Postdoctoral Fellow,2026-10-04,,FALSE,2026-09-26,,3881,Full-time,,25 September 2026,https://recruit.hsu.edu.hk/opening/content.php?id=3881
HSU-3880,Department of Supply Chain and Information Management,Other,HSU,Hang Seng University of Hong Kong,Postdoctoral Fellow (Full-time / Part-time),2026-10-04,,FALSE,2026-09-26,,3880,Full-time,,,https://recruit.hsu.edu.hk/opening/content.php?id=3880
HSU-3863,Executive Officer,Non-Academic,HSU,Hang Seng University of Hong Kong,Department of Social Science,2026-09-27,,FALSE,2026-09-12,,3863,Full-time,,,https://recruit.hsu.edu.hk/opening/content.php?id=3863
HSU-3868,"Assistant Manager, Financial Planning",Non-Academic,HSU,Hang Seng University of Hong Kong,Finance Office,2026-09-27,,FALSE,2026-09-12,,3868,Full-time,,,https://recruit.hsu.edu.hk/opening/content.php?id=3868
HSU-3867,Library Assistant I/ Library Assistant II (Collections and Technical Services),Other,HSU,Hang Seng University of Hong Kong,Library,2026-09-27,,FALSE,2026-09-12,,3867,Full-time,,,https://recruit.hsu.edu.hk/opening/content.php?id=3867
HSU-3865,Executive Officer / Assistant Officer,Non-Academic,HSU,Hang Seng University of Hong Kong,School of Translation and Foreign Languages,2026-09-27,,FALSE,2026-09-12,,3865,Full-time,,,https://recruit.hsu.edu.hk/opening/content.php?id=3865
HSU-3870,體育助理,Other,HSU,Hang Seng University of Hong Kong,學生事務處,2026-09-27,,FALSE,2026-09-12,,3870,Full-time,,,https://recruit.hsu.edu.hk/opening/content.php?id=3870
HSU-3869,兼職體育助理,Other,HSU,Hang Seng University of Hong Kong,學生事務處,2026-09-27,,FALSE,2026-09-12,,3869,Full-time,,,https://recruit.hsu.edu.hk/opening/content.php?id=3869
HSU-3866,Department of Computer Science,Other,HSU,Hang Seng University of Hong Kong,Research Associate / Senior Research Assistant / Research Assistant,2026-09-27,,FALSE,2026-09-12,,3866,Full-time,,,https://recruit.hsu.edu.hk/opening/content.php?id=3866
SFU-e49c261ed3,Director of Finance & Estates Office,Non-Academic,SFU,Saint Francis University,Saint Francis University,,,FALSE,2026-07-18,,26/90/FEO/D,Full-time,,,https://www.sfu.edu.hk/en/career/deanship-headship-positions/index.html#:~:text=Director%20of%20Finance%20%26%20Estates%20Office
SFU-ee41921fb4,Director of Student Affairs,Non-Academic,SFU,Saint Francis University,Saint Francis University,,,FALSE,2026-06-19,,26/75/SAO/D,Full-time,,,https://www.sfu.edu.hk/en/career/deanship-headship-positions/index.html#:~:text=Director%20of%20Student%20Affairs
SFU-ae662f7466,Assistant Professor / Senior Lecturer / Lecturer,Assistant Professor,SFU,Saint Francis University,Faith Hope Love Department of General Education,,,FALSE,2026-09-23,,26/132/GELS/ACAD,Full-time,,,https://www.sfu.edu.hk/en/career/academic-teaching-positions/index.html#:~:text=Assistant%20Professor%20%2F%20Senior%20Lecturer%20%2F%20Lecturer
SFU-7bf1974eb0,Lecturer (Fashion Design),Senior Lecturer/Lecturer,SFU,Saint Francis University,Irene Lam Department of Design,,,FALSE,2026-09-02,,26/120/DES/ACAD,Full-time,,,https://www.sfu.edu.hk/en/career/academic-teaching-positions/index.html#:~:text=Lecturer%20%28Fashion%20Design%29
SFU-acb232cc93,Professor (Film and Creative Entertainment),Professor,SFU,Saint Francis University,Irene Lam Department of Design,,,FALSE,2026-09-02,,26/119/DES/ACAD,Full-time,,,https://www.sfu.edu.hk/en/career/academic-teaching-positions/index.html#:~:text=Professor%20%28Film%20and%20Creative%20Entertainment%29
SFU-32fc351f84,Professor (Design),Professor,SFU,Saint Francis University,Irene Lam Department of Design,,,FALSE,2026-09-02,,26/118/DES/ACAD,Full-time,,,https://www.sfu.edu.hk/en/career/academic-teaching-positions/index.html#:~:text=Professor%20%28Design%29
SFU-dab1c3eed7,Professor,Professor,SFU,Saint Francis University,Saint Francis University,,,FALSE,2026-09-02,,26/116/ACAD,Full-time,,,https://www.sfu.edu.hk/en/career/academic-teaching-positions/index.html#:~:text=Professor
SFU-27cf15388f,Professor in Physiotherapy,Professor,SFU,Saint Francis University,S.K. Yee School of Health Sciences,,,FALSE,2026-08-12,,26/105/HS/ACAD/ICEC,Full-time,,,https://www.sfu.edu.hk/en/career/academic-teaching-positions/index.html#:~:text=Professor%20in%20Physiotherapy
SFU-88c4fb1cdd,Professor/ Professor of Practice/ Associate Professor/ Associate Professor of Practice,Associate Professor,SFU,Saint Francis University,S.K. Yee School of Health Sciences,,,FALSE,2026-07-10,,26/78/HS/ACAD,Full-time,,,https://www.sfu.edu.hk/en/career/academic-teaching-positions/index.html#:~:text=Professor%2F%20Professor%20of%20Practice%2F%20Associate%20Professor%2F%20Associate%20Professor
SFU-b64f404e0d,Assistant Professors/ Senior Lecturers/ Lecturers,Assistant Professor,SFU,Saint Francis University,S.K. Yee School of Health Sciences,,,FALSE,2026-05-22,,26/61/HS/ACAD,Full-time,,,https://www.sfu.edu.hk/en/career/academic-teaching-positions/index.html#:~:text=Assistant%20Professors%2F%20Senior%20Lecturers%2F%20Lecturers
SFU-fa3d936367,Full-time/ Part-time Assistant Professors / Senior Lecturers / Lecturers,Assistant Professor,SFU,Saint Francis University,Felizberta Lo Padilla Tong School of Social Sciences,,,FALSE,2026-03-25,,26/35/SS/ACAD,Part-time,,,https://www.sfu.edu.hk/en/career/academic-teaching-positions/index.html#:~:text=Full%2Dtime%2F%20Part%2Dtime%20Assistant%20Professors%20%2F%20Senior%20Lecturers%20%2F
SFU-925cd16dae,Assistant Professors / Senior Lecturers / Lecturers,Assistant Professor,SFU,Saint Francis University,Ip Ying To Lee Yu Yee School of Humanities and Languages,,,FALSE,2026-03-21,,26/34/HL/ACAD,Full-time,,,https://www.sfu.edu.hk/en/career/academic-teaching-positions/index.html#:~:text=Assistant%20Professors%20%2F%20Senior%20Lecturers%20%2F%20Lecturers
SFU-4ffef2405c,Research Assistant,Research Assistant/Associate,SFU,Saint Francis University,Felizberta Lo Padilla Tong School of Social Sciences,,,FALSE,2026-09-19,,26/131/SS/RA,Full-time,,,https://www.sfu.edu.hk/en/career/research-project-positions/index.html#:~:text=Research%20Assistant
SFU-595fee54ce,Research Assistant,Research Assistant/Associate,SFU,Saint Francis University,Rita Tong Liu School of Business and Hospitality Management,,,FALSE,2026-09-16,,26/127/BHM/RA,Full-time,,,https://www.sfu.edu.hk/en/career/research-project-positions/index.html#:~:text=Research%20Assistant
SFU-a2869810b1,Research Assistant,Research Assistant/Associate,SFU,Saint Francis University,Yam Pak Charitable Foundation School of Computing and Information Sciences,,,FALSE,2026-09-10,,26/124/CIS/RA,Full-time,,,https://www.sfu.edu.hk/en/career/research-project-positions/index.html#:~:text=Research%20Assistant
SFU-bcd2069ada,Senior Research Assistant,Research Assistant/Associate,SFU,Saint Francis University,Felizberta Lo Padilla Tong School of Social Sciences,,,FALSE,2026-09-02,,26/115/SS/RA,Full-time,,,https://www.sfu.edu.hk/en/career/research-project-positions/index.html#:~:text=Senior%20Research%20Assistant
SFU-f062a35ef2,Part-time Research Assistant,Research Assistant/Associate,SFU,Saint Francis University,Ip Ying To Lee Yu Yee School of Humanities and Languages,,,FALSE,2026-08-26,,26/114/HL/RA,Part-time,,,https://www.sfu.edu.hk/en/career/research-project-positions/index.html#:~:text=Part%2Dtime%20Research%20Assistant
SFU-d31707b93d,Part-time Research Assistant,Research Assistant/Associate,SFU,Saint Francis University,S.K. Yee School of Health Sciences,,,FALSE,2026-08-26,,26/110/HS/RA,Part-time,,,https://www.sfu.edu.hk/en/career/research-project-positions/index.html#:~:text=Part%2Dtime%20Research%20Assistant
SFU-aed2614d85,Research Assistant,Research Assistant/Associate,SFU,Saint Francis University,Felizberta Lo Padilla Tong School of Social Sciences,,,FALSE,2026-08-07,,26/101/SS/RA,Full-time,,,https://www.sfu.edu.hk/en/career/research-project-positions/index.html#:~:text=Research%20Assistant
SFU-2738351f87,Senior Research Assistant,Research Assistant/Associate,SFU,Saint Francis University,Graduate School,,,FALSE,2026-07-30,,26/100/GS/RA,Full-time,,,https://www.sfu.edu.hk/en/career/research-project-positions/index.html#:~:text=Senior%20Research%20Assistant
SFU-035aa9bd5f,Full-time / Part-time Research Assistant,Research Assistant/Associate,SFU,Saint Francis University,Felizberta Lo Padilla Tong School of Social Sciences,,,FALSE,2026-07-21,,26/97/SS/RA,Part-time,,,https://www.sfu.edu.hk/en/career/research-project-positions/index.html#:~:text=Full%2Dtime%20%2F%20Part%2Dtime%20Research%20Assistant
SFU-5d909d1442,Part-time Research Assistant,Research Assistant/Associate,SFU,Saint Francis University,S.K. Yee School of Health Sciences,,,FALSE,2026-07-17,,26/91/HS/RA,Part-time,,,https://www.sfu.edu.hk/en/career/research-project-positions/index.html#:~:text=Part%2Dtime%20Research%20Assistant
SFU-d7c3fede12,Project Officer,Non-Academic,SFU,Saint Francis University,Ip Ying To Lee Yu Yee School of Humanities and Languages,,,FALSE,2026-07-14,,26/85/HL/PO,Full-time,,,https://www.sfu.edu.hk/en/career/research-project-positions/index.html#:~:text=Project%20Officer
SFU-1345148cb8,Part-time Research Assistant,Research Assistant/Associate,SFU,Saint Francis University,S.K. Yee School of Health Sciences,,,FALSE,2026-07-07,,26/80/HS/RA,Part-time,,,https://www.sfu.edu.hk/en/career/research-project-positions/index.html#:~:text=Part%2Dtime%20Research%20Assistant
SFU-4f715f99cc,Research Assistant,Research Assistant/Associate,SFU,Saint Francis University,Ip Ying To Lee Yu Yee School of Humanities and Languages,,,FALSE,2026-06-26,,26/77/HL/RA,Full-time,,,https://www.sfu.edu.hk/en/career/research-project-positions/index.html#:~:text=Research%20Assistant
SFU-8cbe11efbe,Research Assistant,Research Assistant/Associate,SFU,Saint Francis University,Graduate School,,,FALSE,2026-06-26,,26/76/GS/RA,Full-time,,,https://www.sfu.edu.hk/en/career/research-project-positions/index.html#:~:text=Research%20Assistant
SFU-28dee6e471,Part-time Research Assistant,Research Assistant/Associate,SFU,Saint Francis University,Ip Ying To Lee Yu Yee School of Humanities and Languages,,,FALSE,2026-04-09,,26/44/HL/RA,Part-time,,,https://www.sfu.edu.hk/en/career/research-project-positions/index.html#:~:text=Part%2Dtime%20Research%20Assistant
SFU-1f32d3d669,Full-time / Part-time Senior Research Assistant/Research Assistant,Research Assistant/Associate,SFU,Saint Francis University,S.K. Yee School of Health Sciences,,,FALSE,2026-03-21,,26/33/HS/RA,Part-time,,,https://www.sfu.edu.hk/en/career/research-project-positions/index.html#:~:text=Full%2Dtime%20%2F%20Part%2Dtime%20Senior%20Research%20Assistant%2FResearch%20Assistant
SFU-57548c8245,Research Associate,Research Assistant/Associate,SFU,Saint Francis University,Ip Ying To Lee Yu Yee School of Humanities and Languages,,,FALSE,2026-03-18,,26/20/HL/RA,Full-time,,,https://www.sfu.edu.hk/en/career/research-project-positions/index.html#:~:text=Research%20Associate
SFU-74e4d8f843,Research Assistant,Research Assistant/Associate,SFU,Saint Francis University,Ip Ying To Lee Yu Yee School of Humanities and Languages,,,FALSE,2026-03-18,,26/19/HL/RA,Full-time,,,https://www.sfu.edu.hk/en/career/research-project-positions/index.html#:~:text=Research%20Assistant
HKSYU-a1ab5151f1,Assistant Professor / Associate Professor / Associate Professor of Practice / Professor,Associate Professor,HKSYU,Hong Kong Shue Yan University,Department of Journalism and Communication,,,FALSE,2026-05-28,,jc_ap_digicomm_ft_2026-05-27,Full-time,,Academic Year 2026/27.,https://www.hksyu.edu/assets/careers/JC/2026/May/jc_ap_digicomm_ft_2026-05-27.pdf
HKSYU-10a9b05486,Lecturer / Senior Lecturer / Assistant Professor / Associate Professor / Professor,Associate Professor,HKSYU,Hong Kong Shue Yan University,Department of Business Administration,,,FALSE,2026-03-02,,ba_ap_pt_ft_2024-08-12,Full-time,,September 2025.,https://www.hksyu.edu/assets/careers/BA/2024/Aug/ba_ap_pt_ft_2024-08-12.pdf
HKSYU-soc_ap_ft_2026-09-07,Assistant / Associate Professor,Associate Professor,HKSYU,Hong Kong Shue Yan University,Department of Sociology,,,FALSE,2026-09-08,,soc_ap_ft_2026-09-07,Full-time,,January 2027,https://www.hksyu.edu/assets/careers/SOC/2026/Sep/soc_ap_ft_2026-09-07.pdf
HKSYU-soc_ap_ft_2026-07-03,Assistant Professor / Associate Professor in Smart Cultural Tourism,Associate Professor,HKSYU,Hong Kong Shue Yan University,Department of Sociology,,,FALSE,2026-07-04,,soc_ap_ft_2026-07-03,Full-time,,September 2026,https://www.hksyu.edu/assets/careers/SOC/2026/Jul/soc_ap_ft_2026-07-03.pdf
HKSYU-53c46a04e7,Academic Position,Other,HKSYU,Hong Kong Shue Yan University,Department of Counselling and Psychology,,,FALSE,2026-05-29,,counpsy_ap_ft_2026-05-28,Full-time,,,https://www.hksyu.edu/assets/careers/counpsy/2026/May/counpsy_ap_ft_2026-05-28.pdf
HKSYU-eng_lc_ft_2025-02-18,Lecturer / Senior Lecturer,Senior Lecturer/Lecturer,HKSYU,Hong Kong Shue Yan University,Department of English Language and Literature,,,FALSE,2026-03-02,,eng_lc_ft_2025-02-18,Full-time,,,https://www.hksyu.edu/assets/careers/Eng/2025/Feb/eng_lc_ft_2025-02-18.pdf
HKSYU-eng_ap_ft_2025-02-18,Professor / Associate Professor / Assistant Professor,Associate Professor,HKSYU,Hong Kong Shue Yan University,Department of English Language and Literature,,,FALSE,2026-03-02,,eng_ap_ft_2025-02-18,Full-time,,,https://www.hksyu.edu/assets/careers/Eng/2025/Feb/eng_ap_ft_2025-02-18.pdf
HKSYU-eng_lc_pt_2025-06-30,Part-time Lecturer positions,Senior Lecturer/Lecturer,HKSYU,Hong Kong Shue Yan University,Department of English Language and Literature,,,FALSE,2026-03-02,,eng_lc_pt_2025-06-30,Part-time,,,https://www.hksyu.edu/assets/careers/Eng/2025/Jun/eng_lc_pt_2025-06-30.pdf
HKSYU-77391c06f9,Part-Time Fieldwork Supervisor,Other,HKSYU,Hong Kong Shue Yan University,Department of Social Work,,,FALSE,2026-04-09,,ap_sw_fs_pt_2026-04-08,Part-time,,,https://www.hksyu.edu/assets/careers/SW/2026/Apr/ap_sw_fs_pt_2026-04-08.pdf
HKSYU-121c1e2162,Lecturer / Senior Lecturer / Assistant Professor / Associate Professor / Professor,Associate Professor,HKSYU,Hong Kong Shue Yan University,Department of Social Work,,,FALSE,2026-03-02,,sw_coord_l_sl_pt_ft_2024-04-02,Full-time,,,https://www.hksyu.edu/assets/careers/SW/2024/Apr/sw_coord_l_sl_pt_ft_2024-04-02.pdf
HKSYU-ro_ea_ft_2026-09-08,Executive Assistant,Non-Academic,HKSYU,Hong Kong Shue Yan University,Research Office,,,FALSE,2026-09-09,,ro_ea_ft_2026-09-08,Full-time,,,https://www.hksyu.edu/assets/careers/RO/2026/Sep/ro_ea_ft_2026-09-08.pdf
HKSYU-c35fa8b1c8,Senior Executive Assistant / Executive Assistant I,Non-Academic,HKSYU,Hong Kong Shue Yan University,Office of the Academic Vice President,,,FALSE,2026-05-28,,oavp_ea_ft_2026-05-27,Full-time,,,https://www.hksyu.edu/assets/careers/OAVP/2026/May/oavp_ea_ft_2026-05-27.pdf
HKSYU-6c71cf6720,Executive Assistant,Non-Academic,HKSYU,Hong Kong Shue Yan University,Accreditation and Programme Development Office,,,FALSE,2026-09-18,,apdo_ea_ft_2026-09-17,Full-time,,,https://www.hksyu.edu/assets/careers/APDO/2026/Sep/apdo_ea_ft_2026-09-17.pdf
HKSYU-2d19470550,Admissions Officer (Marketing and Admissions),Non-Academic,HKSYU,Hong Kong Shue Yan University,University Admissions Office,,,FALSE,2026-07-01,,uao_ao_marketing_ft_2026-06-30,Full-time,,,https://www.hksyu.edu/assets/careers/UAO/2026/Jun/uao_ao_marketing_ft_2026-06-30.pdf
HKSYU-e7381208fc,Admissions Officer (Multimedia Production),Non-Academic,HKSYU,Hong Kong Shue Yan University,University Admissions Office,,,FALSE,2026-07-01,,uao_ao_media_ft_2026-06-30,Full-time,,,https://www.hksyu.edu/assets/careers/UAO/2026/Jun/uao_ao_media_ft_2026-06-30.pdf
HKSYU-uao_aa_ft_2026-03-03,Admissions Assistant / Officer (Admissions Advisory and Administration),Non-Academic,HKSYU,Hong Kong Shue Yan University,University Admissions Office,,,FALSE,2026-03-03,,uao_aa_ft_2026-03-03,Full-time,,,https://www.hksyu.edu/assets/careers/UAO/2026/Mar/uao_aa_ft_2026-03-03.pdf
HKSYU-04b3f875e9,Student Services Officer / Student Services Assistant,Non-Academic,HKSYU,Hong Kong Shue Yan University,Hall Management Unit,,,FALSE,2026-03-02,,hmu_ssossa_ft_2026-02-02,Full-time,,,https://www.hksyu.edu/assets/careers/HMU/2026/Feb/hmu_ssossa_ft_2026-02-02.pdf
HKSYU-1e687954f0,Technical and Operations Manager / Officer,Non-Academic,HKSYU,Hong Kong Shue Yan University,Office of ESG and Sustainable Development,,,FALSE,2026-04-18,,esg_tomo_ft_2026-04-17,Full-time,,,https://www.hksyu.edu/assets/careers/ESG/2026/Apr/esg_tomo_ft_2026-04-17.pdf
HKSYU-sw_ra_pt_2026-05-28,Research Assistant (One Position for 12 months),Research Assistant/Associate,HKSYU,Hong Kong Shue Yan University,Department of Social Work,,,FALSE,2026-05-29,,sw_ra_pt_2026-05-28,Full-time,,,https://www.hksyu.edu/assets/careers/SW/2026/May/sw_ra_pt_2026-05-28.pdf
HKSYU-0343a06cfb,Research Assistant,Research Assistant/Associate,HKSYU,Hong Kong Shue Yan University,Department of Economics and Finance,,,FALSE,2026-03-02,,ef_ra_ft_pt_2026-01-19,Full-time,,,https://www.hksyu.edu/assets/careers/EF/2026/Jan/ef_ra_ft_pt_2026-01-19.pdf
HKSYU-6754ab654c,Lab Assistant / Lab Manager,Non-Academic,HKSYU,Hong Kong Shue Yan University,Department of Counselling and Psychology,2026-09-30,,FALSE,2026-07-10,,counpsy_lab_asst_m_ft_2026-07-09,Full-time,,,https://www.hksyu.edu/assets/careers/counpsy/2026/Jul/counpsy_lab_asst_m_ft_2026-07-09.pdf
HKSYU-f570a8b692,Research Assistant,Research Assistant/Associate,HKSYU,Hong Kong Shue Yan University,Department of Counselling and Psychology,,,FALSE,2026-03-06,,counpsy_ra_2026-03-05,Full-time,,,https://www.hksyu.edu/assets/careers/counpsy/2026/Mar/counpsy_ra_2026-03-05.pdf
HKSYU-7bd2fa6821,Research Assistant,Research Assistant/Associate,HKSYU,Hong Kong Shue Yan University,Department of Counselling and Psychology,,,FALSE,2026-03-02,,counpsy_ra_pt_2026-03-02,Full-time,,As soon as possible.,https://www.hksyu.edu/assets/careers/counpsy/2026/Mar/counpsy_ra_pt_2026-03-02.pdf
HKSYU-4ebe12f150,Research Assistant (4-month Fixed Contract),Research Assistant/Associate,HKSYU,Hong Kong Shue Yan University,Department of Counselling and Psychology,,,FALSE,2026-03-02,,counpsy_ra_ft_2025-12-23,Full-time,,,https://www.hksyu.edu/assets/careers/counpsy/2025/Dec/counpsy_ra_ft_2025-12-23.pdf
HKSYU-33f3e90118,Research Assistant,Research Assistant/Associate,HKSYU,Hong Kong Shue Yan University,Department of Economics and Finance,,,FALSE,2026-03-02,,ef_ra_pt_ft_2025-11-04,Full-time,,,https://www.hksyu.edu/assets/careers/EF/2025/Nov/ef_ra_pt_ft_2025-11-04.pdf
HKSYU-5a60bd5cc8,Research Assistant,Research Assistant/Associate,HKSYU,Hong Kong Shue Yan University,Research Center for Digital Education and Blended Intelligence,,,FALSE,2026-03-02,,rcdtbi_ra_ft_2026-02-12,Full-time,,,https://www.hksyu.edu/assets/careers/RCDTBI/2026/Feb/rcdtbi_ra_ft_2026-02-12.pdf
HKSYU-jc_ra_pt_2025-10-13,Research Assistant,Research Assistant/Associate,HKSYU,Hong Kong Shue Yan University,Department of Journalism and Communication,,,FALSE,2026-03-02,,jc_ra_pt_2025-10-13,Full-time,,20th October 2025,https://www.hksyu.edu/assets/careers/JC/2025/Oct/jc_ra_pt_2025-10-13.pdf
HKSYU-acc_ra_pt_2025-06-13,Part-time Research Assistant,Research Assistant/Associate,HKSYU,Hong Kong Shue Yan University,Department of Accounting,,,FALSE,2026-03-02,,acc_ra_pt_2025-06-13,Part-time,,,https://www.hksyu.edu/assets/careers/ACC/2025/Jun/acc_ra_pt_2025-06-13.pdf
HKSYU-jc_ra_pt_2023-08-16,Part-time Research Assistant,Research Assistant/Associate,HKSYU,Hong Kong Shue Yan University,Chinese Heritage Research Grant,,,FALSE,2026-03-02,,jc_ra_pt_2023-08-16,Part-time,,1 September 2023,https://www.hksyu.edu/assets/careers/JC/2023/Aug/jc_ra_pt_2023-08-16.pdf
HKSYU-982db4909a,Part-time Research Assistant,Research Assistant/Associate,HKSYU,Hong Kong Shue Yan University,Chinese Heritage Research Grant,,,FALSE,2026-03-02,,chrg_ra_2023-04-27_pt,Part-time,,,https://www.hksyu.edu/assets/careers/SOC/2023/Apr/chrg_ra_2023-04-27_pt.pdf
HKSYU-44451f6e29,Research Assistant,Research Assistant/Associate,HKSYU,Hong Kong Shue Yan University,Department of Applied Data Science,,,FALSE,2026-03-02,,adsci_ra_ft_2024-11-15,Full-time,,,https://www.hksyu.edu/assets/careers/ADSCI/2024/Nov/adsci_ra_ft_2024-11-15.pdf
VTC-13805b1952,Director of Continuing and Professional Education Office,Non-Academic,VTC,Vocational Training Council,--,2026-10-05,,FALSE,2026-09-15,,VTC/D-CPEO/2026,Full-time,,,https://www.vtc.edu.hk/html/en/jobDetail.php?id=40398
VTC-75d80a8a66,"Director, Finance and Procurement Office",Non-Academic,VTC,Vocational Training Council,--,2026-10-01,,FALSE,2026-09-12,,VTC/D-FPO/2026,Full-time,,,https://www.vtc.edu.hk/html/en/jobDetail.php?id=40396
VTC-599cc3d837,Deputy Executive Director,Non-Academic,VTC,Vocational Training Council,--,2026-09-28,,FALSE,2026-09-09,,VTC/DED/2026,Full-time,,,https://www.vtc.edu.hk/html/en/jobDetail.php?id=40372
VTC-f808e4c660,Term Assistant Lecturer (Whole Person Development)(O/YC(KC)-SDO/Term AL(WPD)/09/26),Senior Lecturer/Lecturer,VTC,Vocational Training Council,Student Development Office,2026-10-09,,FALSE,2026-03-09,,,Full-time,,,https://www.vtc.edu.hk/html/en/jobDetail.php?id=40445
VTC-0cfbd4e69b,Term Physical Education Officer II,Non-Academic,VTC,Vocational Training Council,Student Development Discipline,2026-10-07,,FALSE,2026-09-26,,O/SD/TERM_PEOII/09/26,Full-time,,,https://www.vtc.edu.hk/html/en/jobDetail.php?id=40454
VTC-6119a50914,定期教導員(O/PA(FT)/Term I/09/26),Other,VTC,Vocational Training Council,卓越培訓發展中心（時裝紡織業）,2026-10-07,,FALSE,2026-09-24,,,Full-time,,,https://www.vtc.edu.hk/html/en/jobDetail.php?id=40448
VTC-8cec539aac,定期/臨時助理講師（中文及普通話）(O/DILWL-LC/Term_Temp_AL(CP)/09/26),Other,VTC,Vocational Training Council,語文中心,2026-10-06,,FALSE,2026-09-22,,,Full-time,,,https://www.vtc.edu.hk/html/en/jobDetail.php?id=40438
VTC-e226d6ec72,Term / Temporary Assistant Lecturer (English and Communication)(O/DILWL-LC/Term_Temp_AL(EC)/09/26),Senior Lecturer/Lecturer,VTC,Vocational Training Council,Language Centre,2026-10-06,,FALSE,2026-06-04,,,Full-time,,,https://www.vtc.edu.hk/html/en/jobDetail.php?id=40436
VTC-e0919ed1cf,Project Officer (Mega Sports Events Talent)(C/CW-HT/PO(MSET)/09/26-AP1),Non-Academic,VTC,Vocational Training Council,Department of Hospitality,2026-10-02,,FALSE,2026-09-19,,,Full-time,,,https://www.vtc.edu.hk/html/en/jobDetail.php?id=40424
VTC-0bf4f326ba,教導員(屋宇裝備),Other,VTC,Vocational Training Council,卓越培訓發展中心（電機業）,2026-10-01,,FALSE,2026-09-03,,C/PA_EL/I_BS/09/26,Full-time,,,https://www.vtc.edu.hk/html/en/jobDetail.php?id=40365
VTC-6648b5df64,Instructor (Western Food Preparation),Senior Lecturer/Lecturer,VTC,Vocational Training Council,Hotel and Tourism Institute / Chinese Culinary Institute / International Culinary Institute,2026-09-28,,FALSE,2026-09-16,,C/HTI/I_WFP/09/26/AP2,Full-time,,,https://www.vtc.edu.hk/html/en/jobDetail.php?id=40410
VTC-2683c95478,Term / Part-time Evening Instructor,Senior Lecturer/Lecturer,VTC,Vocational Training Council,Pro-Act Training and Development Centre (Electronics),2026-09-28,,FALSE,2026-09-15,,O/PA_EN/Term_PTE I/09/26,Full-time,,,https://www.vtc.edu.hk/html/en/jobDetail.php?id=40406
VTC-912f066ed7,Term / Part-time (Day-time) Assistant Lecturer(O/YC(TSW)-BS/Term_PTD AL/09/26),Senior Lecturer/Lecturer,VTC,Vocational Training Council,Business and Services Section,2026-09-28,,FALSE,2026-08-12,,,Full-time,,,https://www.vtc.edu.hk/html/en/jobDetail.php?id=40426
VTC-90d173c9da,Lecturer (Airport Operations Management)(C/BA/L(AOM)/09/26-AP1),Senior Lecturer/Lecturer,VTC,Vocational Training Council,Business Discipline,2026-09-28,,FALSE,2026-09-16,,,Full-time,,,https://www.vtc.edu.hk/html/en/jobDetail.php?id=40413
VTC-572a36d709,Assistant Director,Non-Academic,VTC,Vocational Training Council,Estates and Campus Development Office,2026-10-08,,FALSE,2026-09-25,,C/ECDO/ASD/09/26-AP2,Full-time,,,https://www.vtc.edu.hk/html/en/jobDetail.php?id=40460
VTC-be094ce724,Officer (Library Systems)(C/DILWL-LRC/OFF(LS)/09/26-AP1),Non-Academic,VTC,Vocational Training Council,Learning Resources Centre,2026-10-01,,FALSE,2026-09-19,,,Full-time,,,https://www.vtc.edu.hk/html/en/jobDetail.php?id=40428
VTC-6a7502d0e0,Term Officer,Non-Academic,VTC,Vocational Training Council,Campus Secretariat,2026-09-29,,FALSE,2026-09-18,,O/ST-CS/Term_OFF/09/26,Full-time,,,https://www.vtc.edu.hk/html/en/jobDetail.php?id=40419
VTC-4185a84780,Assistant Systems Manager (Systems Development),Non-Academic,VTC,Vocational Training Council,Information Technology Office,2026-09-28,,FALSE,2026-09-15,,C/ITO/ASSM_SD/09/26-AP2,Full-time,,,https://www.vtc.edu.hk/html/en/jobDetail.php?id=40407
VTC-2c8db66cf6,定期二級雜務員,Other,VTC,Vocational Training Council,學院秘書處,2026-10-23,,FALSE,2026-08-22,,O/MH-CSEC/Term_ATT2/08/26,Full-time,,,https://www.vtc.edu.hk/html/en/jobDetail.php?id=40330
VTC-1d16e64363,定期二級雜務員,Other,VTC,Vocational Training Council,學院秘書處,2026-10-12,,FALSE,2026-09-16,,O/DILWL-CSEC/TERM_ATT2/09/26,Full-time,,,https://www.vtc.edu.hk/html/en/jobDetail.php?id=40404
VTC-4a4d17bddc,二級機械工,Other,VTC,Vocational Training Council,工程系,2026-10-12,,FALSE,2026-09-16,,C/LWL-ENG/MEC2/09/26-AP1,Full-time,,,https://www.vtc.edu.hk/html/en/jobDetail.php?id=40414
VTC-f0ccd56480,Term / Temporary Executive Assistant II(O/YC(TM)-CS/Term_Temp EA2/09/26 ),Non-Academic,VTC,Vocational Training Council,College Secretariat,2026-10-04,,FALSE,2026-04-23,,,Full-time,,,https://www.vtc.edu.hk/html/en/jobDetail.php?id=40430
VTC-41300d675e,Term / Temporary / Part-time Executive Assistant II,Non-Academic,VTC,Vocational Training Council,Campus Secretariat,2026-10-04,,FALSE,2026-09-23,,O/TM-CS/Term_Temp_PT_EA2/09/26,Full-time,,,https://www.vtc.edu.hk/html/en/jobDetail.php?id=39170
VTC-9c161fd8d7,Term Executive Assistant II,Non-Academic,VTC,Vocational Training Council,Hong Kong Institute of Vocational Education (Haking Wong),2026-10-02,,FALSE,2026-09-19,,O/HW/Term_EA2/09/26,Full-time,,,https://www.vtc.edu.hk/html/en/jobDetail.php?id=38993
VTC-79b57f41b2,Term Executive Assistant II (O/IVDC(LCK)/Term_ EA2/09/26),Non-Academic,VTC,Vocational Training Council,Integrated Vocational Development Centre,2026-09-30,,FALSE,2026-04-03,,,Full-time,,,https://www.vtc.edu.hk/html/en/jobDetail.php?id=39584
VTC-2bda1b6a3a,Term Executive Assistant II,Non-Academic,VTC,Vocational Training Council,Central Administration and Services Division,2026-09-29,,FALSE,2026-09-18,,O/CASD/Term EA2/09/26,Full-time,,,https://www.vtc.edu.hk/html/en/jobDetail.php?id=40420
VTC-f6f8406e02,二級機械工,Other,VTC,Vocational Training Council,健康及生命科學系,2026-09-28,,FALSE,2026-09-02,,C/CW-HLS/MEC2/08/26-AP1,Full-time,,,https://www.vtc.edu.hk/html/en/jobDetail.php?id=40357
VTC-01b5bfa72a,Part-time (Day Time) Assessor (Arboricultural Industry),Other,VTC,Vocational Training Council,VTC Headquarters (Industry Partnership),2026-10-31,,FALSE,2026-07-15,,O/VTCHQIP/PTD_Assessor_AVA/07/26,Part-time,,,https://www.vtc.edu.hk/html/en/jobDetail.php?id=40122
VTC-c05d553532,日間兼職考評員 (美髮業專業能力評估考核),Other,VTC,Vocational Training Council,總辦事處 (行業合作),2026-10-31,,FALSE,2026-07-15,,O/VTCHQIP/PTD_Assessor_HD/07/26,Part-time,,,https://www.vtc.edu.hk/html/en/jobDetail.php?id=40125
VTC-c902b5ae2f,日間兼職考評員 (美容業專業能力考核),Other,VTC,Vocational Training Council,總辦事處 (行業合作),2026-10-31,,FALSE,2026-07-15,,O/VTCHQIP/PTD_Assessor_BC/07/26,Part-time,,,https://www.vtc.edu.hk/html/en/jobDetail.php?id=40124
VTC-9455b16877,Part-time (Daytime) Lecturer (Building Services Engineering)(O/ST-ENG/PTD_L(BSE)/09/26),Senior Lecturer/Lecturer,VTC,Vocational Training Council,Department of Engineering,2026-10-16,,FALSE,2026-03-09,,,Part-time,,,https://www.vtc.edu.hk/html/en/jobDetail.php?id=40367
VTC-681fb8e3b6,日間兼職教導員(電機與空調裝配課程)(O/VDPO/PTD_I(EA)/09/26),Other,VTC,Vocational Training Council,職業發展計劃辦事處,2026-10-09,,FALSE,2026-07-17,,,Part-time,,,https://www.vtc.edu.hk/html/en/jobDetail.php?id=40356
VTC-5301b744e6,Part-time Instructor (O/PA(FT)/PT I/09/26),Senior Lecturer/Lecturer,VTC,Vocational Training Council,Pro-Act Training and Development Centre (Fashion Textiles),2026-10-07,,FALSE,2026-09-24,,,Part-time,,,https://www.vtc.edu.hk/html/en/jobDetail.php?id=40449
VTC-ff41b60ef5,兼職（日間）助理講師（中文及普通話）(O/DILWL-LC/PTD_AL(CP)/09/26),Other,VTC,Vocational Training Council,語文中心,2026-10-06,,FALSE,2026-09-22,,,Part-time,,,https://www.vtc.edu.hk/html/en/jobDetail.php?id=40439
VTC-746ade8243,Part-time (Daytime) Assistant Lecturer (English and Communication)(O/DILWL-LC/PTD_AL(EC)/09/26),Senior Lecturer/Lecturer,VTC,Vocational Training Council,Language Centre,2026-10-06,,FALSE,2026-03-09,,,Part-time,,,https://www.vtc.edu.hk/html/en/jobDetail.php?id=40437
VTC-76e000b9f4,Part-Time (Daytime / Evening) Lecturer,Senior Lecturer/Lecturer,VTC,Vocational Training Council,Department of Health and Life Sciences,2026-10-05,,FALSE,2026-09-25,,O/CW-HLS/PTL/09/26,Part-time,,,https://www.vtc.edu.hk/html/en/jobDetail.php?id=40455
VTC-5c67522a53,Part-time Lecturer,Senior Lecturer/Lecturer,VTC,Vocational Training Council,Institute of Professional Education And Knowledge (PEAK),2026-09-30,,FALSE,2026-09-11,,O/PEAK/PT_L/09/26,Part-time,,,https://www.vtc.edu.hk/html/en/jobDetail.php?id=40392
VTC-5693049b39,Part-time Assistant Lecturer (Music and Media Production)(O/YC(YCM)-D&IT/PT AL(MMP)/09/26),Senior Lecturer/Lecturer,VTC,Vocational Training Council,Design and Information Technology Section,2026-09-30,,FALSE,2026-07-07,,,Part-time,,,https://www.vtc.edu.hk/html/en/jobDetail.php?id=40370
VTC-7bdd9bcb26,兼職餐飲服務員,Other,VTC,Vocational Training Council,酒店及旅遊學院 / 中華廚藝學院 / 國際廚藝學院,2026-10-04,,FALSE,2026-09-26,,O/HTI/SA/09/26,Part-time,,,https://www.vtc.edu.hk/html/en/jobDetail.php?id=40465
VTC-2dccfdfe7d,Part-time Executive Assistant II,Non-Academic,VTC,Vocational Training Council,Central Support Team,2026-09-30,,FALSE,2026-09-10,,O/YC-CST/PT_EA2/09/26,Part-time,,,https://www.vtc.edu.hk/html/en/jobDetail.php?id=40375
HKUSPACE-624d893e69,Programme Manager (Fractional 50% Appointment) in Chinese Medicine in the College of Life Sciences and Technology (Two Posts),Non-Academic,HKUSPACE,HKU SPACE,College of Life Sciences and Technology (Two Posts),2026-09-29,,FALSE,2026-09-16,,2026/27-FT-050-JDB,Full-time,,,https://jobs.hkuspace.hku.hk/jobs/job_dtls.php?lang=eng&jcode=2026/27-FT-050-JDB
HKUSPACE-c2d8b652aa,"Programme Manager in Sports, Exercise and Recreation Management in the College of Life Sciences and Technology",Non-Academic,HKUSPACE,HKU SPACE,College of Life Sciences and Technology,2026-10-04,,FALSE,2026-09-19,,2026/27-FT-052-JDB,Full-time,,,https://jobs.hkuspace.hku.hk/jobs/job_dtls.php?lang=eng&jcode=2026/27-FT-052-JDB
HKUSPACE-9812992bd6,"Programme Manager in Aviation, Computing, Technology and Data Science in in the College of Life Sciences and Technology",Non-Academic,HKUSPACE,HKU SPACE,College of Life Sciences and Technology,2026-10-04,,FALSE,2026-09-19,,2026/27-FT-051-JDB,Full-time,,,https://jobs.hkuspace.hku.hk/jobs/job_dtls.php?lang=eng&jcode=2026/27-FT-051-JDB
HKUSPACE-8194042143,"Programme Manager, Maisy Ho Centre for Teaching and Learning",Non-Academic,HKUSPACE,HKU SPACE,HKU SPACE,2026-10-06,,FALSE,2026-09-23,,2026/27-FT-054-JDB,Full-time,,,https://jobs.hkuspace.hku.hk/jobs/job_dtls.php?lang=eng&jcode=2026/27-FT-054-JDB
HKUSPACE-a5ac3c7b33,College Assistant Lecturer (Korean Language) in the College of Humanities and Law,Senior Lecturer/Lecturer,HKUSPACE,HKU SPACE,College of Humanities and Law,2026-10-07,,FALSE,2026-09-09,,2026/27-FT-044-JDB,Full-time,,,https://jobs.hkuspace.hku.hk/jobs/job_dtls.php?lang=eng&jcode=2026/27-FT-044-JDB
HKUSPACE-136d367ba3,College Lecturer (Economics and Business) in the Community College,Senior Lecturer/Lecturer,HKUSPACE,HKU SPACE,Community College,2026-10-11,,FALSE,2026-09-24,,2026/27-FT-057-JDB,Full-time,,January 2027,https://jobs.hkuspace.hku.hk/jobs/job_dtls.php?lang=eng&jcode=2026/27-FT-057-JDB
HKUSPACE-157eedb391,College Lecturer (Arts & Humanities) in the Community College,Senior Lecturer/Lecturer,HKUSPACE,HKU SPACE,Community College,2026-10-11,,FALSE,2026-09-24,,2026/27-FT-056-JDB,Full-time,,January 2027,https://jobs.hkuspace.hku.hk/jobs/job_dtls.php?lang=eng&jcode=2026/27-FT-056-JDB
HKUSPACE-3473f3372f,College Lecturer (Mathematics & Sciences) in the Community College,Senior Lecturer/Lecturer,HKUSPACE,HKU SPACE,Community College,2026-10-11,,FALSE,2026-09-24,,2026/27-FT-059-JDB,Full-time,,January 2027,https://jobs.hkuspace.hku.hk/jobs/job_dtls.php?lang=eng&jcode=2026/27-FT-059-JDB
HKUSPACE-e740828a07,College Lecturer (English) in the Community College,Senior Lecturer/Lecturer,HKUSPACE,HKU SPACE,Community College,2026-10-11,,FALSE,2026-09-24,,2026/27-FT-055-JDB,Full-time,,January 2027,https://jobs.hkuspace.hku.hk/jobs/job_dtls.php?lang=eng&jcode=2026/27-FT-055-JDB
HKUSPACE-c796ba5af9,College Lecturer (Engineering and Technology) in the Community College,Senior Lecturer/Lecturer,HKUSPACE,HKU SPACE,Community College,2026-10-11,,FALSE,2026-09-24,,2026/27-FT-058-JDB,Full-time,,January 2027,https://jobs.hkuspace.hku.hk/jobs/job_dtls.php?lang=eng&jcode=2026/27-FT-058-JDB
HKUSPACE-961a03edfd,College Vice Principal (Academic) in the Community College,Other,HKUSPACE,HKU SPACE,Community College,2026-10-11,,FALSE,2026-09-24,,2026/27-FT-060-JDB,Full-time,,,https://jobs.hkuspace.hku.hk/jobs/job_dtls.php?lang=eng&jcode=2026/27-FT-060-JDB
HKUSPACE-d851d27868,"Programme Director in Housing, Transport and Built Environment Subject Group in the College of Humanities and Law",Non-Academic,HKUSPACE,HKU SPACE,College of Humanities and Law,2026-10-22,,FALSE,2026-09-25,,2026/27-FT-063-JDB,Full-time,,,https://jobs.hkuspace.hku.hk/jobs/job_dtls.php?lang=eng&jcode=2026/27-FT-063-JDB
HKUSPACE-c5dbae38ec,兼職中醫師（針灸科）,Other,HKUSPACE,HKU SPACE,HKU SPACE,,Ongoing recruitment,FALSE,2026-07-01,,2025/26-PT-266-JDB,Full-time,,,https://jobs.hkuspace.hku.hk/jobs/job_dtls.php?lang=eng&jcode=2025/26-PT-266-JDB
HKUSPACE-2ddb4860b9,Assistant IT Manager (in the grade of Computer Officer II) in the Information Technology Services Unit,Non-Academic,HKUSPACE,HKU SPACE,grade of Computer Officer II) in the Information Technology Services Unit,2026-10-06,,FALSE,2026-09-23,,2026/27-FT-053-JDB,Full-time,,,https://jobs.hkuspace.hku.hk/jobs/job_dtls.php?lang=eng&jcode=2026/27-FT-053-JDB
HKUSPACE-a57e4e2856,Senior AI Solution Engineer (in the grade of Computer Officer II) in the Information Technology Services Unit,Non-Academic,HKUSPACE,HKU SPACE,grade of Computer Officer II) in the Information Technology Services Unit,2026-10-08,,FALSE,2026-09-25,,2026/27-FT-062-JDB,Full-time,,,https://jobs.hkuspace.hku.hk/jobs/job_dtls.php?lang=eng&jcode=2026/27-FT-062-JDB
HKUSPACE-EAII_VariousUnits,Executive Assistants II for various units,Non-Academic,HKUSPACE,HKU SPACE,HKU SPACE,,Ongoing recruitment,FALSE,2026-03-14,,EAII_VariousUnits,Full-time,,,https://jobs.hkuspace.hku.hk/jobs/job_dtls.php?lang=eng&jcode=EAII_VariousUnits
HKUSPACE-316738b902,臨時助理 (兼職) Temporary Helper (Part-time),Non-Academic,HKUSPACE,HKU SPACE,HKU SPACE,,Ongoing recruitment,FALSE,2026-03-14,,2022/23-FT-187-JDB,Full-time,,,https://jobs.hkuspace.hku.hk/jobs/job_dtls.php?lang=eng&jcode=2022/23-FT-187-JDB
HKUSPACE-9bddd3dfab,教學中心助理(多名) Learning Centre Assistant (Several posts),Other,HKUSPACE,HKU SPACE,HKU SPACE,,Ongoing recruitment,FALSE,2026-09-05,,2026/27-FT-037-JDB,Full-time,,,https://jobs.hkuspace.hku.hk/jobs/job_dtls.php?lang=eng&jcode=2026/27-FT-037-JDB
HKUSPACE-ac0bd9ad23,Temporary Clerical Assistant I/II,Non-Academic,HKUSPACE,HKU SPACE,HKU SPACE,,Ongoing recruitment,FALSE,2026-06-30,,2025/26-FT-261-JDB,Full-time,,,https://jobs.hkuspace.hku.hk/jobs/job_dtls.php?lang=eng&jcode=2025/26-FT-261-JDB
HKUSPACE-7e7b7f93f8,零售市場營銷 (Courses),Other,HKUSPACE,HKU SPACE,College of Business and Finance,,Ongoing recruitment,FALSE,2026-07-08,,2026/27-PT-002-JDB,Part-time,,,https://jobs.hkuspace.hku.hk/jobs/job_dtls.php?lang=eng&jcode=2026/27-PT-002-JDB
HKUSPACE-54e4b94466,AI in Marketing (Courses),Other,HKUSPACE,HKU SPACE,College of Business and Finance,,Ongoing recruitment,FALSE,2026-05-06,,2025/26-PT-219-JDB,Part-time,,,https://jobs.hkuspace.hku.hk/jobs/job_dtls.php?lang=eng&jcode=2025/26-PT-219-JDB
HKUSPACE-b17f2a8156,LCCI Exam Preparatory Programme (Courses),Other,HKUSPACE,HKU SPACE,College of Business and Finance,,Ongoing recruitment,FALSE,2026-03-21,,2025/26-PT-190-SW,Part-time,,,https://jobs.hkuspace.hku.hk/jobs/job_dtls.php?lang=eng&jcode=2025/26-PT-190-SW
HKUSPACE-55aaf56293,理財保險業 (短期研討會),Other,HKUSPACE,HKU SPACE,College of Business and Finance,,Ongoing recruitment,FALSE,2026-03-14,,2025/26-PT-172-JDB,Part-time,,,https://jobs.hkuspace.hku.hk/jobs/job_dtls.php?lang=eng&jcode=2025/26-PT-172-JDB
HKUSPACE-fae86c8cb9,Accounting and related Courses,Non-Academic,HKUSPACE,HKU SPACE,College of Business and Finance,,Ongoing recruitment,FALSE,2026-03-14,,2025/26-PT-152-JDB,Part-time,,,https://jobs.hkuspace.hku.hk/jobs/job_dtls.php?lang=eng&jcode=2025/26-PT-152-JDB
HKUSPACE-5fbf2dea30,Certified Insurance Professionals Certificate Course (Courses),Other,HKUSPACE,HKU SPACE,College of Business and Finance,,Ongoing recruitment,FALSE,2026-03-14,,2025/26-PT-132-SW,Part-time,,,https://jobs.hkuspace.hku.hk/jobs/job_dtls.php?lang=eng&jcode=2025/26-PT-132-SW
HKUSPACE-25016c399f,Insurance Industry (Short Seminars),Other,HKUSPACE,HKU SPACE,College of Business and Finance,,Ongoing recruitment,FALSE,2026-03-14,,2025/26-PT-101-JDB,Part-time,,,https://jobs.hkuspace.hku.hk/jobs/job_dtls.php?lang=eng&jcode=2025/26-PT-101-JDB
HKUSPACE-7d2d3788e8,Different Languages (Courses),Other,HKUSPACE,HKU SPACE,College of Humanities and Law,2026-10-31,,FALSE,2026-09-09,,2026/27-PT-040-JDB,Part-time,,,https://jobs.hkuspace.hku.hk/jobs/job_dtls.php?lang=eng&jcode=2026/27-PT-040-JDB
HKUSPACE-482df50f14,Housing and Built Environment (Courses),Other,HKUSPACE,HKU SPACE,College of Humanities and Law,2026-09-30,,FALSE,2026-07-30,,2026/27-PT-018-JDB,Part-time,,,https://jobs.hkuspace.hku.hk/jobs/job_dtls.php?lang=eng&jcode=2026/27-PT-018-JDB
HKUSPACE-608c20e12a,Social Science (Courses),Other,HKUSPACE,HKU SPACE,College of Humanities and Law,,Ongoing recruitment,FALSE,2026-06-27,,2025/26-PT-254-JDB,Part-time,,,https://jobs.hkuspace.hku.hk/jobs/job_dtls.php?lang=eng&jcode=2025/26-PT-254-JDB
HKUSPACE-8796633c94,Adult Training and Vocational Education (Courses),Other,HKUSPACE,HKU SPACE,College of Humanities and Law,,Ongoing recruitment,FALSE,2026-03-14,,2025/26-FT-125-JDB,Part-time,,,https://jobs.hkuspace.hku.hk/jobs/job_dtls.php?lang=eng&jcode=2025/26-FT-125-JDB
HKUSPACE-9427400074,"Robotics, Artificial Intelligence, Information Technology, Engineering, ESG, digital media production and marketing, and UX/UI programmes (secondary school students programmes)",Other,HKUSPACE,HKU SPACE,College of Life Sciences and Technology,,Ongoing recruitment,FALSE,2026-03-14,,2025/26-PT-170-JDB,Part-time,,,https://jobs.hkuspace.hku.hk/jobs/job_dtls.php?lang=eng&jcode=2025/26-PT-170-JDB
HKUSPACE-e76cf853c0,Information Technology Programmes (Advanced diploma or bachelor’s degree programme),Other,HKUSPACE,HKU SPACE,College of Life Sciences and Technology,,Ongoing recruitment,FALSE,2026-03-14,,2025/26-PT-143-SW,Part-time,,,https://jobs.hkuspace.hku.hk/jobs/job_dtls.php?lang=eng&jcode=2025/26-PT-143-SW
HKUSPACE-8e78e116e9,"Division of English (Associate Degree, High Diploma, and Applied Learning programs)",Other,HKUSPACE,HKU SPACE,Community College,,Ongoing recruitment,FALSE,2026-06-30,,2025/26-PT-258-JDB,Part-time,,,https://jobs.hkuspace.hku.hk/jobs/job_dtls.php?lang=eng&jcode=2025/26-PT-258-JDB
HKUSPACE-f1528e483a,Division of Engineering and Technology (Associate and High Diploma programs),Other,HKUSPACE,HKU SPACE,Community College,,Ongoing recruitment,FALSE,2026-06-30,,2025/26-PT-259-JDB,Part-time,,September 2026,https://jobs.hkuspace.hku.hk/jobs/job_dtls.php?lang=eng&jcode=2025/26-PT-259-JDB
CPCE-2163,Lecturer in Electrical Engineering,Senior Lecturer/Lecturer,CPCE,HKCC / SPEED (CPCE),"Division of Science, Engineering and Health Studies",,Applications considered from 9 Oct 2026 until filled,FALSE,2026-09-26,,260925-04,Full-time,,,https://jas.cpce-polyu.edu.hk/detail?id=2163
CPCE-2162,Lecturer in Artificial Intelligence,Senior Lecturer/Lecturer,CPCE,HKCC / SPEED (CPCE),"Division of Science, Engineering and Health Studies",,Applications considered from 9 Oct 2026 until filled,FALSE,2026-09-26,,260925-03,Full-time,,,https://jas.cpce-polyu.edu.hk/detail?id=2162
CPCE-2121,Senior Lecturer / Lecturer in Social Work,Senior Lecturer/Lecturer,CPCE,HKCC / SPEED (CPCE),"Division of Social Sciences, Humanities and Design",,Applications considered from 4 Sep 2026 until filled,FALSE,2026-08-22,,260821-03,Full-time,,,https://jas.cpce-polyu.edu.hk/detail?id=2121
CPCE-2041,Visiting Lecturer (part-time) in various subject areas (several posts),Senior Lecturer/Lecturer,CPCE,HKCC / SPEED (CPCE),"Division of Science, Engineering and Health Studies",,Applications considered from 24 Jul 2026 until filled,FALSE,2026-07-18,,260717-02,Part-time,,,https://jas.cpce-polyu.edu.hk/detail?id=2041
CPCE-1983,Senior Lecturer in Chinese,Senior Lecturer/Lecturer,CPCE,HKCC / SPEED (CPCE),Division of Languages and Communication,,Applications considered from 10 Jul 2026 until filled,TRUE,2026-09-28,,260626-01,Full-time,,,https://jas.cpce-polyu.edu.hk/detail?id=1983
CPCE-1882,Visiting Lecturer (part-time) in various subject areas / Visiting Lecturer (part-time) in Academic English / Visiting Lecturer (part-time) in AI and Technology-assisted Language Teaching and/or Learning / Visiting Lecturer (part-time) in AI Applications in Media and Creative Industries / Visiting Lecturer (part-time) in Chinese / Visiting Lecturer (part-time) in Chinese Media Studies / Visiting Lecturer (part-time) in Learning Analytics,Senior Lecturer/Lecturer,CPCE,HKCC / SPEED (CPCE),Division of Languages and Communication,,Applications considered from 4 Jun 2026 until filled,TRUE,2026-09-28,,260522-02 to 07 / 260522-02 / 260522-03 / 260522-04 / 260522-05 / 260522-06 / 260522-07,Part-time,,,https://jas.cpce-polyu.edu.hk/detail?id=1882
CPCE-1881,Senior Lecturer / Lecturer in Division of Business and Hospitality Management,Senior Lecturer/Lecturer,CPCE,HKCC / SPEED (CPCE),Division of Business and Hospitality Management,,Applications considered from 5 Jun 2026 until filled,TRUE,2026-09-28,,260522-01,Full-time,,,https://jas.cpce-polyu.edu.hk/detail?id=1881
CPCE-1840,Principal Lecturer in Bilingual Studies and Communication / Chinese / English,Senior Lecturer/Lecturer,CPCE,HKCC / SPEED (CPCE),Division of Languages and Communication,,Applications considered from 15 May 2026 until filled,TRUE,2026-09-28,,260430-01,Full-time,Attractive remuneration package,,https://jas.cpce-polyu.edu.hk/detail?id=1840
CPCE-1821,Visiting Lecturer (part-time) in Arts Management (Art Business/ Cultural Policy/ Curatorial Practice) / Visiting Lecturer (part-time) in Design (Media Design/ Interaction Design/ System Design) / Visiting Lecturer (part-time) in Cultural Studies (Digital Media Culture/ Digital Storytelling),Senior Lecturer/Lecturer,CPCE,HKCC / SPEED (CPCE),"Division of Social Sciences, Humanities and Design",,Applications considered from 8 May 2026 until filled,TRUE,2026-09-28,,260424-02 / 260424-03 / 260424-04,Part-time,,,https://jas.cpce-polyu.edu.hk/detail?id=1821
CPCE-2140,Marketing and Communications Officer / Assistant Marketing and Communications Officer,Non-Academic,CPCE,HKCC / SPEED (CPCE),CPCE Marketing and Communications Office,,Applications considered from 25 Sep 2026 until filled,FALSE,2026-09-12,,260911-01,Full-time,,,https://jas.cpce-polyu.edu.hk/detail?id=2140
CPCE-1980,Information Technology Officer (E-learning),Non-Academic,CPCE,HKCC / SPEED (CPCE),CPCE Information Technology Unit,,Applications considered from 10 Jul 2026 until filled,TRUE,2026-09-28,,260626-02,Full-time,An attractive remuneration package will be offered,,https://jas.cpce-polyu.edu.hk/detail?id=1980
CPCE-1880,Academic Affairs Officer,Non-Academic,CPCE,HKCC / SPEED (CPCE),CPCE Academic Registry,,Applications considered from 29 May 2026 until filled,TRUE,2026-09-28,,260522-10,Full-time,,,https://jas.cpce-polyu.edu.hk/detail?id=1880
CPCE-2164,Administrative Assistant I/II (part-time),Non-Academic,CPCE,HKCC / SPEED (CPCE),CPCE Student Affairs Office,,Applications considered from 12 Oct 2026 until filled,FALSE,2026-09-26,,260925-05,Part-time,,,https://jas.cpce-polyu.edu.hk/detail?id=2164
CPCE-2080,Administrative Assistant I/II,Non-Academic,CPCE,HKCC / SPEED (CPCE),CPCE Academic Registry,,Applications considered from 7 Aug 2026 until filled,FALSE,2026-08-01,,260731-02,Full-time,,,https://jas.cpce-polyu.edu.hk/detail?id=2080
CPCE-1962,Library Assistant I/II,Other,CPCE,HKCC / SPEED (CPCE),CPCE Library,,Applications considered from 3 Jul 2026 until filled,TRUE,2026-09-28,,260618-03,Full-time,,,https://jas.cpce-polyu.edu.hk/detail?id=1962
CPCE-1961,Assistant Information Technology Officer,Non-Academic,CPCE,HKCC / SPEED (CPCE),CPCE Library,,Applications considered from 3 Jul 2026 until filled,TRUE,2026-09-28,,260618-02,Full-time,Attractive remuneration package,,https://jas.cpce-polyu.edu.hk/detail?id=1961
CPCE-1940,Assistant Administrative Officer,Non-Academic,CPCE,HKCC / SPEED (CPCE),CPCE Library,,Applications considered from 26 Jun 2026 until filled,TRUE,2026-09-28,,260612-02,Full-time,An attractive remuneration package will be offered,,https://jas.cpce-polyu.edu.hk/detail?id=1940
CPCE-1862,Library Assistant I/II (part-time),Other,CPCE,HKCC / SPEED (CPCE),CPCE Library,,Applications considered from 29 May 2026 until filled,TRUE,2026-09-28,,260515-03,Part-time,An attractive remuneration rate will be offered.,,https://jas.cpce-polyu.edu.hk/detail?id=1862
CPCE-1861,Administrative Assistant I/II (part-time),Non-Academic,CPCE,HKCC / SPEED (CPCE),"Division of Social Sciences, Humanities and Design",,Applications considered from 29 May 2026 until filled,TRUE,2026-09-28,,260515-02,Part-time,An attractive remuneration rate will be offered.,,https://jas.cpce-polyu.edu.hk/detail?id=1861
CPCE-1822,Administrative Assistant I (part-time),Non-Academic,CPCE,HKCC / SPEED (CPCE),CPCE Academic Registry,,Applications considered from 30 Apr 2026 until filled,TRUE,2026-09-28,,260424-05,Part-time,An attractive remuneration rate will be offered.,,https://jas.cpce-polyu.edu.hk/detail?id=1822
CPCE-2161,Research Assistant,Research Assistant/Associate,CPCE,HKCC / SPEED (CPCE),School of Professional Education and Executive Development,,Applications considered from 9 Oct 2026 until filled,FALSE,2026-09-26,,260925-02,Full-time,,,https://jas.cpce-polyu.edu.hk/detail?id=2161
CPCE-2160,Research Assistant,Research Assistant/Associate,CPCE,HKCC / SPEED (CPCE),School of Professional Education and Executive Development,,Applications considered from 2 Oct 2026 until filled,FALSE,2026-09-26,,260925-01,Full-time,,,https://jas.cpce-polyu.edu.hk/detail?id=2160
CPCE-2120,Project Assistant,Non-Academic,CPCE,HKCC / SPEED (CPCE),School of Professional Education and Executive Development,,Applications considered from 4 Sep 2026 until filled,FALSE,2026-08-22,,260821-02,Full-time,,,https://jas.cpce-polyu.edu.hk/detail?id=2120
CPCE-2122,Research Assistant,Research Assistant/Associate,CPCE,HKCC / SPEED (CPCE),School of Professional Education and Executive Development,,Applications considered from 28 Aug 2026 until filled,FALSE,2026-08-22,,260821-01,Full-time,,,https://jas.cpce-polyu.edu.hk/detail?id=2122
CPCE-2100,Research Assistant,Research Assistant/Associate,CPCE,HKCC / SPEED (CPCE),School of Professional Education and Executive Development,,Applications considered from 21 Aug 2026 until filled,FALSE,2026-08-15,,260814-01,Full-time,,,https://jas.cpce-polyu.edu.hk/detail?id=2100
CPCE-2061,Research Assistant,Research Assistant/Associate,CPCE,HKCC / SPEED (CPCE),School of Professional Education and Executive Development,,Applications considered from 31 Jul 2026 until filled,FALSE,2026-07-25,,260724-02,Full-time,,,https://jas.cpce-polyu.edu.hk/detail?id=2061
CPCE-2021,Project Assistant,Non-Academic,CPCE,HKCC / SPEED (CPCE),Division of Languages and Communication,,Applications considered from 24 Jul 2026 until filled,FALSE,2026-07-11,,260710-02,Full-time,,,https://jas.cpce-polyu.edu.hk/detail?id=2021
CPCE-2020,Research Assistant,Research Assistant/Associate,CPCE,HKCC / SPEED (CPCE),School of Professional Education and Executive Development,,Applications considered from 24 Jul 2026 until filled,FALSE,2026-07-11,,260710-01,Full-time,,,https://jas.cpce-polyu.edu.hk/detail?id=2020
CPCE-1900,Research Assistant,Research Assistant/Associate,CPCE,HKCC / SPEED (CPCE),School of Professional Education and Executive Development,,Applications considered from 5 Jun 2026 until filled,TRUE,2026-09-28,,260529-01,Full-time,,,https://jas.cpce-polyu.edu.hk/detail?id=1900
HKCHC-2918f0a491,Research Fellow/Research Associate,Postdoctoral,HKCHC,Hong Kong Chu Hai College,Ng Teng Fong․ Sino Group Belt and Road Research Institute,,,FALSE,2026-03-15,,CHC/RMGS/19/001,Full-time,,,https://www.chuhai.edu.hk/en/page/jobs?id=3feba8ec-0307-4709-8c72-bc7c316e63f3#:~:text=Research%20Fellow%2FResearch%20Associate
HKCHC-4d57c6cf64,Assistant/Associate/Full Professor {Open Rank Application for Faculties},Professor,HKCHC,Hong Kong Chu Hai College,Academic,,,FALSE,2026-03-15,,,Full-time,,,https://www.chuhai.edu.hk/en/page/jobs?id=b9f07df8-bc36-430a-91ea-b8f196e36f18#:~:text=Assistant%2FAssociate%2FFull%20Professor%20%7BOpen%20Rank%20Application%20for%20Faculties%7D
HKCHC-2836c345fd,"Head, Department of Civil Engineering",Other,HKCHC,Hong Kong Chu Hai College,Faculty of Science and Engineering,,,FALSE,2026-06-25,,number.,Full-time,,,https://www.chuhai.edu.hk/en/page/jobs?id=b9f07df8-bc36-430a-91ea-b8f196e36f18#:~:text=Head%2C%20Department%20of%20Civil%20Engineering
HKCHC-2c4356813c,"Dean, Faculty of Business",Senior Management,HKCHC,Hong Kong Chu Hai College,Faculty of Business,,,FALSE,2026-05-09,,,Full-time,,,https://www.chuhai.edu.hk/en/page/jobs?id=b9f07df8-bc36-430a-91ea-b8f196e36f18#:~:text=Dean%2C%20Faculty%20of%20Business
HKCHC-0dafa4ae09,"Lecturer, Department of Chinese Literature",Senior Lecturer/Lecturer,HKCHC,Hong Kong Chu Hai College,Department of Chinese Literature,,,FALSE,2026-09-15,,,Full-time,,,https://www.chuhai.edu.hk/en/page/jobs?id=b9f07df8-bc36-430a-91ea-b8f196e36f18#:~:text=Lecturer%2C%20Department%20of%20Chinese%20Literature
THEI-38f76c5fd0,Senior Lecturer / Lecturer (Public Relations and International Events Management),Senior Lecturer/Lecturer,THEI,Technological and Higher Education Institute of Hong Kong,Department of Hospitality and Business Management,,,FALSE,2026-05-14,,DHBM/SL_L(PRIEM_ENG,Full-time,,,https://thei.edu.hk/senior-lecturer-lecturer-public-relations-and-international-events-management/
THEI-fcb99467f3,Part-time Lecturer (Public Relations and International Events Management),Senior Lecturer/Lecturer,THEI,Technological and Higher Education Institute of Hong Kong,Department of Hospitality and Business Management,,,FALSE,2026-05-14,,DHBM/PTL(PRIEM_ENG,Part-time,,,https://thei.edu.hk/part-time-lecturer-public-relations-and-international-events-management/
THEI-01e7a0f575,Programme Leader of the Master of Science in Digital Tourism and Hospitality Management (at Professor / Associate Professor rank),Associate Professor,THEI,Technological and Higher Education Institute of Hong Kong,Department of Hospitality and Business Management,,,FALSE,2026-03-15,,DHBM/PL(MScDTHM)/01/26,Full-time,,,https://thei.edu.hk/programme-leader-of-the-master-of-science-in-digital-tourism-and-hospitality-management-at-professor-associate-professor-rank-ref-o-thei-dhbm-plmscdthm-01-26/
THEI-0d95ee11ff,Professor / Associate Professor,Associate Professor,THEI,Technological and Higher Education Institute of Hong Kong,Department of Digital Innovation and Technology,,,FALSE,2026-03-15,,DDIT/PROFESSORIAL(DDIT)/11/25,Full-time,,,https://thei.edu.hk/professor-associate-professor-ref-o-thei-ddit-professorialddit-11-25/
THEI-1a9554af4c,Professor / Associate Professor,Associate Professor,THEI,Technological and Higher Education Institute of Hong Kong,"Department of Construction, Environment and Engineering",,,FALSE,2026-07-04,,PROFESSORIAL(DCEE)/07/26,Full-time,,,https://thei.edu.hk/professor-associate-professor-dcee-professorial-dcee-07-26/
THEI-416ed50f2f,Professor / Associate Professor,Associate Professor,THEI,Technological and Higher Education Institute of Hong Kong,Department of Hospitality and Business Management,,,FALSE,2026-03-15,,DHBM/PROFESSORIAL(DHBM)/01/26,Full-time,,,https://thei.edu.hk/professor-associate-professor-ref-o-thei-dhbm-professorialdhbm-01-26/
THEI-d279732713,Professor / Associate Professor (Healthcare Management and Advanced Technology),Associate Professor,THEI,Technological and Higher Education Institute of Hong Kong,Department of Food and Health Sciences,,,FALSE,2026-04-28,,DFHS/PROFESSORIAL(HCM,Full-time,,,https://thei.edu.hk/professor-associate-professor-healthcare-management-and-advanced-technology/
THEI-9f3c3ae6e5,Professor / Associate Professor / Assistant Professor (Master of Science in Digital Tourism and Hospitality Management),Associate Professor,THEI,Technological and Higher Education Institute of Hong Kong,Department of Hospitality and Business Management,,,FALSE,2026-04-28,,DHBM/PROFESSORIAL(MScDTHM)/04/26,Full-time,,,https://thei.edu.hk/professor-associate-professor-assistant-professor-master-of-science-in-digital-tourism-and-hospitality-management/
THEI-d48aa5765d,Senior Lecturer (Master of Science in Digital Tourism and Hospitality Management),Senior Lecturer/Lecturer,THEI,Technological and Higher Education Institute of Hong Kong,Department of Hospitality and Business Management,,,FALSE,2026-04-28,,DHBM/SL(MScDTHM)/04/26,Full-time,,,https://thei.edu.hk/senior-lecturer-master-of-science-in-digital-tourism-and-hospitality-management/
THEI-d48adb65dd,Professor / Associate Professor,Associate Professor,THEI,Technological and Higher Education Institute of Hong Kong,Department of Sport and Recreation,,,FALSE,2026-05-29,,DSR/PROFESSORIAL/05/26,Full-time,,,https://thei.edu.hk/professor-associate-professor-ref-no-dsr-professorial-05-26/
THEI-5c8b16fec3,Senior Lecturer (Master of Science in Organisation of Sports Event),Senior Lecturer/Lecturer,THEI,Technological and Higher Education Institute of Hong Kong,Department of Sport and Recreation,,,FALSE,2026-06-06,,DSR/SL(MScOSE)/06/26,Full-time,,,https://thei.edu.hk/senior-lecturer-master-of-science-in-organisation-of-sports-event-ref-no-dsr-sl-mscose-06-26/
THEI-640dcca288,Professor / Associate Professor (Music Technology),Associate Professor,THEI,Technological and Higher Education Institute of Hong Kong,Department of Digital Innovation and Technology,,,FALSE,2026-06-11,,DDIT/PROFESSORIAL(MT)/06/26,Full-time,,,https://thei.edu.hk/professor-associate-professor-music-technology-06-26/
THEI-cb34522ab0,Senior Lecturer / Lecturer (Music Technology),Senior Lecturer/Lecturer,THEI,Technological and Higher Education Institute of Hong Kong,Department of Digital Innovation and Technology,,,FALSE,2026-06-11,,DDIT/SL_L(MT)/06/26,Full-time,,,https://thei.edu.hk/sl_l_music-technology-06-26/
THEI-7dfb9a2421,Senior Lecturer / Lecturer (Surveying),Senior Lecturer/Lecturer,THEI,Technological and Higher Education Institute of Hong Kong,Department of Design and Architecture,,,FALSE,2026-07-04,,DDA/SL_L(SUR)/06/26,Full-time,,,https://thei.edu.hk/senior-lecturer-lecturer-surveying-06-26/
THEI-5ad287e60d,Human Resources Officer,Non-Academic,THEI,Technological and Higher Education Institute of Hong Kong,Human Resources Office,,,FALSE,2026-06-27,,HRO/HRO/06/26,Full-time,,,https://thei.edu.hk/human-resources-officer-ref-o-thei-hro-hro-06-26/
THEI-468de4bbce,Officer,Non-Academic,THEI,Technological and Higher Education Institute of Hong Kong,President’s Office,,,FALSE,2026-03-15,,PO/OFF/01/26,Full-time,,,https://thei.edu.hk/officer-ref-o-thei-po-off-01-26/
THEI-15c0b19b0f,Executive Assistant II,Non-Academic,THEI,Technological and Higher Education Institute of Hong Kong,President’s Office,,,FALSE,2026-03-18,,PO/EAII/03/26,Full-time,,,https://thei.edu.hk/executive-assistant-ii-2-po-eaii-03-26/
THEI-f4d9581a18,Executive Assistant I,Non-Academic,THEI,Technological and Higher Education Institute of Hong Kong,Human Resources Office,,,FALSE,2026-06-30,,HRO/EAI/06/26,Full-time,,,https://thei.edu.hk/executive-assistant-i-ref-no-hro-eai-06-26/
THEI-HRO,Executive Assistant II,Non-Academic,THEI,Technological and Higher Education Institute of Hong Kong,Human Resources Office,,,FALSE,2026-03-15,,HRO,Full-time,,,https://thei.edu.hk/executive-assistant-ii-ref-o-thei-hro-eaii-06-26/
THEI-5b1ddc5562,Academic Services Officer,Non-Academic,THEI,Technological and Higher Education Institute of Hong Kong,Registry,,,FALSE,2026-03-15,,REG/ASO/03/26,Full-time,,,https://thei.edu.hk/academic-services-officer-aso-reg-03-26/
THEI-98bc92470d,Executive Assistant I,Non-Academic,THEI,Technological and Higher Education Institute of Hong Kong,Registry,,,FALSE,2026-03-15,,REG/EAI/03/26,Full-time,,,https://thei.edu.hk/executive-assistant-i-reg-eai-03-26/
THEI-271c26b54b,Manager,Non-Academic,THEI,Technological and Higher Education Institute of Hong Kong,President’s Office,,,FALSE,2026-05-27,,PO/MGR(SOFF)/05/26,Full-time,,,https://thei.edu.hk/manager-ref-o-thei-po-soff-01-26/
THEI-FO,Accounting Supervisor,Non-Academic,THEI,Technological and Higher Education Institute of Hong Kong,Finance Office,,,FALSE,2026-03-19,,FO,Full-time,,,https://thei.edu.hk/executive-assistant-i/
THEI-66a9079fe5,Officer (Partnership Engagement),Non-Academic,THEI,Technological and Higher Education Institute of Hong Kong,President’s Office,,,FALSE,2026-04-10,,PO/OFF(PE)/04/26,Full-time,,,https://thei.edu.hk/officer-partnership-engagement-ref-po-offpe-04-26/
THEI-d89aa07f63,Internal Audit Officer,Non-Academic,THEI,Technological and Higher Education Institute of Hong Kong,Internal Audit Office,,,FALSE,2026-05-22,,IAO/IAO/05/26,Full-time,,,https://thei.edu.hk/internal-audit-officer-05-26/
